ID,Dispositivo,Marca,Modelo,Tipo,Componente_Fallido,Error_Especifico,Diagnostico,Severidad,Solucion_Recomendada,Estado,Costo_Estimado_USD,Tiempo_Reparacion_Horas
1,Laptop,Acer,Predator Helios 16,Económica,Pantalla,"Pantalla táctil con calibración desviada, toques imprecisos","Fallo en sistema de visualización. Pantalla táctil con calibración desviada, toques imprecisos. Verificar cable flex y controlador de backlight.",Baja,Calibrar pantalla y actualizar driver de vídeo. Ajustar perfil de color.,Reparable,313.05,2.9
2,Laptop,Huawei,MateBook X Pro,2 en 1,RAM,Error MEMORY_READ_EXCEPTION en tareas pesadas,Diagnóstico general: Error MEMORY_READ_EXCEPTION en tareas pesadas. Se requiere revisión técnica especializada.,Alta,Reemplazar módulo RAM dañado. Probar con módulo nuevo en slot afectado.,Reparable,119.96,8.4
3,Laptop,ASUS,VivoBook 15,Económica,Puertos,"Puerto de audio con estática, jack dañado","Problema de sonido. Puerto de audio con estática, jack dañado. Probar con auriculares para descartar altavoces.",Baja,Usar puerto alternativo. Monitorear funcionamiento del puerto afectado.,En diagnóstico,155.06,1.7
4,Laptop,Apple,MacBook Pro 13 M2,Gaming,Disco Duro/SSD,"Sistema no arranca, sector de arranque dañado en disco","Diagnóstico general: Sistema no arranca, sector de arranque dañado en disco. Se requiere revisión técnica especializada.",Media,Ejecutar CHKDSK y reparación de sectores. Monitorear SMART diariamente.,Reparable,99.97,8.0
5,Laptop,ASUS,ROG Strix G16,Workstation,Teclado,"Teclado retroiluminado no enciende, LED defectuoso","Teclado dañado. Teclado retroiluminado no enciende, LED defectuoso. Si es por líquido, evaluar limpieza ultrasonido o reemplazo.",Media,Limpiar contacto de teclas afectadas. Verificar flex de conexión.,Garantía vigente,133.03,7.0
6,Tablet,Apple,iPad Pro 11 M2,Gaming,BIOS,Error de checksum en BIOS al arrancar,Fallo en firmware BIOS. Error de checksum en BIOS al arrancar. Se recomienda reemplazo de chip BIOS.,Media,Reset de CMOS y reconfiguración de BIOS. Actualizar a última versión estable.,Garantía vigente,143.72,6.2
7,Laptop,Toshiba,Satellite Pro R50,2 en 1,Batería,Error de comunicación entre batería y ACPI,Fallo en sistema de alimentación por batería. Error de comunicación entre batería y ACPI. Reemplazo de batería necesario.,Alta,Reemplazar batería con original de fabricante. No usar baterías genéricas.,Requiere reemplazo de componente,142.3,5.3
8,Tablet,Samsung,Galaxy Tab S9 FE,2 en 1,Pantalla,"Flex de pantalla dañado, imagen intermitente","Problema de display detectado. Flex de pantalla dañado, imagen intermitente. Evaluar reemplazo de panel o componentes asociados.",Baja,Calibrar pantalla y actualizar driver de vídeo. Ajustar perfil de color.,En diagnóstico,269.93,0.8
9,Tablet,Huawei,MatePad T10,Estándar,Puertos,"Múltiples puertos USB no funcionan, hub interno dañado","Diagnóstico: Puerto defectuoso. Múltiples puertos USB no funcionan, hub interno dañado. Inspeccionar pines y soldaduras con lupa.",Baja,Usar puerto alternativo. Monitorear funcionamiento del puerto afectado.,Garantía vigente,160.53,1.3
10,Laptop,Dell,Alienware m16,Económica,GPU,"Error CODE 43 en GPU, Windows deshabilitó el dispositivo","Fallo en procesador gráfico. Error CODE 43 en GPU, Windows deshabilitó el dispositivo. Verificar temperatura y reflow si es BGA.",Media,Reinstalar drivers con DDU. Verificar temperatura y ventilación de GPU.,Garantía vigente,526.71,3.5
11,Laptop,Samsung,Galaxy Book Go,2 en 1,Pantalla,"Pantalla con imagen residual, burn-in en panel OLED","Display con defecto. Pantalla con imagen residual, burn-in en panel OLED. Reemplazo de panel recomendado si costo es viable.",Media,Reemplazar cable flex o inverter. Verificar conexión al motherboard.,Reparable,327.99,5.9
12,Tablet,Xiaomi,Pad 6 Pro,Económica,BIOS,"Actualización de BIOS fallida, sistema no arranca","Problema de configuración BIOS. Actualización de BIOS fallida, sistema no arranca. Solución: Reset de configuración y actualización de firmware.",Baja,Actualizar BIOS a la última versión disponible. Reemplazar batería CMOS si es necesario.,En diagnóstico,68.88,2.5
13,Tablet,Huawei,MatePad Paper,Estándar,Disco Duro/SSD,"SSD con error de sobretemperatura, throttle de escritura","Diagnóstico general: SSD con error de sobretemperatura, throttle de escritura. Se requiere revisión técnica especializada.",Media,Ejecutar CHKDSK y reparación de sectores. Monitorear SMART diariamente.,Garantía vigente,128.89,7.4
14,Laptop,Dell,Precision 5680,Premium,Puertos,"Puerto HDMI no da señal de video, pin dañado","Diagnóstico general: Puerto HDMI no da señal de video, pin dañado. Se requiere revisión técnica especializada.",Baja,Usar puerto alternativo. Monitorear funcionamiento del puerto afectado.,En diagnóstico,96.32,3.1
15,Computadora,Dell,G5 Gaming Desktop,Mini PC,Batería,Batería no detectada por el sistema operativo,Batería degradada. Batería no detectada por el sistema operativo. Verificar con diagnóstico de fabricante.,Crítica,Retirar batería inmediatamente por seguridad (inflamación). Usar solo con cargador.,Fuera de servicio,104.02,8.8
16,Computadora,ASUS,ROG Strix G10,All-in-One,GPU,"Error CODE 43 en GPU, Windows deshabilitó el dispositivo","Diagnóstico: Tarjeta gráfica defectuosa. Error CODE 43 en GPU, Windows deshabilitó el dispositivo. Testear con FurMark para reproducir fallo.",Alta,Reflow o reball de GPU. Reemplazar pasta térmica. Verificar alimentación.,En diagnóstico,319.24,4.7
17,Laptop,Huawei,MateBook X Pro,Gaming,BIOS,Temperatura CPU no reportada correctamente por BIOS,Problema de configuración BIOS. Temperatura CPU no reportada correctamente por BIOS. Solución: Reset de configuración y actualización de firmware.,Baja,Actualizar BIOS a la última versión disponible. Reemplazar batería CMOS si es necesario.,En diagnóstico,67.23,3.6
18,Laptop,ASUS,ZenBook Pro 16,Gaming,Motherboard,BIOS chip dañado físicamente en la motherboard,Fallo en firmware BIOS. BIOS chip dañado físicamente en la motherboard. Se recomienda reemplazo de chip BIOS.,Crítica,Reemplazo de placa madre. Evaluar costo vs equipo nuevo. Rescatar componentes reutilizables.,En diagnóstico,162.85,20.8
19,Tablet,Lenovo,Tab P11 Pro,Estándar,Batería,Batería no suministra energía suficiente bajo carga,Fallo en sistema de alimentación por batería. Batería no suministra energía suficiente bajo carga. Reemplazo de batería necesario.,Alta,Reemplazar batería con original de fabricante. No usar baterías genéricas.,En diagnóstico,75.91,23.9
20,Computadora,Apple,iMac 24 M3,SFF,Batería,"Batería no carga, indica 0% permanentemente","Batería degradada. Batería no carga, indica 0% permanentemente. Verificar con diagnóstico de fabricante.",Alta,Reemplazar batería con original de fabricante. No usar baterías genéricas.,Requiere reemplazo de componente,30.94,11.1
21,Computadora,Apple,Mac Studio M2 Max,SFF,Teclado,"Tecla se queda presionada, contacto pegajoso","Diagnóstico general: Tecla se queda presionada, contacto pegajoso. Se requiere revisión técnica especializada.",Media,Limpiar contacto de teclas afectadas. Verificar flex de conexión.,Garantía vigente,138.05,5.4
22,Computadora,Apple,Mac Studio M2 Max,Torre,BIOS,BIOS legacy no soporta arranque UEFI,Se requiere flashear la BIOS para restaurar funcionalidad. BIOS legacy no soporta arranque UEFI,Crítica,"Retroflash de BIOS con programador externo SPI. Si no es posible, reemplazo de placa madre.",En diagnóstico,149.99,37.1
23,Tablet,Apple,iPad Air M2,Profesional,Motherboard,"Puerto de carga dañado, motherboard no recibe energía","Fallo en placa madre. Puerto de carga dañado, motherboard no recibe energía. Evaluar viabilidad de reparación vs reemplazo.",Baja,Limpieza profunda y rethermal. Verificar conexiones y reseat de componentes.,Reparable,127.69,0.5
24,Laptop,Toshiba,Satellite Pro R50,2 en 1,RAM,Memoria insufficient al abrir aplicaciones pesadas,Diagnóstico general: Memoria insufficient al abrir aplicaciones pesadas. Se requiere revisión técnica especializada.,Media,Limpiar contactos con alcohol isopropílico. Reubicar módulos en slots diferentes.,Reparable,71.06,2.6
25,Computadora,Acer,Veriton X2680G,SFF,Audio,"Micrófono no funciona, jack de audio dañado","Fallo en sistema de audio. Micrófono no funciona, jack de audio dañado. Verificar controlador y hardware.",Media,Limpiar jack de audio. Verificar configuración de dispositivos de sonido.,Garantía vigente,112.78,1.8
26,Computadora,MSI,Aegis RS 13th,Mini PC,Pantalla,"Pantalla con color amarillento, perfil de color corrupto","Problema de display detectado. Pantalla con color amarillento, perfil de color corrupto. Evaluar reemplazo de panel o componentes asociados.",Media,Reemplazar cable flex o inverter. Verificar conexión al motherboard.,Garantía vigente,61.16,4.5
27,Computadora,Lenovo,IdeaCentre AIO 3,Micro,Disco Duro/SSD,SMART warning: Reallocated Sector Count excedido,Diagnóstico general: SMART warning: Reallocated Sector Count excedido. Se requiere revisión técnica especializada.,Baja,Ejecutar optimización de disco. Liberar espacio en SSD para mejorar rendimiento.,Reparable,163.13,3.8
28,Computadora,Dell,Vostro 3710,All-in-One,Motherboard,"Keyboard controller dañado, teclado no responde","Diagnóstico: Teclado defectuoso. Keyboard controller dañado, teclado no responde. Reemplazo del conjunto recomendado.",Alta,Reparación especializada de microsoldadura. Reemplazar componentes SMD dañados.,Requiere reemplazo de componente,459.96,17.8
29,Computadora,Lenovo,ThinkCentre M70q,Torre,Disco Duro/SSD,Disco con Bad Blocks en zona crítica del sistema,Diagnóstico general: Disco con Bad Blocks en zona crítica del sistema. Se requiere revisión técnica especializada.,Alta,Respaldar datos y reemplazar disco. Ejecutar recuperación con herramientas especializadas.,En diagnóstico,134.08,9.4
30,Computadora,Apple,Mac mini M2,Gaming,Motherboard,"Motherboard no reconoce batería, circuito de carga roto","Motherboard con daño eléctrico. Motherboard no reconoce batería, circuito de carga roto. Inspeccionar con microscopio y multímetro.",Baja,Limpieza profunda y rethermal. Verificar conexiones y reseat de componentes.,Reparable,227.74,3.6
31,Computadora,ASUS,ROG Strix G35,Micro,Teclado,Tecla espacio no responde en zona central,Diagnóstico general: Tecla espacio no responde en zona central. Se requiere revisión técnica especializada.,Alta,Reemplazar teclado completo. Verificar si hay daño adicional por líquido.,Requiere reemplazo de componente,80.47,15.1
32,Laptop,Huawei,MateBook X Pro,Workstation,BIOS,"BIOS muestra pantalla de error al iniciar, sector de arranque dañado","Fallo en firmware BIOS. BIOS muestra pantalla de error al iniciar, sector de arranque dañado. Se recomienda reemplazo de chip BIOS.",Alta,Flashear BIOS desde USB con método de recuperación del fabricante. Verificar versión actual.,Reparable,118.53,21.6
33,Computadora,Lenovo,ThinkStation P350,Micro,Motherboard,BIOS chip dañado físicamente en la motherboard,Problema de configuración BIOS. BIOS chip dañado físicamente en la motherboard. Solución: Reset de configuración y actualización de firmware.,Baja,Limpieza profunda y rethermal. Verificar conexiones y reseat de componentes.,Garantía vigente,255.89,1.6
34,Laptop,MSI,Katana 15,Económica,Ventilación,"Sistema se apaga por protección térmica, ventilación insuficiente","Diagnóstico: Sobrecalentamiento. Sistema se apaga por protección térmica, ventilación insuficiente. Verificar ventilador y reemplazar si es necesario.",Baja,Limpieza preventiva y monitoreo de temperaturas. Ajustar curva de ventilador.,Reparable,54.52,2.0
35,Computadora,ASUS,ProArt Station PD5,SFF,Teclado,"Tecla Enter no funciona, membrana dañada","Diagnóstico general: Tecla Enter no funciona, membrana dañada. Se requiere revisión técnica especializada.",Baja,Limpiar tecla específica o reemplazar keycap. Verificar configuración de idioma.,Reparable,70.22,1.2
36,Laptop,Samsung,Galaxy Book2 Pro,Workstation,Batería,"Laptop se apaga al desconectar el cargador, batería muerta","Fallo en sistema de alimentación por batería. Laptop se apaga al desconectar el cargador, batería muerta. Reemplazo de batería necesario.",Crítica,Retirar batería inmediatamente por seguridad (inflamación). Usar solo con cargador.,Requiere reemplazo de componente,83.85,48.0
37,Laptop,MSI,Raider GE78,Ultrabook,Ventilación,"Heat pipe dañado, calor no se disipa correctamente","Diagnóstico general: Heat pipe dañado, calor no se disipa correctamente. Se requiere revisión técnica especializada.",Alta,Limpiar obstrucciones y reaplicar pasta térmica. Verificar heat pipes.,Requiere reemplazo de componente,61.62,21.4
38,Laptop,ASUS,ROG Strix G16,Ultrabook,Puertos,"Puerto HDMI no da señal de video, pin dañado","Diagnóstico general: Puerto HDMI no da señal de video, pin dañado. Se requiere revisión técnica especializada.",Crítica,Reemplazo de placa de puertos o motherboard. Daño irreparable en múltiples puertos.,Requiere reemplazo de componente,102.35,26.0
39,Laptop,Samsung,Galaxy Book2 360,Empresarial,Motherboard,"Puertos USB traseros no funcionan, controlador I/O dañado","Puerto de E/S dañado. Puertos USB traseros no funcionan, controlador I/O dañado. Evaluar reparación o uso de adaptadores alternativos.",Baja,Limpieza profunda y rethermal. Verificar conexiones y reseat de componentes.,Reparable,287.64,1.9
40,Laptop,Dell,Inspiron 16 5000,Workstation,Disco Duro/SSD,"SSD no detectado en BIOS, controlador NVMe dañado","Error de inicialización de BIOS detectado. SSD no detectado en BIOS, controlador NVMe dañado. Verificar batería CMOS y versión de firmware.",Crítica,Clonar disco inmediatamente si es posible. Reemplazo urgente de unidad. Recuperación de datos profesional.,Fuera de servicio,218.69,22.8
41,Tablet,ASUS,Chromebook Detachable CZ1,Estándar,Ventilación,"Ventilador siempre al 100%, sensor de temperatura defectuoso","Diagnóstico general: Ventilador siempre al 100%, sensor de temperatura defectuoso. Se requiere revisión técnica especializada.",Media,Limpieza de polvo con aire comprimido. Verificar RPM del ventilador.,Reparable,48.77,2.5
42,Laptop,Apple,MacBook Air M3,Económica,Ventilación,"Ventilador hace ruido excesivo, rodamiento dañado","Diagnóstico general: Ventilador hace ruido excesivo, rodamiento dañado. Se requiere revisión técnica especializada.",Baja,Limpieza preventiva y monitoreo de temperaturas. Ajustar curva de ventilador.,En diagnóstico,78.96,0.8
43,Laptop,ASUS,ExpertBook B5,Chromebook,GPU,"Error CODE 43 en GPU, Windows deshabilitó el dispositivo","Problema de vídeo por GPU. Error CODE 43 en GPU, Windows deshabilitó el dispositivo. Verificar alimentación PCIe y conectores de poder.",Alta,Reflow o reball de GPU. Reemplazar pasta térmica. Verificar alimentación.,En diagnóstico,484.94,3.1
44,Computadora,MSI,Modern AM241,Workstation,RAM,"Beep code 2 pitidos, error de parity check en RAM","Fallo de memoria detectado. Beep code 2 pitidos, error de parity check en RAM. Se recomienda reemplazar módulo defectuoso.",Media,Limpiar contactos con alcohol isopropílico. Reubicar módulos en slots diferentes.,En diagnóstico,84.68,6.8
45,Laptop,Dell,Latitude 5540,Premium,Disco Duro/SSD,"Disco se desconecta aleatoriamente, cable SATA defectuoso","Diagnóstico general: Disco se desconecta aleatoriamente, cable SATA defectuoso. Se requiere revisión técnica especializada.",Crítica,Clonar disco inmediatamente si es posible. Reemplazo urgente de unidad. Recuperación de datos profesional.,En diagnóstico,40.3,5.5
46,Tablet,Xiaomi,Pad 5,2 en 1,RAM,Sistema operativo reporta memoria reservada excesiva,Diagnóstico general: Sistema operativo reporta memoria reservada excesiva. Se requiere revisión técnica especializada.,Baja,Ejecutar diagnóstico de memoria extendido. Monitorear en próximos días.,Garantía vigente,100.49,0.7
47,Computadora,Dell,Alienware Aurora R16,Torre,GPU,"GPU con throttling térmico severo, rendimiento reducido","GPU con errores. GPU con throttling térmico severo, rendimiento reducido. Probar con drivers limpios usando DDU.",Crítica,"Reemplazo de GPU dedicada. Si es integrada, reemplazo de motherboard.",Requiere reemplazo de componente,590.27,13.4
48,Tablet,Samsung,Galaxy Tab S9 Ultra,Educacional,Disco Duro/SSD,"SSD con error de sobretemperatura, throttle de escritura","Diagnóstico general: SSD con error de sobretemperatura, throttle de escritura. Se requiere revisión técnica especializada.",Media,Ejecutar CHKDSK y reparación de sectores. Monitorear SMART diariamente.,Reparable,46.0,2.8
49,Tablet,Amazon,Fire 7,Económica,Ventilación,"Ventilador siempre al 100%, sensor de temperatura defectuoso","Diagnóstico general: Ventilador siempre al 100%, sensor de temperatura defectuoso. Se requiere revisión técnica especializada.",Alta,Limpiar obstrucciones y reaplicar pasta térmica. Verificar heat pipes.,Reparable,44.98,11.2
50,Laptop,Apple,MacBook Air M2,Chromebook,Pantalla,"Pantalla con manchas oscuras, daño por presión","Display con defecto. Pantalla con manchas oscuras, daño por presión. Reemplazo de panel recomendado si costo es viable.",Alta,Reemplazar panel o componente de backlight. Cotizar reparación vs equipo nuevo.,Requiere reemplazo de componente,205.81,17.8
51,Laptop,Lenovo,IdeaPad 5 Pro,Empresarial,Disco Duro/SSD,"SSD M.2 no hace contacto, slot dañado","Diagnóstico general: SSD M.2 no hace contacto, slot dañado. Se requiere revisión técnica especializada.",Baja,Ejecutar optimización de disco. Liberar espacio en SSD para mejorar rendimiento.,Reparable,94.81,1.4
52,Tablet,Lenovo,Tab P11 Pro,Estándar,Fuente de Poder,"Voltaje de 5V fuera de especificación, USB inestable","Diagnóstico general: Voltaje de 5V fuera de especificación, USB inestable. Se requiere revisión técnica especializada.",Baja,Monitorear voltajes. Considerar reemplazo preventivo.,En diagnóstico,42.87,2.0
53,Computadora,Gigabyte,B550 Vision D,All-in-One,RAM,Pantalla azul MEMORY_MANAGEMENT al usar múltiples aplicaciones,Problema de display detectado. Pantalla azul MEMORY_MANAGEMENT al usar múltiples aplicaciones. Evaluar reemplazo de panel o componentes asociados.,Crítica,Reemplazo inmediato de módulo RAM defectuoso. Verificar compatibilidad con placa madre.,En diagnóstico,62.66,40.7
54,Tablet,Amazon,Fire HD 10,eReader,Puertos,"Puerto Thunderbolt no funciona, controlador dañado","Diagnóstico general: Puerto Thunderbolt no funciona, controlador dañado. Se requiere revisión técnica especializada.",Baja,Usar puerto alternativo. Monitorear funcionamiento del puerto afectado.,Garantía vigente,160.25,3.1
55,Laptop,ASUS,VivoBook 15,Premium,Motherboard,"Power button connector suelto, motherboard no arranca","Diagnóstico: Motherboard defectuosa. Power button connector suelto, motherboard no arranca. Verificar todas las pistas y componentes SMD.",Crítica,Reemplazo de placa madre. Evaluar costo vs equipo nuevo. Rescatar componentes reutilizables.,En diagnóstico,379.75,40.1
56,Computadora,ASUS,ExpertCenter D5,Servidor,Disco Duro/SSD,Error INACCESSIBLE_BOOT_DEVICE al iniciar Windows,Diagnóstico general: Error INACCESSIBLE_BOOT_DEVICE al iniciar Windows. Se requiere revisión técnica especializada.,Alta,Respaldar datos y reemplazar disco. Ejecutar recuperación con herramientas especializadas.,Requiere reemplazo de componente,175.25,16.1
57,Laptop,Samsung,Galaxy Book Go,2 en 1,Disco Duro/SSD,"SSD con vida útil agotada, escrituras fallidas","Diagnóstico general: SSD con vida útil agotada, escrituras fallidas. Se requiere revisión técnica especializada.",Media,Ejecutar CHKDSK y reparación de sectores. Monitorear SMART diariamente.,Reparable,126.75,7.3
58,Tablet,Microsoft,Surface Pro 9,2 en 1,Motherboard,"Filtro de EMI dañado, interferencia en audio/video","Fallo en sistema de audio. Filtro de EMI dañado, interferencia en audio/video. Verificar controlador y hardware.",Baja,Limpieza profunda y rethermal. Verificar conexiones y reseat de componentes.,En diagnóstico,262.92,2.9
59,Tablet,Lenovo,Tab P12 Pro,Económica,BIOS,"BIOS muestra pantalla de error al iniciar, sector de arranque dañado","Fallo en firmware BIOS. BIOS muestra pantalla de error al iniciar, sector de arranque dañado. Se recomienda reemplazo de chip BIOS.",Media,Reset de CMOS y reconfiguración de BIOS. Actualizar a última versión estable.,En diagnóstico,137.76,3.3
60,Computadora,HP,EliteDesk 800 G8,Workstation,Conectividad,"WiFi no enciende, switch físico o función FN dañada","Diagnóstico general: WiFi no enciende, switch físico o función FN dañada. Se requiere revisión técnica especializada.",Crítica,"Reemplazo de módulo WiFi/Bluetooth. Si es integrado, usar adaptador USB.",En diagnóstico,92.82,40.9
61,Computadora,Custom/Genérica,PC Gaming RTX 4070,Torre,Disco Duro/SSD,"Disco con latencia alta, sectores lentos detectados","Diagnóstico general: Disco con latencia alta, sectores lentos detectados. Se requiere revisión técnica especializada.",Crítica,Clonar disco inmediatamente si es posible. Reemplazo urgente de unidad. Recuperación de datos profesional.,Fuera de servicio,205.18,33.9
62,Laptop,Apple,MacBook Air M3,Económica,RAM,Sistema se congela al consumir más del 75% de RAM,Fallo de memoria detectado. Sistema se congela al consumir más del 75% de RAM. Se recomienda reemplazar módulo defectuoso.,Baja,Ejecutar diagnóstico de memoria extendido. Monitorear en próximos días.,Garantía vigente,59.34,2.1
63,Laptop,Apple,MacBook Pro 14 M3,Premium,Ventilación,"Heat pipe dañado, calor no se disipa correctamente","Diagnóstico general: Heat pipe dañado, calor no se disipa correctamente. Se requiere revisión técnica especializada.",Baja,Limpieza preventiva y monitoreo de temperaturas. Ajustar curva de ventilador.,Reparable,74.54,2.0
64,Laptop,Huawei,MateBook 14s,Empresarial,Disco Duro/SSD,"Disco duro externo no monta, controlador USB-SATA fallido","Diagnóstico general: Disco duro externo no monta, controlador USB-SATA fallido. Se requiere revisión técnica especializada.",Baja,Ejecutar optimización de disco. Liberar espacio en SSD para mejorar rendimiento.,Garantía vigente,243.9,1.0
65,Laptop,Samsung,Galaxy Book3 Ultra,Premium,Motherboard,Conector de pantalla dañado en motherboard de laptop,Fallo en placa madre. Conector de pantalla dañado en motherboard de laptop. Evaluar viabilidad de reparación vs reemplazo.,Alta,Reparación especializada de microsoldadura. Reemplazar componentes SMD dañados.,Requiere reemplazo de componente,388.99,22.1
66,Laptop,Huawei,MateBook E Go,Workstation,GPU,GPU no detectada en Administrador de dispositivos,Diagnóstico: Tarjeta gráfica defectuosa. GPU no detectada en Administrador de dispositivos. Testear con FurMark para reproducir fallo.,Media,Reinstalar drivers con DDU. Verificar temperatura y ventilación de GPU.,Reparable,317.9,4.2
67,Tablet,Amazon,Fire HD 10,Gaming,Fuente de Poder,"Olor a quemado desde la fuente, componente quemado","Diagnóstico general: Olor a quemado desde la fuente, componente quemado. Se requiere revisión técnica especializada.",Alta,Reemplazar fuente con certificación adecuada. Verificar potencia necesaria.,En diagnóstico,102.11,9.8
68,Laptop,Lenovo,ThinkPad T14,Workstation,RAM,"RAM sobrecalentada, thermal throttling frecuente","Inestabilidad por RAM defectuosa. RAM sobrecalentada, thermal throttling frecuente. Probar módulos individualmente para aislar el dañado.",Media,Limpiar contactos con alcohol isopropílico. Reubicar módulos en slots diferentes.,En diagnóstico,95.18,1.9
69,Laptop,ASUS,ZenBook 14,Workstation,Teclado,"Tecla Enter no funciona, membrana dañada","Diagnóstico general: Tecla Enter no funciona, membrana dañada. Se requiere revisión técnica especializada.",Baja,Limpiar tecla específica o reemplazar keycap. Verificar configuración de idioma.,En diagnóstico,120.39,2.7
70,Laptop,Dell,Vostro 3520,Gaming,Puertos,"Puerto de carga suelto, conexión intermitente","Diagnóstico general: Puerto de carga suelto, conexión intermitente. Se requiere revisión técnica especializada.",Alta,Reparar soldadura de puerto dañado. Usar adaptador temporal mientras se repara.,En diagnóstico,194.91,6.0
71,Computadora,HP,EliteDesk 800 G8,SFF,Disco Duro/SSD,"Pantalla azul UNMOUNTABLE_BOOT_VOLUME, disco corrupto","Display con defecto. Pantalla azul UNMOUNTABLE_BOOT_VOLUME, disco corrupto. Reemplazo de panel recomendado si costo es viable.",Crítica,Clonar disco inmediatamente si es posible. Reemplazo urgente de unidad. Recuperación de datos profesional.,Requiere reemplazo de componente,67.35,37.1
72,Laptop,Samsung,Galaxy Book3 Ultra,Chromebook,Motherboard,"VRM de motherboard sobrecalentado, throttling severo","Componente de motherboard dañado. VRM de motherboard sobrecalentado, throttling severo. Se requiere microsoldadura especializada.",Alta,Reparación especializada de microsoldadura. Reemplazar componentes SMD dañados.,Requiere reemplazo de componente,258.64,13.1
73,Laptop,Toshiba,Dynabook E10,Empresarial,Disco Duro/SSD,Disco con Bad Blocks en zona crítica del sistema,Diagnóstico general: Disco con Bad Blocks en zona crítica del sistema. Se requiere revisión técnica especializada.,Media,Ejecutar CHKDSK y reparación de sectores. Monitorear SMART diariamente.,Garantía vigente,134.3,6.8
74,Laptop,ASUS,ROG Zephyrus G14,Ultrabook,Sistema Operativo,Sistema operativo no encuentra boot manager,Diagnóstico general: Sistema operativo no encuentra boot manager. Se requiere revisión técnica especializada.,Media,Restaurar sistema a punto anterior. Eliminar software problemático.,En diagnóstico,10.23,7.1
75,Tablet,Xiaomi,Pad 6,Profesional,RAM,"SODIMM RAM con pines dañados, contacto intermitente","Diagnóstico: Memoria RAM con errores. SODIMM RAM con pines dañados, contacto intermitente. Ejecutar MemTest86 para confirmar sector dañado.",Crítica,Reemplazo inmediato de módulo RAM defectuoso. Verificar compatibilidad con placa madre.,Requiere reemplazo de componente,83.27,26.2
76,Laptop,Lenovo,IdeaPad Gaming 3,Premium,Conectividad,"Interferencia WiFi por tarjeta gráfica, antena mal posicionada","Diagnóstico general: Interferencia WiFi por tarjeta gráfica, antena mal posicionada. Se requiere revisión técnica especializada.",Media,Actualizar drivers y firmware. Verificar configuración de red.,Garantía vigente,63.5,7.0
77,Tablet,Xiaomi,Pad 5 Pro 5G,Gaming,Disco Duro/SSD,SMART warning: Reallocated Sector Count excedido,Diagnóstico general: SMART warning: Reallocated Sector Count excedido. Se requiere revisión técnica especializada.,Alta,Respaldar datos y reemplazar disco. Ejecutar recuperación con herramientas especializadas.,Requiere reemplazo de componente,205.92,17.0
78,Computadora,Acer,Predator Orion 3000,Torre,BIOS,BIOS bloqueada con contraseña desconocida,Fallo en firmware BIOS. BIOS bloqueada con contraseña desconocida. Se recomienda reemplazo de chip BIOS.,Alta,Flashear BIOS desde USB con método de recuperación del fabricante. Verificar versión actual.,En diagnóstico,111.96,8.7
79,Laptop,Toshiba,Tecra A50,Empresarial,Puertos,"Puerto Thunderbolt no funciona, controlador dañado","Diagnóstico general: Puerto Thunderbolt no funciona, controlador dañado. Se requiere revisión técnica especializada.",Crítica,Reemplazo de placa de puertos o motherboard. Daño irreparable en múltiples puertos.,Requiere reemplazo de componente,112.19,14.9
80,Laptop,Acer,Aspire 7,Gaming,BIOS,Voltaje de RAM configurado incorrectamente en BIOS,Fallo en firmware BIOS. Voltaje de RAM configurado incorrectamente en BIOS. Se recomienda reemplazo de chip BIOS.,Alta,Flashear BIOS desde USB con método de recuperación del fabricante. Verificar versión actual.,Reparable,30.75,19.3
81,Laptop,MSI,Prestige 14,Económica,RAM,"Fallo en test de memoria Windows, errores detectados","Diagnóstico general: Fallo en test de memoria Windows, errores detectados. Se requiere revisión técnica especializada.",Alta,Reemplazar módulo RAM dañado. Probar con módulo nuevo en slot afectado.,En diagnóstico,56.58,11.3
82,Laptop,Samsung,Galaxy Book3 Ultra,Workstation,GPU,"Pantalla azul VIDEO_TDR_FAILURE, GPU dedicada fallida","Display con defecto. Pantalla azul VIDEO_TDR_FAILURE, GPU dedicada fallida. Reemplazo de panel recomendado si costo es viable.",Media,Reinstalar drivers con DDU. Verificar temperatura y ventilación de GPU.,En diagnóstico,116.79,4.9
83,Laptop,ASUS,ZenBook Pro 16,Económica,Fuente de Poder,"Voltaje inestable en riel de 12V, componentes fallan","Diagnóstico general: Voltaje inestable en riel de 12V, componentes fallan. Se requiere revisión técnica especializada.",Alta,Reemplazar fuente con certificación adecuada. Verificar potencia necesaria.,Requiere reemplazo de componente,37.83,11.1
84,Laptop,Dell,Inspiron 15 3000,Chromebook,RAM,RAM no se inicializa al arrancar en frío,Diagnóstico: Memoria RAM con errores. RAM no se inicializa al arrancar en frío. Ejecutar MemTest86 para confirmar sector dañado.,Baja,Ejecutar diagnóstico de memoria extendido. Monitorear en próximos días.,Reparable,63.39,3.7
85,Tablet,Huawei,MatePad T10,Estándar,Sistema Operativo,"Windows Update en bucle, descarga infinita","Diagnóstico general: Windows Update en bucle, descarga infinita. Se requiere revisión técnica especializada.",Media,Restaurar sistema a punto anterior. Eliminar software problemático.,Reparable,21.1,4.8
86,Laptop,Samsung,Galaxy Book3 Ultra,Económica,Puertos,"Puerto SD card no lee tarjetas, slot dañado","Diagnóstico general: Puerto SD card no lee tarjetas, slot dañado. Se requiere revisión técnica especializada.",Alta,Reparar soldadura de puerto dañado. Usar adaptador temporal mientras se repara.,Reparable,113.94,7.8
87,Laptop,Lenovo,ThinkPad E14,Económica,Disco Duro/SSD,Error de formato al intentar reparar disco,Diagnóstico general: Error de formato al intentar reparar disco. Se requiere revisión técnica especializada.,Alta,Respaldar datos y reemplazar disco. Ejecutar recuperación con herramientas especializadas.,Requiere reemplazo de componente,61.19,18.6
88,Laptop,Acer,Predator Helios 16,2 en 1,Batería,"Batería inflada, deformación visible del chasis","Fallo en sistema de alimentación por batería. Batería inflada, deformación visible del chasis. Reemplazo de batería necesario.",Baja,Reemplazar batería cuando sea conveniente. Funciona con limitaciones.,Garantía vigente,145.51,3.1
89,Computadora,Huawei,MateStation X,Workstation,Motherboard,"Placa no detecta disco SATA, controlador dañado","Diagnóstico general: Placa no detecta disco SATA, controlador dañado. Se requiere revisión técnica especializada.",Crítica,Reemplazo de placa madre. Evaluar costo vs equipo nuevo. Rescatar componentes reutilizables.,Requiere reemplazo de componente,246.39,8.3
90,Tablet,Samsung,Galaxy Tab S7 FE,Educacional,Puertos,"Puerto de carga suelto, conexión intermitente","Diagnóstico general: Puerto de carga suelto, conexión intermitente. Se requiere revisión técnica especializada.",Media,Limpiar puerto con aire comprimido. Verificar drivers del controlador USB.,Garantía vigente,151.81,4.1
91,Computadora,Dell,OptiPlex 5090,Workstation,BIOS,BIOS no detecta tarjeta gráfica dedicada,Fallo en firmware BIOS. BIOS no detecta tarjeta gráfica dedicada. Se recomienda reemplazo de chip BIOS.,Alta,Flashear BIOS desde USB con método de recuperación del fabricante. Verificar versión actual.,En diagnóstico,88.64,18.0
92,Computadora,Custom/Genérica,PC Workstation Xeon,Micro,Pantalla,"Pantalla parpadea constantemente, inverter defectuoso","Problema de display detectado. Pantalla parpadea constantemente, inverter defectuoso. Evaluar reemplazo de panel o componentes asociados.",Media,Reemplazar cable flex o inverter. Verificar conexión al motherboard.,En diagnóstico,187.35,4.7
93,Laptop,MSI,Raider GE78,Ultrabook,Motherboard,"Placa madre no enciende, sin luz de power","Diagnóstico general: Placa madre no enciende, sin luz de power. Se requiere revisión técnica especializada.",Crítica,Reemplazo de placa madre. Evaluar costo vs equipo nuevo. Rescatar componentes reutilizables.,En diagnóstico,153.29,21.8
94,Computadora,Huawei,MateStation S,Micro,RAM,Sistema operativo reporta memoria reservada excesiva,Diagnóstico general: Sistema operativo reporta memoria reservada excesiva. Se requiere revisión técnica especializada.,Crítica,Reemplazo inmediato de módulo RAM defectuoso. Verificar compatibilidad con placa madre.,En diagnóstico,75.43,39.8
95,Computadora,MSI,Modern AM241,SFF,Teclado,"Tecla Enter no funciona, membrana dañada","Diagnóstico general: Tecla Enter no funciona, membrana dañada. Se requiere revisión técnica especializada.",Baja,Limpiar tecla específica o reemplazar keycap. Verificar configuración de idioma.,En diagnóstico,142.0,3.1
96,Laptop,Lenovo,ThinkPad T14,Económica,RAM,"Sistema lento, RAM al 100% con pocas aplicaciones abiertas","Fallo de memoria detectado. Sistema lento, RAM al 100% con pocas aplicaciones abiertas. Se recomienda reemplazar módulo defectuoso.",Alta,Reemplazar módulo RAM dañado. Probar con módulo nuevo en slot afectado.,Reparable,89.08,23.5
97,Tablet,Huawei,MatePad 11.5 S,Educacional,Ventilación,"Ventilador siempre al 100%, sensor de temperatura defectuoso","Diagnóstico general: Ventilador siempre al 100%, sensor de temperatura defectuoso. Se requiere revisión técnica especializada.",Alta,Limpiar obstrucciones y reaplicar pasta térmica. Verificar heat pipes.,Reparable,50.99,22.2
98,Laptop,Samsung,Galaxy Book3 Ultra,Workstation,Motherboard,"Motherboard no reconoce batería, circuito de carga roto","Fallo en placa madre. Motherboard no reconoce batería, circuito de carga roto. Evaluar viabilidad de reparación vs reemplazo.",Alta,Reparación especializada de microsoldadura. Reemplazar componentes SMD dañados.,Requiere reemplazo de componente,313.14,20.9
99,Laptop,ASUS,ZenBook Pro 16,Workstation,Disco Duro/SSD,"Disco duro hace clic repetitivo, fallo mecánico inminente","Diagnóstico general: Disco duro hace clic repetitivo, fallo mecánico inminente. Se requiere revisión técnica especializada.",Baja,Ejecutar optimización de disco. Liberar espacio en SSD para mejorar rendimiento.,Reparable,122.15,2.4
100,Computadora,MSI,Modern AM241,Gaming,Batería,Batería se calienta excesivamente durante la carga,Diagnóstico: Batería defectuosa. Batería se calienta excesivamente durante la carga. Reemplazar con batería original certificada.,Baja,Reemplazar batería cuando sea conveniente. Funciona con limitaciones.,Garantía vigente,121.97,2.6
101,Tablet,Samsung,Galaxy Tab S9 Ultra,2 en 1,Pantalla,"Pantalla con dead zones, zonas que no responden al tacto","Diagnóstico: Panel o componentes de pantalla dañados. Pantalla con dead zones, zonas que no responden al tacto. Probar con monitor externo para descartar GPU.",Media,Reemplazar cable flex o inverter. Verificar conexión al motherboard.,En diagnóstico,95.27,4.5
102,Computadora,Gigabyte,B550 Vision D,Torre,Audio,"Latencia alta en audio, DPC latency excesiva","Problema de sonido. Latencia alta en audio, DPC latency excesiva. Probar con auriculares para descartar altavoces.",Baja,Actualizar drivers de audio. Verificar configuración de volumen y dispositivos.,Reparable,95.89,0.7
103,Tablet,Samsung,Galaxy Tab S6 Lite,Estándar,RAM,"Beep code 2 pitidos, error de parity check en RAM","Fallo de memoria detectado. Beep code 2 pitidos, error de parity check en RAM. Se recomienda reemplazar módulo defectuoso.",Baja,Ejecutar diagnóstico de memoria extendido. Monitorear en próximos días.,Reparable,63.25,4.0
104,Computadora,Huawei,MateStation X,Gaming,Motherboard,"Southbridge dañado, puertos SATA no responden","Fallo en conectividad de puertos. Southbridge dañado, puertos SATA no responden. Verificar controlador I/O y soldaduras.",Media,Reparar pista o componente específico. Verificar todos los circuitos de alimentación.,Reparable,266.41,2.1
105,Laptop,Toshiba,Tecra A50,Empresarial,Motherboard,"Motherboard con condensadores inflados, inestabilidad","Componente de motherboard dañado. Motherboard con condensadores inflados, inestabilidad. Se requiere microsoldadura especializada.",Baja,Limpieza profunda y rethermal. Verificar conexiones y reseat de componentes.,Reparable,471.06,1.3
106,Computadora,Custom/Genérica,PC Workstation Xeon,Mini PC,Sistema Operativo,"Windows no arranca, BCD corrupto","Diagnóstico general: Windows no arranca, BCD corrupto. Se requiere revisión técnica especializada.",Media,Restaurar sistema a punto anterior. Eliminar software problemático.,Reparable,11.17,5.4
107,Laptop,Huawei,MateBook X Pro,Premium,Pantalla,"Pantalla con bandas de color, conexión LVDS dañada","Fallo en sistema de visualización. Pantalla con bandas de color, conexión LVDS dañada. Verificar cable flex y controlador de backlight.",Media,Reemplazar cable flex o inverter. Verificar conexión al motherboard.,Garantía vigente,145.72,5.1
108,Computadora,Huawei,MateStation B515,Micro,RAM,"Pitidos continuos al encender, módulo RAM defectuoso","Problema de memoria. Pitidos continuos al encender, módulo RAM defectuoso. Revisar slots y limpieza de contactos con alcohol isopropílico.",Alta,Reemplazar módulo RAM dañado. Probar con módulo nuevo en slot afectado.,Requiere reemplazo de componente,31.77,23.4
109,Tablet,Microsoft,Surface Pro 9,Económica,Batería,"Batería no carga, indica 0% permanentemente","Fallo en sistema de alimentación por batería. Batería no carga, indica 0% permanentemente. Reemplazo de batería necesario.",Media,Calibrar batería siguiendo procedimiento del fabricante. Verificar ciclo de carga.,En diagnóstico,111.59,3.4
110,Laptop,HP,Omen 16,Económica,BIOS,BIOS legacy no soporta arranque UEFI,Error de inicialización de BIOS detectado. BIOS legacy no soporta arranque UEFI. Verificar batería CMOS y versión de firmware.,Media,Reset de CMOS y reconfiguración de BIOS. Actualizar a última versión estable.,Reparable,147.81,5.2
111,Laptop,Apple,MacBook Pro 13 M2,Empresarial,Fuente de Poder,"Voltaje inestable en riel de 12V, componentes fallan","Diagnóstico general: Voltaje inestable en riel de 12V, componentes fallan. Se requiere revisión técnica especializada.",Baja,Monitorear voltajes. Considerar reemplazo preventivo.,Reparable,36.92,1.5
112,Laptop,Samsung,Galaxy Book3 Ultra,Chromebook,Pantalla,"Pantalla con artefactos coloridos, GPU o panel defectuoso","Fallo en sistema de visualización. Pantalla con artefactos coloridos, GPU o panel defectuoso. Verificar cable flex y controlador de backlight.",Media,Reemplazar cable flex o inverter. Verificar conexión al motherboard.,Reparable,89.72,3.8
113,Computadora,Apple,iMac 24 M3,Micro,Motherboard,Motherboard con corrosión por líquido derramado,Diagnóstico: Memoria RAM con errores. Motherboard con corrosión por líquido derramado. Ejecutar MemTest86 para confirmar sector dañado.,Alta,Reparación especializada de microsoldadura. Reemplazar componentes SMD dañados.,Requiere reemplazo de componente,262.99,5.3
114,Computadora,HP,ProDesk 400 G7,Mini PC,Motherboard,Motherboard con corrosión por líquido derramado,Error de memoria RAM. Motherboard con corrosión por líquido derramado. Verificar compatibilidad y velocidad de módulos.,Alta,Reparación especializada de microsoldadura. Reemplazar componentes SMD dañados.,Requiere reemplazo de componente,100.33,16.5
115,Laptop,Lenovo,IdeaPad Gaming 3,Workstation,Ventilación,"Sistema hace throttle térmico, disipador obstruido","Diagnóstico general: Sistema hace throttle térmico, disipador obstruido. Se requiere revisión técnica especializada.",Media,Limpieza de polvo con aire comprimido. Verificar RPM del ventilador.,En diagnóstico,75.57,5.1
116,Computadora,Lenovo,ThinkStation P350,Servidor,Motherboard,BIOS chip dañado físicamente en la motherboard,Se requiere flashear la BIOS para restaurar funcionalidad. BIOS chip dañado físicamente en la motherboard,Alta,Reparación especializada de microsoldadura. Reemplazar componentes SMD dañados.,Reparable,357.86,4.7
117,Computadora,Lenovo,IdeaCentre Gaming 5,Mini PC,RAM,"Fallo en test de memoria Windows, errores detectados","Diagnóstico general: Fallo en test de memoria Windows, errores detectados. Se requiere revisión técnica especializada.",Media,Limpiar contactos con alcohol isopropílico. Reubicar módulos en slots diferentes.,En diagnóstico,87.96,2.1
118,Computadora,Lenovo,Legion Tower 7i,Servidor,BIOS,"Boot device not found, BIOS no lista ningún dispositivo arrancable","Error de inicialización de BIOS detectado. Boot device not found, BIOS no lista ningún dispositivo arrancable. Verificar batería CMOS y versión de firmware.",Media,Reset de CMOS y reconfiguración de BIOS. Actualizar a última versión estable.,Garantía vigente,144.15,3.7
119,Tablet,Lenovo,Tab M11,Económica,Disco Duro/SSD,"Sistema no arranca, sector de arranque dañado en disco","Diagnóstico general: Sistema no arranca, sector de arranque dañado en disco. Se requiere revisión técnica especializada.",Media,Ejecutar CHKDSK y reparación de sectores. Monitorear SMART diariamente.,En diagnóstico,116.58,6.7
120,Laptop,Huawei,MateBook X Pro,Empresarial,Motherboard,"Power button connector suelto, motherboard no arranca","Componente de motherboard dañado. Power button connector suelto, motherboard no arranca. Se requiere microsoldadura especializada.",Media,Reparar pista o componente específico. Verificar todos los circuitos de alimentación.,Reparable,138.52,5.3
121,Laptop,Dell,Precision 5680,Ultrabook,Pantalla,"Pantalla con manchas oscuras, daño por presión","Display con defecto. Pantalla con manchas oscuras, daño por presión. Reemplazo de panel recomendado si costo es viable.",Media,Reemplazar cable flex o inverter. Verificar conexión al motherboard.,En diagnóstico,220.67,4.1
122,Laptop,Toshiba,Satellite Pro R50,Económica,Pantalla,"Pantalla con bandas de color, conexión LVDS dañada","Problema de display detectado. Pantalla con bandas de color, conexión LVDS dañada. Evaluar reemplazo de panel o componentes asociados.",Baja,Calibrar pantalla y actualizar driver de vídeo. Ajustar perfil de color.,En diagnóstico,344.12,3.3
123,Tablet,Microsoft,Surface Pro 9,Económica,Teclado,"Tecla se queda presionada, contacto pegajoso","Diagnóstico general: Tecla se queda presionada, contacto pegajoso. Se requiere revisión técnica especializada.",Baja,Limpiar tecla específica o reemplazar keycap. Verificar configuración de idioma.,En diagnóstico,36.11,1.9
124,Computadora,Gigabyte,Aero D1 Desktop,Servidor,Puertos,"Puerto de carga suelto, conexión intermitente","Diagnóstico general: Puerto de carga suelto, conexión intermitente. Se requiere revisión técnica especializada.",Alta,Reparar soldadura de puerto dañado. Usar adaptador temporal mientras se repara.,En diagnóstico,132.09,10.3
125,Computadora,Custom/Genérica,PC Gamer RTX 3060,All-in-One,Disco Duro/SSD,"SSD con vida útil agotada, escrituras fallidas","Diagnóstico general: SSD con vida útil agotada, escrituras fallidas. Se requiere revisión técnica especializada.",Baja,Ejecutar optimización de disco. Liberar espacio en SSD para mejorar rendimiento.,Reparable,78.97,2.5
126,Laptop,Samsung,Galaxy Book3 Ultra,Ultrabook,Teclado,"Teclado repite caracteres, debounce defectuoso","Diagnóstico: Teclado defectuoso. Teclado repite caracteres, debounce defectuoso. Reemplazo del conjunto recomendado.",Baja,Limpiar tecla específica o reemplazar keycap. Verificar configuración de idioma.,Reparable,93.67,0.7
127,Tablet,Amazon,Fire HD 8,Profesional,Conectividad,"WiFi muestra redes pero no conecta, error de autenticación","Diagnóstico general: WiFi muestra redes pero no conecta, error de autenticación. Se requiere revisión técnica especializada.",Crítica,"Reemplazo de módulo WiFi/Bluetooth. Si es integrado, usar adaptador USB.",Fuera de servicio,70.84,4.2
128,Laptop,Samsung,Galaxy Book2 360,Workstation,Puertos,"Puerto Ethernet no detecta cable, LED no enciende","Diagnóstico general: Puerto Ethernet no detecta cable, LED no enciende. Se requiere revisión técnica especializada.",Alta,Reparar soldadura de puerto dañado. Usar adaptador temporal mientras se repara.,En diagnóstico,46.0,13.0
129,Laptop,Toshiba,Satellite C55,Workstation,Ventilación,"Sistema hace throttle térmico, disipador obstruido","Diagnóstico general: Sistema hace throttle térmico, disipador obstruido. Se requiere revisión técnica especializada.",Baja,Limpieza preventiva y monitoreo de temperaturas. Ajustar curva de ventilador.,En diagnóstico,77.66,0.7
130,Computadora,Custom/Genérica,PC Oficina i5-12400,Micro,RAM,"Sistema lento, RAM al 100% con pocas aplicaciones abiertas","Inestabilidad por RAM defectuosa. Sistema lento, RAM al 100% con pocas aplicaciones abiertas. Probar módulos individualmente para aislar el dañado.",Alta,Reemplazar módulo RAM dañado. Probar con módulo nuevo en slot afectado.,Requiere reemplazo de componente,97.87,23.0
131,Computadora,Acer,Chromebox CXI5,Micro,Motherboard,"VRM de motherboard sobrecalentado, throttling severo","Motherboard con daño eléctrico. VRM de motherboard sobrecalentado, throttling severo. Inspeccionar con microscopio y multímetro.",Baja,Limpieza profunda y rethermal. Verificar conexiones y reseat de componentes.,Reparable,262.23,2.0
132,Computadora,Apple,Mac Pro 2023,Mini PC,Pantalla,"Pantalla con artefactos coloridos, GPU o panel defectuoso","Display con defecto. Pantalla con artefactos coloridos, GPU o panel defectuoso. Reemplazo de panel recomendado si costo es viable.",Media,Reemplazar cable flex o inverter. Verificar conexión al motherboard.,En diagnóstico,299.31,8.0
133,Laptop,HP,Pavilion Gaming 15,2 en 1,BIOS,BIOS bloqueada con contraseña desconocida,Se requiere flashear la BIOS para restaurar funcionalidad. BIOS bloqueada con contraseña desconocida,Crítica,"Retroflash de BIOS con programador externo SPI. Si no es posible, reemplazo de placa madre.",Fuera de servicio,68.68,4.5
134,Tablet,Lenovo,Tab M8,Gaming,RAM,Pantalla azul MEMORY_MANAGEMENT al usar múltiples aplicaciones,Problema de display detectado. Pantalla azul MEMORY_MANAGEMENT al usar múltiples aplicaciones. Evaluar reemplazo de panel o componentes asociados.,Media,Limpiar contactos con alcohol isopropílico. Reubicar módulos en slots diferentes.,Garantía vigente,115.25,5.0
135,Laptop,MSI,GF63 Thin,Económica,Conectividad,"Velocidad WiFi muy lenta, antena interna dañada","Diagnóstico general: Velocidad WiFi muy lenta, antena interna dañada. Se requiere revisión técnica especializada.",Media,Actualizar drivers y firmware. Verificar configuración de red.,Reparable,16.13,4.0
136,Laptop,Lenovo,ThinkPad T14,2 en 1,Motherboard,"Keyboard controller dañado, teclado no responde","Teclado dañado. Keyboard controller dañado, teclado no responde. Si es por líquido, evaluar limpieza ultrasonido o reemplazo.",Crítica,Reemplazo de placa madre. Evaluar costo vs equipo nuevo. Rescatar componentes reutilizables.,En diagnóstico,164.68,17.7
137,Laptop,Acer,Swift 3,Premium,BIOS,BIOS bloqueada con contraseña desconocida,Diagnóstico: Corrupción de BIOS. BIOS bloqueada con contraseña desconocida. Procedimiento: Reflashing con método de recuperación del fabricante.,Alta,Flashear BIOS desde USB con método de recuperación del fabricante. Verificar versión actual.,Requiere reemplazo de componente,71.95,5.1
138,Laptop,MSI,Raider GE78,Premium,Disco Duro/SSD,Disco muestra advertencia de fallo inminente,Diagnóstico general: Disco muestra advertencia de fallo inminente. Se requiere revisión técnica especializada.,Baja,Ejecutar optimización de disco. Liberar espacio en SSD para mejorar rendimiento.,Garantía vigente,181.92,1.8
139,Computadora,Huawei,MateStation X,Mini PC,Sistema Operativo,"Arranque lento, más de 5 minutos para iniciar sesión","Diagnóstico general: Arranque lento, más de 5 minutos para iniciar sesión. Se requiere revisión técnica especializada.",Crítica,Reinstalación limpia del sistema operativo. Backup completo de datos primero.,Requiere reemplazo de componente,44.89,42.2
140,Computadora,MSI,Modern AM241,Torre,Motherboard,"Motherboard con pista dañada, circuito abierto","Diagnóstico: Motherboard defectuosa. Motherboard con pista dañada, circuito abierto. Verificar todas las pistas y componentes SMD.",Crítica,Reemplazo de placa madre. Evaluar costo vs equipo nuevo. Rescatar componentes reutilizables.,Requiere reemplazo de componente,362.02,43.5
141,Tablet,Samsung,Galaxy Tab S6 Lite,Gaming,Batería,"Batería no carga al 100%, se detiene en 80%","Diagnóstico: Batería defectuosa. Batería no carga al 100%, se detiene en 80%. Reemplazar con batería original certificada.",Media,Calibrar batería siguiendo procedimiento del fabricante. Verificar ciclo de carga.,Reparable,131.31,5.2
142,Computadora,Dell,OptiPlex 7090,Workstation,Audio,"Audio con estática y crujidos, DAC defectuoso","Fallo en sistema de audio. Audio con estática y crujidos, DAC defectuoso. Verificar controlador y hardware.",Baja,Actualizar drivers de audio. Verificar configuración de volumen y dispositivos.,Reparable,89.54,3.6
143,Laptop,MSI,GF63 Thin,Gaming,Sistema Operativo,"Windows no arranca, BCD corrupto","Diagnóstico general: Windows no arranca, BCD corrupto. Se requiere revisión técnica especializada.",Alta,Reparación de arranque con herramientas de recuperación. SFC y DISM.,Reparable,45.71,13.1
144,Tablet,Apple,iPad Pro 12.9 M2,Educacional,Audio,"Latencia alta en audio, DPC latency excesiva","Audio no funcional. Latencia alta en audio, DPC latency excesiva. Reinstalar drivers Realtek/AMD y verificar servicios de audio.",Crítica,Reemplazo de codec de audio o usar tarjeta de sonido USB externa.,En diagnóstico,59.04,34.9
145,Computadora,MSI,Modern AM241,Workstation,Puertos,Puertos USB dan descarga estática al conectar,Fallo en conectividad de puertos. Puertos USB dan descarga estática al conectar. Verificar controlador I/O y soldaduras.,Alta,Reparar soldadura de puerto dañado. Usar adaptador temporal mientras se repara.,Requiere reemplazo de componente,116.74,7.4
146,Computadora,Gigabyte,AORUS Model S,All-in-One,Disco Duro/SSD,"SSD con firmware corrupto, no monta partición","Diagnóstico general: SSD con firmware corrupto, no monta partición. Se requiere revisión técnica especializada.",Media,Ejecutar CHKDSK y reparación de sectores. Monitorear SMART diariamente.,Garantía vigente,180.12,7.5
147,Tablet,Xiaomi,Pad 6,Profesional,Disco Duro/SSD,Partición de recuperación inaccesible en disco,Diagnóstico general: Partición de recuperación inaccesible en disco. Se requiere revisión técnica especializada.,Alta,Respaldar datos y reemplazar disco. Ejecutar recuperación con herramientas especializadas.,Reparable,152.89,4.5
148,Tablet,Xiaomi,Pad 6 Pro,Gaming,Batería,Batería no detectada por el sistema operativo,Fallo en sistema de alimentación por batería. Batería no detectada por el sistema operativo. Reemplazo de batería necesario.,Media,Calibrar batería siguiendo procedimiento del fabricante. Verificar ciclo de carga.,Reparable,129.38,5.2
149,Laptop,Acer,Nitro 5,Gaming,GPU,"Pantalla azul VIDEO_TDR_FAILURE, GPU dedicada fallida","Display con defecto. Pantalla azul VIDEO_TDR_FAILURE, GPU dedicada fallida. Reemplazo de panel recomendado si costo es viable.",Baja,Actualizar drivers de GPU. Ajustar configuración de rendimiento.,Garantía vigente,297.06,3.1
150,Computadora,HP,EliteDesk Mini,Mini PC,Conectividad,"Conexión Ethernet limitada a 10Mbps, negociación fallida","Diagnóstico general: Conexión Ethernet limitada a 10Mbps, negociación fallida. Se requiere revisión técnica especializada.",Alta,Reinstalar drivers. Verificar antenas internas. Reemplazar módulo M.2 si aplica.,Requiere reemplazo de componente,88.9,16.1
151,Laptop,ASUS,ROG Zephyrus G14,Premium,GPU,GPU integrada causa parpadeo en pantalla,Problema de display detectado. GPU integrada causa parpadeo en pantalla. Evaluar reemplazo de panel o componentes asociados.,Crítica,"Reemplazo de GPU dedicada. Si es integrada, reemplazo de motherboard.",Requiere reemplazo de componente,129.87,15.5
152,Computadora,HP,Pavilion Desktop,SFF,Sistema Operativo,"Sistema se congela aleatoriamente, conflicto de drivers","Diagnóstico general: Sistema se congela aleatoriamente, conflicto de drivers. Se requiere revisión técnica especializada.",Media,Restaurar sistema a punto anterior. Eliminar software problemático.,Garantía vigente,27.74,3.8
153,Computadora,Gigabyte,B550 Vision D,Micro,Disco Duro/SSD,Disco muestra advertencia de fallo inminente,Diagnóstico general: Disco muestra advertencia de fallo inminente. Se requiere revisión técnica especializada.,Media,Ejecutar CHKDSK y reparación de sectores. Monitorear SMART diariamente.,En diagnóstico,141.67,2.2
154,Laptop,HP,ProBook 450,Ultrabook,Puertos,"Puerto SD card no lee tarjetas, slot dañado","Diagnóstico general: Puerto SD card no lee tarjetas, slot dañado. Se requiere revisión técnica especializada.",Media,Limpiar puerto con aire comprimido. Verificar drivers del controlador USB.,Reparable,58.51,7.0
155,Computadora,Gigabyte,AORUS Model S,Micro,Pantalla,"Flickering solo con batería, regulador de voltaje defectuoso","Diagnóstico: Batería defectuosa. Flickering solo con batería, regulador de voltaje defectuoso. Reemplazar con batería original certificada.",Media,Reemplazar cable flex o inverter. Verificar conexión al motherboard.,Garantía vigente,287.5,4.7
156,Laptop,Toshiba,Satellite Pro R50,Gaming,Pantalla,"Screen tearing constante, VSync no funciona","Diagnóstico general: Screen tearing constante, VSync no funciona. Se requiere revisión técnica especializada.",Media,Reemplazar cable flex o inverter. Verificar conexión al motherboard.,Garantía vigente,155.7,5.5
157,Computadora,Lenovo,IdeaCentre Gaming 5,SFF,RAM,"Beep code 2 pitidos, error de parity check en RAM","Inestabilidad por RAM defectuosa. Beep code 2 pitidos, error de parity check en RAM. Probar módulos individualmente para aislar el dañado.",Media,Limpiar contactos con alcohol isopropílico. Reubicar módulos en slots diferentes.,Reparable,70.22,1.7
158,Computadora,Gigabyte,AORUS Model S,SFF,Ventilación,"Ventilador hace ruido excesivo, rodamiento dañado","Diagnóstico general: Ventilador hace ruido excesivo, rodamiento dañado. Se requiere revisión técnica especializada.",Baja,Limpieza preventiva y monitoreo de temperaturas. Ajustar curva de ventilador.,Reparable,42.88,3.2
159,Computadora,Gigabyte,AORUS Model S,Mini PC,Motherboard,MOSFET de alimentación del CPU quemado en motherboard,Problema en circuito de motherboard. MOSFET de alimentación del CPU quemado en motherboard. Medir voltajes en puntos de test para localizar falla.,Alta,Reparación especializada de microsoldadura. Reemplazar componentes SMD dañados.,Requiere reemplazo de componente,416.52,14.3
160,Computadora,Lenovo,IdeaCentre Gaming 5,Workstation,Motherboard,"Filtro de EMI dañado, interferencia en audio/video","Audio no funcional. Filtro de EMI dañado, interferencia en audio/video. Reinstalar drivers Realtek/AMD y verificar servicios de audio.",Crítica,Reemplazo de placa madre. Evaluar costo vs equipo nuevo. Rescatar componentes reutilizables.,Requiere reemplazo de componente,200.56,27.8
161,Computadora,Huawei,MateStation S,Torre,Sistema Operativo,"Kernel panic en macOS, extensión incompatible","Diagnóstico general: Kernel panic en macOS, extensión incompatible. Se requiere revisión técnica especializada.",Media,Restaurar sistema a punto anterior. Eliminar software problemático.,En diagnóstico,70.06,2.0
162,Computadora,Gigabyte,B550 Vision D,Servidor,RAM,"RAM sobrecalentada, thermal throttling frecuente","Fallo de memoria detectado. RAM sobrecalentada, thermal throttling frecuente. Se recomienda reemplazar módulo defectuoso.",Crítica,Reemplazo inmediato de módulo RAM defectuoso. Verificar compatibilidad con placa madre.,En diagnóstico,78.71,23.0
163,Laptop,Lenovo,IdeaPad 3,Gaming,Conectividad,Módulo WiFi/Bluetooth no detectado en BIOS,Problema de configuración BIOS. Módulo WiFi/Bluetooth no detectado en BIOS. Solución: Reset de configuración y actualización de firmware.,Media,Actualizar drivers y firmware. Verificar configuración de red.,Reparable,62.51,7.9
164,Computadora,Huawei,MateStation X,Gaming,Disco Duro/SSD,"Disco duro no gira, motor spindle fallido","Diagnóstico general: Disco duro no gira, motor spindle fallido. Se requiere revisión técnica especializada.",Baja,Ejecutar optimización de disco. Liberar espacio en SSD para mejorar rendimiento.,Garantía vigente,233.72,1.8
165,Laptop,Samsung,Galaxy Book2 360,2 en 1,Pantalla,"Pantalla con ghosting, retardo de respuesta del panel","Problema de display detectado. Pantalla con ghosting, retardo de respuesta del panel. Evaluar reemplazo de panel o componentes asociados.",Media,Reemplazar cable flex o inverter. Verificar conexión al motherboard.,En diagnóstico,296.85,3.8
166,Computadora,Gigabyte,AORUS Model S,Micro,Disco Duro/SSD,"Ruidos de raspado en disco duro, cabezal dañado","Diagnóstico general: Ruidos de raspado en disco duro, cabezal dañado. Se requiere revisión técnica especializada.",Alta,Respaldar datos y reemplazar disco. Ejecutar recuperación con herramientas especializadas.,Reparable,78.77,14.5
167,Tablet,Amazon,Fire HD 10,Profesional,GPU,"Fan de GPU no gira, temperatura excesiva","Diagnóstico: Tarjeta gráfica defectuosa. Fan de GPU no gira, temperatura excesiva. Testear con FurMark para reproducir fallo.",Baja,Actualizar drivers de GPU. Ajustar configuración de rendimiento.,En diagnóstico,491.27,3.6
168,Tablet,Huawei,MatePad T10,Profesional,Puertos,Puertos USB dan descarga estática al conectar,Fallo en conectividad de puertos. Puertos USB dan descarga estática al conectar. Verificar controlador I/O y soldaduras.,Baja,Usar puerto alternativo. Monitorear funcionamiento del puerto afectado.,Reparable,135.31,2.5
169,Laptop,Toshiba,Portege Z30,Gaming,Pantalla,"Backlight no enciende, pantalla muy oscura","Pantalla defectuosa. Backlight no enciende, pantalla muy oscura. Inspeccionar conexiones y testear con pantalla externa.",Media,Reemplazar cable flex o inverter. Verificar conexión al motherboard.,Garantía vigente,159.8,3.7
170,Laptop,Huawei,MateBook 14s,2 en 1,Motherboard,MOSFET de alimentación del CPU quemado en motherboard,Componente de motherboard dañado. MOSFET de alimentación del CPU quemado en motherboard. Se requiere microsoldadura especializada.,Alta,Reparación especializada de microsoldadura. Reemplazar componentes SMD dañados.,Requiere reemplazo de componente,228.85,19.2
171,Tablet,ASUS,ROG Flow Z13,Educacional,Fuente de Poder,"PC no arranca, protección de sobrecorriente activada","Diagnóstico general: PC no arranca, protección de sobrecorriente activada. Se requiere revisión técnica especializada.",Baja,Monitorear voltajes. Considerar reemplazo preventivo.,Garantía vigente,163.42,0.8
172,Laptop,Dell,Inspiron 15 3000,Chromebook,Disco Duro/SSD,"Disco duro con PCB quemada, no recibe alimentación","Diagnóstico general: Disco duro con PCB quemada, no recibe alimentación. Se requiere revisión técnica especializada.",Crítica,Clonar disco inmediatamente si es posible. Reemplazo urgente de unidad. Recuperación de datos profesional.,Requiere reemplazo de componente,202.09,15.9
173,Computadora,Dell,OptiPlex 7090,Micro,Puertos,"Puerto Thunderbolt no funciona, controlador dañado","Diagnóstico general: Puerto Thunderbolt no funciona, controlador dañado. Se requiere revisión técnica especializada.",Alta,Reparar soldadura de puerto dañado. Usar adaptador temporal mientras se repara.,En diagnóstico,117.61,16.3
174,Computadora,HP,ProDesk 400 G7,Workstation,RAM,Memoria insufficient al abrir aplicaciones pesadas,Diagnóstico general: Memoria insufficient al abrir aplicaciones pesadas. Se requiere revisión técnica especializada.,Crítica,Reemplazo inmediato de módulo RAM defectuoso. Verificar compatibilidad con placa madre.,En diagnóstico,70.62,41.8
175,Laptop,Toshiba,Dynabook E10,Empresarial,GPU,"Rayos y artefactos en pantalla al iniciar juegos, GPU dañada","Problema de display detectado. Rayos y artefactos en pantalla al iniciar juegos, GPU dañada. Evaluar reemplazo de panel o componentes asociados.",Media,Reinstalar drivers con DDU. Verificar temperatura y ventilación de GPU.,Reparable,542.15,1.3
176,Computadora,Lenovo,ThinkStation P350,Mini PC,Motherboard,BIOS chip dañado físicamente en la motherboard,Se requiere flashear la BIOS para restaurar funcionalidad. BIOS chip dañado físicamente en la motherboard,Media,Reparar pista o componente específico. Verificar todos los circuitos de alimentación.,Garantía vigente,316.89,5.7
177,Tablet,ASUS,ROG Flow Z13,eReader,Motherboard,"No hay vídeo, GPU integrada de motherboard fallida","Diagnóstico: Motherboard defectuosa. No hay vídeo, GPU integrada de motherboard fallida. Verificar todas las pistas y componentes SMD.",Media,Reparar pista o componente específico. Verificar todos los circuitos de alimentación.,Reparable,278.47,2.2
178,Computadora,Custom/Genérica,PC Oficina i5-12400,Micro,Teclado,"Tecla se queda presionada, contacto pegajoso","Diagnóstico general: Tecla se queda presionada, contacto pegajoso. Se requiere revisión técnica especializada.",Baja,Limpiar tecla específica o reemplazar keycap. Verificar configuración de idioma.,En diagnóstico,105.47,3.9
179,Tablet,Amazon,Fire HD 8,Estándar,Ventilación,"Sistema se apaga por protección térmica, ventilación insuficiente","Fallo en sistema térmico. Sistema se apaga por protección térmica, ventilación insuficiente. Limpiar obstrucciones y verificar RPM del ventilador.",Baja,Limpieza preventiva y monitoreo de temperaturas. Ajustar curva de ventilador.,Reparable,57.65,1.5
180,Computadora,Huawei,MateStation B515,Gaming,Batería,Error de comunicación entre batería y ACPI,Diagnóstico: Batería defectuosa. Error de comunicación entre batería y ACPI. Reemplazar con batería original certificada.,Alta,Reemplazar batería con original de fabricante. No usar baterías genéricas.,En diagnóstico,82.73,19.1
181,Tablet,ASUS,ROG Flow Z13,Educacional,RAM,"Beep code 2 pitidos, error de parity check en RAM","Problema de memoria. Beep code 2 pitidos, error de parity check en RAM. Revisar slots y limpieza de contactos con alcohol isopropílico.",Alta,Reemplazar módulo RAM dañado. Probar con módulo nuevo en slot afectado.,Requiere reemplazo de componente,118.34,13.4
182,Laptop,Samsung,Galaxy Book2 Pro,Workstation,Disco Duro/SSD,"Disco lento, tiempos de lectura excesivos y errores SMART","Diagnóstico general: Disco lento, tiempos de lectura excesivos y errores SMART. Se requiere revisión técnica especializada.",Alta,Respaldar datos y reemplazar disco. Ejecutar recuperación con herramientas especializadas.,Requiere reemplazo de componente,154.39,4.2
183,Computadora,Apple,iMac 24 M3,SFF,Batería,Sistema entra en hibernación repentino por batería,Problema de energía de batería. Sistema entra en hibernación repentino por batería. Evaluar seguridad de uso continuo.,Alta,Reemplazar batería con original de fabricante. No usar baterías genéricas.,En diagnóstico,52.15,5.6
184,Laptop,HP,Pavilion 15,Chromebook,Conectividad,"WiFi muestra redes pero no conecta, error de autenticación","Diagnóstico general: WiFi muestra redes pero no conecta, error de autenticación. Se requiere revisión técnica especializada.",Alta,Reinstalar drivers. Verificar antenas internas. Reemplazar módulo M.2 si aplica.,Requiere reemplazo de componente,76.76,4.6
185,Tablet,Amazon,Fire HD 10,Educacional,Disco Duro/SSD,"Ruidos de raspado en disco duro, cabezal dañado","Diagnóstico general: Ruidos de raspado en disco duro, cabezal dañado. Se requiere revisión técnica especializada.",Media,Ejecutar CHKDSK y reparación de sectores. Monitorear SMART diariamente.,En diagnóstico,200.82,4.6
186,Computadora,Huawei,MateStation X,Servidor,GPU,"Fan de GPU no gira, temperatura excesiva","GPU con errores. Fan de GPU no gira, temperatura excesiva. Probar con drivers limpios usando DDU.",Media,Reinstalar drivers con DDU. Verificar temperatura y ventilación de GPU.,Reparable,307.13,4.8
187,Tablet,Huawei,MatePad Paper,Profesional,Ventilación,"Ventilador siempre al 100%, sensor de temperatura defectuoso","Diagnóstico general: Ventilador siempre al 100%, sensor de temperatura defectuoso. Se requiere revisión técnica especializada.",Baja,Limpieza preventiva y monitoreo de temperaturas. Ajustar curva de ventilador.,Garantía vigente,16.03,3.5
188,Tablet,Lenovo,Tab P11 Pro,2 en 1,Puertos,"Puerto HDMI no da señal de video, pin dañado","Diagnóstico general: Puerto HDMI no da señal de video, pin dañado. Se requiere revisión técnica especializada.",Baja,Usar puerto alternativo. Monitorear funcionamiento del puerto afectado.,Reparable,129.5,1.3
189,Computadora,Dell,Vostro 3710,Mini PC,Pantalla,"Pantalla táctil con calibración desviada, toques imprecisos","Diagnóstico: Panel o componentes de pantalla dañados. Pantalla táctil con calibración desviada, toques imprecisos. Probar con monitor externo para descartar GPU.",Baja,Calibrar pantalla y actualizar driver de vídeo. Ajustar perfil de color.,En diagnóstico,143.29,3.6
190,Computadora,Custom/Genérica,PC Economica Ryzen 5,Mini PC,Motherboard,"Southbridge dañado, puertos SATA no responden","Puerto de E/S dañado. Southbridge dañado, puertos SATA no responden. Evaluar reparación o uso de adaptadores alternativos.",Media,Reparar pista o componente específico. Verificar todos los circuitos de alimentación.,En diagnóstico,165.14,1.9
191,Computadora,Apple,Mac mini M2,Gaming,Pantalla,"Pantalla táctil con calibración desviada, toques imprecisos","Display con defecto. Pantalla táctil con calibración desviada, toques imprecisos. Reemplazo de panel recomendado si costo es viable.",Media,Reemplazar cable flex o inverter. Verificar conexión al motherboard.,En diagnóstico,180.78,3.3
192,Laptop,ASUS,ROG Strix G16,Chromebook,Audio,"Latencia alta en audio, DPC latency excesiva","Problema de sonido. Latencia alta en audio, DPC latency excesiva. Probar con auriculares para descartar altavoces.",Alta,Reinstalar drivers de audio. Verificar jack de audio con multímetro.,En diagnóstico,22.56,16.2
193,Computadora,ASUS,ROG Strix G35,Workstation,Disco Duro/SSD,"Disco duro con sectores dañados, CHKDSK reporta errores","Diagnóstico general: Disco duro con sectores dañados, CHKDSK reporta errores. Se requiere revisión técnica especializada.",Alta,Respaldar datos y reemplazar disco. Ejecutar recuperación con herramientas especializadas.,Reparable,179.83,18.4
194,Laptop,HP,Pavilion 15,Económica,Pantalla,"Pantalla parpadea constantemente, inverter defectuoso","Problema de display detectado. Pantalla parpadea constantemente, inverter defectuoso. Evaluar reemplazo de panel o componentes asociados.",Media,Reemplazar cable flex o inverter. Verificar conexión al motherboard.,Garantía vigente,63.23,1.6
195,Laptop,Dell,XPS 13,Económica,Disco Duro/SSD,"Disco duro externo no monta, controlador USB-SATA fallido","Diagnóstico general: Disco duro externo no monta, controlador USB-SATA fallido. Se requiere revisión técnica especializada.",Crítica,Clonar disco inmediatamente si es posible. Reemplazo urgente de unidad. Recuperación de datos profesional.,Requiere reemplazo de componente,195.2,45.4
196,Tablet,Samsung,Galaxy Tab S9,Educacional,Puertos,"Puerto Thunderbolt no funciona, controlador dañado","Diagnóstico general: Puerto Thunderbolt no funciona, controlador dañado. Se requiere revisión técnica especializada.",Alta,Reparar soldadura de puerto dañado. Usar adaptador temporal mientras se repara.,Reparable,159.19,17.8
197,Computadora,Apple,iMac 24 M3,Workstation,BIOS,"Actualización de BIOS fallida, sistema no arranca","Problema de configuración BIOS. Actualización de BIOS fallida, sistema no arranca. Solución: Reset de configuración y actualización de firmware.",Media,Reset de CMOS y reconfiguración de BIOS. Actualizar a última versión estable.,Reparable,96.74,4.3
198,Laptop,HP,Spectre x360,Ultrabook,GPU,"Fan de GPU no gira, temperatura excesiva","GPU fallida. Fan de GPU no gira, temperatura excesiva. Si es integrada, motherboard necesita reemplazo.",Media,Reinstalar drivers con DDU. Verificar temperatura y ventilación de GPU.,Reparable,474.78,4.2
199,Laptop,Samsung,Galaxy Book Go,Chromebook,RAM,RAM causa corrupción de archivos en disco,Diagnóstico: Memoria RAM con errores. RAM causa corrupción de archivos en disco. Ejecutar MemTest86 para confirmar sector dañado.,Media,Limpiar contactos con alcohol isopropílico. Reubicar módulos en slots diferentes.,En diagnóstico,29.32,7.7
200,Computadora,Gigabyte,AORUS Model S,Servidor,Motherboard,BIOS chip dañado físicamente en la motherboard,Se requiere flashear la BIOS para restaurar funcionalidad. BIOS chip dañado físicamente en la motherboard,Alta,Reparación especializada de microsoldadura. Reemplazar componentes SMD dañados.,En diagnóstico,273.15,8.9
201,Tablet,Apple,iPad 10th Gen,Económica,Conectividad,"Conexión Ethernet limitada a 10Mbps, negociación fallida","Diagnóstico general: Conexión Ethernet limitada a 10Mbps, negociación fallida. Se requiere revisión técnica especializada.",Alta,Reinstalar drivers. Verificar antenas internas. Reemplazar módulo M.2 si aplica.,En diagnóstico,57.53,23.2
202,Laptop,Dell,XPS 13,Chromebook,Batería,"Batería con celda dañada, voltaje desequilibrado","Problema de energía de batería. Batería con celda dañada, voltaje desequilibrado. Evaluar seguridad de uso continuo.",Media,Calibrar batería siguiendo procedimiento del fabricante. Verificar ciclo de carga.,En diagnóstico,52.89,4.4
203,Computadora,HP,HP 290 G9,Servidor,Disco Duro/SSD,"Disco duro con PCB quemada, no recibe alimentación","Diagnóstico general: Disco duro con PCB quemada, no recibe alimentación. Se requiere revisión técnica especializada.",Media,Ejecutar CHKDSK y reparación de sectores. Monitorear SMART diariamente.,Garantía vigente,139.63,2.9
204,Tablet,Amazon,Fire 7,2 en 1,Sistema Operativo,Blue screen SYSTEM_SERVICE_EXCEPTION en Windows 11,Diagnóstico general: Blue screen SYSTEM_SERVICE_EXCEPTION en Windows 11. Se requiere revisión técnica especializada.,Baja,Actualizar Windows/macOS. Ejecutar Windows Update y reparación de archivos.,Reparable,45.28,3.0
205,Laptop,Huawei,MateBook 14s,Chromebook,Batería,Batería no detectada por el sistema operativo,Fallo en sistema de alimentación por batería. Batería no detectada por el sistema operativo. Reemplazo de batería necesario.,Alta,Reemplazar batería con original de fabricante. No usar baterías genéricas.,Reparable,33.69,17.0
206,Computadora,Dell,Precision 3650,Gaming,Pantalla,"Bisagra rota daña cable de pantalla, imagen se corta","Pantalla defectuosa. Bisagra rota daña cable de pantalla, imagen se corta. Inspeccionar conexiones y testear con pantalla externa.",Media,Reemplazar cable flex o inverter. Verificar conexión al motherboard.,Reparable,297.14,6.5
207,Laptop,Toshiba,Satellite C55,2 en 1,Teclado,"Fn keys no funcionan, controlador ACPI dañado","Diagnóstico general: Fn keys no funcionan, controlador ACPI dañado. Se requiere revisión técnica especializada.",Media,Limpiar contacto de teclas afectadas. Verificar flex de conexión.,En diagnóstico,50.44,6.2
208,Tablet,Lenovo,Tab P12 Pro,Económica,Motherboard,Circuito de protección de sobretensión activado permanentemente,Diagnóstico general: Circuito de protección de sobretensión activado permanentemente. Se requiere revisión técnica especializada.,Alta,Reparación especializada de microsoldadura. Reemplazar componentes SMD dañados.,Requiere reemplazo de componente,379.98,2.6
209,Tablet,Amazon,Fire HD 10,eReader,Batería,"Ciclos de carga excedidos, salud de batería crítica","Fallo en sistema de alimentación por batería. Ciclos de carga excedidos, salud de batería crítica. Reemplazo de batería necesario.",Baja,Reemplazar batería cuando sea conveniente. Funciona con limitaciones.,En diagnóstico,39.88,3.4
210,Computadora,Dell,OptiPlex 5090,Mini PC,Pantalla,"Pantalla externa no detectada, puerto HDMI dañado","Fallo en sistema de visualización. Pantalla externa no detectada, puerto HDMI dañado. Verificar cable flex y controlador de backlight.",Crítica,Reemplazo completo de panel LCD/LED. Verificar disponibilidad de repuesto.,Fuera de servicio,392.94,18.5
211,Laptop,HP,Spectre x360,Gaming,GPU,"GPU con throttling térmico severo, rendimiento reducido","GPU fallida. GPU con throttling térmico severo, rendimiento reducido. Si es integrada, motherboard necesita reemplazo.",Crítica,"Reemplazo de GPU dedicada. Si es integrada, reemplazo de motherboard.",Requiere reemplazo de componente,451.66,11.2
212,Computadora,Acer,Veriton X2680G,Servidor,Motherboard,BIOS chip dañado físicamente en la motherboard,Problema de configuración BIOS. BIOS chip dañado físicamente en la motherboard. Solución: Reset de configuración y actualización de firmware.,Media,Reparar pista o componente específico. Verificar todos los circuitos de alimentación.,Reparable,348.83,7.2
213,Computadora,Apple,Mac Studio M2 Max,Gaming,Puertos,"Puerto SD card no lee tarjetas, slot dañado","Diagnóstico general: Puerto SD card no lee tarjetas, slot dañado. Se requiere revisión técnica especializada.",Baja,Usar puerto alternativo. Monitorear funcionamiento del puerto afectado.,Reparable,88.78,1.9
214,Computadora,ASUS,VivoBook 22 Desktop,Micro,RAM,Sistema no arranca con los dos módulos RAM instalados,Problema de memoria. Sistema no arranca con los dos módulos RAM instalados. Revisar slots y limpieza de contactos con alcohol isopropílico.,Media,Limpiar contactos con alcohol isopropílico. Reubicar módulos en slots diferentes.,Garantía vigente,97.27,7.2
215,Computadora,Huawei,MateStation S,Torre,Puertos,"Múltiples puertos USB no funcionan, hub interno dañado","Problema en interfaz de puertos. Múltiples puertos USB no funcionan, hub interno dañado. Probar con dispositivos conocidos como buenos.",Media,Limpiar puerto con aire comprimido. Verificar drivers del controlador USB.,Reparable,56.45,6.6
216,Computadora,Apple,iMac 24 M3,Gaming,RAM,Sistema operativo reporta memoria reservada excesiva,Diagnóstico general: Sistema operativo reporta memoria reservada excesiva. Se requiere revisión técnica especializada.,Media,Limpiar contactos con alcohol isopropílico. Reubicar módulos en slots diferentes.,Reparable,96.81,1.7
217,Computadora,Acer,Predator Orion 3000,Servidor,Disco Duro/SSD,"Disco duro no gira, motor spindle fallido","Diagnóstico general: Disco duro no gira, motor spindle fallido. Se requiere revisión técnica especializada.",Crítica,Clonar disco inmediatamente si es posible. Reemplazo urgente de unidad. Recuperación de datos profesional.,Requiere reemplazo de componente,64.68,27.9
218,Computadora,ASUS,ROG Strix G35,SFF,Motherboard,"Power button connector suelto, motherboard no arranca","Diagnóstico: Motherboard defectuosa. Power button connector suelto, motherboard no arranca. Verificar todas las pistas y componentes SMD.",Media,Reparar pista o componente específico. Verificar todos los circuitos de alimentación.,En diagnóstico,239.29,4.4
219,Laptop,Lenovo,IdeaPad 3,Chromebook,GPU,GPU no detectada en Administrador de dispositivos,"GPU fallida. GPU no detectada en Administrador de dispositivos. Si es integrada, motherboard necesita reemplazo.",Alta,Reflow o reball de GPU. Reemplazar pasta térmica. Verificar alimentación.,Requiere reemplazo de componente,301.9,5.9
220,Computadora,Custom/Genérica,PC Gaming RTX 4070,Gaming,Conectividad,"WiFi no enciende, switch físico o función FN dañada","Diagnóstico general: WiFi no enciende, switch físico o función FN dañada. Se requiere revisión técnica especializada.",Alta,Reinstalar drivers. Verificar antenas internas. Reemplazar módulo M.2 si aplica.,Requiere reemplazo de componente,46.41,6.8
221,Laptop,Huawei,MateBook D15,Chromebook,Sistema Operativo,Sistema no entra en modo hibernación correctamente,Diagnóstico general: Sistema no entra en modo hibernación correctamente. Se requiere revisión técnica especializada.,Alta,Reparación de arranque con herramientas de recuperación. SFC y DISM.,Reparable,64.29,20.7
222,Computadora,MSI,All-in-One PC AG271,Workstation,Motherboard,MOSFET de alimentación del CPU quemado en motherboard,Componente de motherboard dañado. MOSFET de alimentación del CPU quemado en motherboard. Se requiere microsoldadura especializada.,Crítica,Reemplazo de placa madre. Evaluar costo vs equipo nuevo. Rescatar componentes reutilizables.,Fuera de servicio,400.62,6.6
223,Laptop,Apple,MacBook Pro 14 M3,2 en 1,Disco Duro/SSD,"SSD con error de sobretemperatura, throttle de escritura","Diagnóstico general: SSD con error de sobretemperatura, throttle de escritura. Se requiere revisión técnica especializada.",Media,Ejecutar CHKDSK y reparación de sectores. Monitorear SMART diariamente.,Reparable,190.98,2.0
224,Laptop,Huawei,MateBook D15,Ultrabook,GPU,"Driver de GPU no instala, hardware no compatible","Problema de vídeo por GPU. Driver de GPU no instala, hardware no compatible. Verificar alimentación PCIe y conectores de poder.",Media,Reinstalar drivers con DDU. Verificar temperatura y ventilación de GPU.,Reparable,450.4,4.4
225,Tablet,Huawei,MatePad Paper,Estándar,Puertos,"Puerto HDMI no da señal de video, pin dañado","Diagnóstico general: Puerto HDMI no da señal de video, pin dañado. Se requiere revisión técnica especializada.",Crítica,Reemplazo de placa de puertos o motherboard. Daño irreparable en múltiples puertos.,En diagnóstico,132.83,44.3
226,Computadora,Lenovo,IdeaCentre Gaming 5,Torre,Teclado,"Teclado retroiluminado no enciende, LED defectuoso","Teclado con malfunction. Teclado retroiluminado no enciende, LED defectuoso. Verificar flex de conexión y controlador.",Alta,Reemplazar teclado completo. Verificar si hay daño adicional por líquido.,En diagnóstico,44.0,4.0
227,Laptop,Dell,XPS 15,Premium,RAM,RAM DDR4 no arranca a la velocidad XMP especificada,Inestabilidad por RAM defectuosa. RAM DDR4 no arranca a la velocidad XMP especificada. Probar módulos individualmente para aislar el dañado.,Media,Limpiar contactos con alcohol isopropílico. Reubicar módulos en slots diferentes.,Garantía vigente,73.24,3.4
228,Computadora,HP,EliteDesk 800 G8,All-in-One,Batería,Batería se calienta excesivamente durante la carga,Diagnóstico: Batería defectuosa. Batería se calienta excesivamente durante la carga. Reemplazar con batería original certificada.,Alta,Reemplazar batería con original de fabricante. No usar baterías genéricas.,En diagnóstico,44.0,22.5
229,Laptop,Lenovo,Legion 5,Económica,RAM,RAM causa corrupción de archivos en disco,Problema de memoria. RAM causa corrupción de archivos en disco. Revisar slots y limpieza de contactos con alcohol isopropílico.,Crítica,Reemplazo inmediato de módulo RAM defectuoso. Verificar compatibilidad con placa madre.,Requiere reemplazo de componente,71.96,36.0
230,Computadora,Lenovo,Legion Tower 5i,Mini PC,Motherboard,Motherboard con corrosión por líquido derramado,Problema de memoria. Motherboard con corrosión por líquido derramado. Revisar slots y limpieza de contactos con alcohol isopropílico.,Alta,Reparación especializada de microsoldadura. Reemplazar componentes SMD dañados.,Requiere reemplazo de componente,158.91,23.7
231,Laptop,Acer,ConceptD 3,Ultrabook,Motherboard,"Chip de audio dañado en motherboard, sin sonido","Problema en circuito de motherboard. Chip de audio dañado en motherboard, sin sonido. Medir voltajes en puntos de test para localizar falla.",Media,Reparar pista o componente específico. Verificar todos los circuitos de alimentación.,Garantía vigente,176.52,1.3
232,Laptop,ASUS,ProArt StudioBook,Ultrabook,Ventilación,"Ventilador hace ruido excesivo, rodamiento dañado","Diagnóstico general: Ventilador hace ruido excesivo, rodamiento dañado. Se requiere revisión técnica especializada.",Baja,Limpieza preventiva y monitoreo de temperaturas. Ajustar curva de ventilador.,En diagnóstico,71.61,3.1
233,Laptop,Acer,Aspire 3,Premium,RAM,Pantalla azul MEMORY_MANAGEMENT al usar múltiples aplicaciones,Display con defecto. Pantalla azul MEMORY_MANAGEMENT al usar múltiples aplicaciones. Reemplazo de panel recomendado si costo es viable.,Baja,Ejecutar diagnóstico de memoria extendido. Monitorear en próximos días.,En diagnóstico,83.02,2.7
234,Computadora,Huawei,MateStation B515,Servidor,Sistema Operativo,Error CRITICAL_PROCESS_DIED al iniciar,Diagnóstico general: Error CRITICAL_PROCESS_DIED al iniciar. Se requiere revisión técnica especializada.,Media,Restaurar sistema a punto anterior. Eliminar software problemático.,En diagnóstico,20.61,3.0
235,Laptop,Dell,Inspiron 16 5000,Empresarial,Puertos,"Múltiples puertos USB no funcionan, hub interno dañado","Puerto no funcional. Múltiples puertos USB no funcionan, hub interno dañado. Si es USB-C, verificar controlador PD y retractor.",Media,Limpiar puerto con aire comprimido. Verificar drivers del controlador USB.,Reparable,147.18,6.0
236,Computadora,MSI,All-in-One PC AG271,Mini PC,Teclado,Tecla espacio no responde en zona central,Diagnóstico general: Tecla espacio no responde en zona central. Se requiere revisión técnica especializada.,Media,Limpiar contacto de teclas afectadas. Verificar flex de conexión.,Reparable,123.22,1.3
237,Laptop,Toshiba,Satellite C55,Gaming,Disco Duro/SSD,"Disco duro hace clic repetitivo, fallo mecánico inminente","Diagnóstico general: Disco duro hace clic repetitivo, fallo mecánico inminente. Se requiere revisión técnica especializada.",Baja,Ejecutar optimización de disco. Liberar espacio en SSD para mejorar rendimiento.,Reparable,181.73,2.9
238,Laptop,Acer,Aspire 5,Empresarial,RAM,RAM DDR4 no arranca a la velocidad XMP especificada,Fallo de memoria detectado. RAM DDR4 no arranca a la velocidad XMP especificada. Se recomienda reemplazar módulo defectuoso.,Media,Limpiar contactos con alcohol isopropílico. Reubicar módulos en slots diferentes.,En diagnóstico,72.44,1.5
239,Laptop,Lenovo,Legion 5,2 en 1,Sistema Operativo,"Sistema se congela aleatoriamente, conflicto de drivers","Diagnóstico general: Sistema se congela aleatoriamente, conflicto de drivers. Se requiere revisión técnica especializada.",Baja,Actualizar Windows/macOS. Ejecutar Windows Update y reparación de archivos.,Garantía vigente,64.41,1.0
240,Tablet,Xiaomi,Pad 5 Pro 5G,Educacional,RAM,"Fallo intermitente en slot de RAM, módulo no hace contacto","Error de memoria RAM. Fallo intermitente en slot de RAM, módulo no hace contacto. Verificar compatibilidad y velocidad de módulos.",Alta,Reemplazar módulo RAM dañado. Probar con módulo nuevo en slot afectado.,Requiere reemplazo de componente,119.29,3.8
241,Laptop,Lenovo,ThinkPad T14,Workstation,Ventilación,"Pasta térmica seca, temperatura CPU sobre 95°C","Diagnóstico general: Pasta térmica seca, temperatura CPU sobre 95°C. Se requiere revisión técnica especializada.",Alta,Limpiar obstrucciones y reaplicar pasta térmica. Verificar heat pipes.,En diagnóstico,73.27,4.8
242,Laptop,HP,EliteBook 840,Empresarial,Disco Duro/SSD,"Disco muestra capacidad incorrecta, tabla de particiones dañada","Diagnóstico general: Disco muestra capacidad incorrecta, tabla de particiones dañada. Se requiere revisión técnica especializada.",Crítica,Clonar disco inmediatamente si es posible. Reemplazo urgente de unidad. Recuperación de datos profesional.,Requiere reemplazo de componente,161.31,7.7
243,Computadora,ASUS,ProArt Station PD5,Torre,Batería,Batería se calienta excesivamente durante la carga,Problema de energía de batería. Batería se calienta excesivamente durante la carga. Evaluar seguridad de uso continuo.,Baja,Reemplazar batería cuando sea conveniente. Funciona con limitaciones.,Reparable,109.75,3.7
244,Laptop,Dell,Alienware m16,Empresarial,Ventilación,"Ventilador vibra anormalmente, aspas desbalanceadas","Diagnóstico general: Ventilador vibra anormalmente, aspas desbalanceadas. Se requiere revisión técnica especializada.",Baja,Limpieza preventiva y monitoreo de temperaturas. Ajustar curva de ventilador.,Reparable,16.68,1.6
245,Laptop,Samsung,Galaxy Book3 Ultra,Gaming,Motherboard,MOSFET de alimentación del CPU quemado en motherboard,Motherboard con daño eléctrico. MOSFET de alimentación del CPU quemado en motherboard. Inspeccionar con microscopio y multímetro.,Media,Reparar pista o componente específico. Verificar todos los circuitos de alimentación.,En diagnóstico,231.39,3.3
246,Computadora,Apple,iMac 24 M3,Gaming,Teclado,"Teclas no responden, controlador de teclado dañado","Teclado con malfunction. Teclas no responden, controlador de teclado dañado. Verificar flex de conexión y controlador.",Media,Limpiar contacto de teclas afectadas. Verificar flex de conexión.,Garantía vigente,124.33,1.5
247,Tablet,Apple,iPad Air M2,Estándar,Disco Duro/SSD,"Disco con latencia alta, sectores lentos detectados","Diagnóstico general: Disco con latencia alta, sectores lentos detectados. Se requiere revisión técnica especializada.",Alta,Respaldar datos y reemplazar disco. Ejecutar recuperación con herramientas especializadas.,Requiere reemplazo de componente,167.25,21.6
248,Computadora,Acer,Veriton X2680G,Gaming,Disco Duro/SSD,SSD con escritura lenta después de 80% de capacidad,Diagnóstico general: SSD con escritura lenta después de 80% de capacidad. Se requiere revisión técnica especializada.,Crítica,Clonar disco inmediatamente si es posible. Reemplazo urgente de unidad. Recuperación de datos profesional.,Requiere reemplazo de componente,50.8,45.6
249,Laptop,Samsung,Galaxy Book2 360,Premium,Ventilación,"Sistema hace throttle térmico, disipador obstruido","Diagnóstico general: Sistema hace throttle térmico, disipador obstruido. Se requiere revisión técnica especializada.",Alta,Limpiar obstrucciones y reaplicar pasta térmica. Verificar heat pipes.,Reparable,70.7,15.8
250,Laptop,Samsung,Galaxy Book2 Pro,Ultrabook,Disco Duro/SSD,"Disco duro hace clic repetitivo, fallo mecánico inminente","Diagnóstico general: Disco duro hace clic repetitivo, fallo mecánico inminente. Se requiere revisión técnica especializada.",Media,Ejecutar CHKDSK y reparación de sectores. Monitorear SMART diariamente.,En diagnóstico,247.59,1.6
251,Tablet,Huawei,MatePad 11,Económica,RAM,Error MEMORY_READ_EXCEPTION en tareas pesadas,Diagnóstico general: Error MEMORY_READ_EXCEPTION en tareas pesadas. Se requiere revisión técnica especializada.,Alta,Reemplazar módulo RAM dañado. Probar con módulo nuevo en slot afectado.,En diagnóstico,28.71,23.1
252,Computadora,MSI,Modern AM241,Mini PC,Teclado,"Teclado escribe caracteres incorrectos, layout mal configurado","Teclado con malfunction. Teclado escribe caracteres incorrectos, layout mal configurado. Verificar flex de conexión y controlador.",Baja,Limpiar tecla específica o reemplazar keycap. Verificar configuración de idioma.,Reparable,62.26,3.3
253,Computadora,Acer,Nitro 50,Servidor,Motherboard,"No hay vídeo, GPU integrada de motherboard fallida","Diagnóstico: Motherboard defectuosa. No hay vídeo, GPU integrada de motherboard fallida. Verificar todas las pistas y componentes SMD.",Baja,Limpieza profunda y rethermal. Verificar conexiones y reseat de componentes.,Reparable,117.03,2.8
254,Computadora,Lenovo,Legion Tower 7i,SFF,Teclado,"Teclas no responden, controlador de teclado dañado","Problema de teclado. Teclas no responden, controlador de teclado dañado. Probar con teclado externo para confirmar diagnóstico.",Media,Limpiar contacto de teclas afectadas. Verificar flex de conexión.,Reparable,89.21,3.2
255,Laptop,Apple,MacBook Air M2,Gaming,Pantalla,"Bisagra rota daña cable de pantalla, imagen se corta","Fallo en sistema de visualización. Bisagra rota daña cable de pantalla, imagen se corta. Verificar cable flex y controlador de backlight.",Media,Reemplazar cable flex o inverter. Verificar conexión al motherboard.,En diagnóstico,83.95,7.6
256,Computadora,MSI,Modern AM241,Micro,Conectividad,"Velocidad WiFi muy lenta, antena interna dañada","Diagnóstico general: Velocidad WiFi muy lenta, antena interna dañada. Se requiere revisión técnica especializada.",Media,Actualizar drivers y firmware. Verificar configuración de red.,Reparable,38.16,4.9
257,Computadora,MSI,All-in-One PC AG271,Servidor,Fuente de Poder,"Voltaje de 5V fuera de especificación, USB inestable","Diagnóstico general: Voltaje de 5V fuera de especificación, USB inestable. Se requiere revisión técnica especializada.",Alta,Reemplazar fuente con certificación adecuada. Verificar potencia necesaria.,Requiere reemplazo de componente,81.95,6.9
258,Computadora,Dell,G5 Gaming Desktop,Servidor,GPU,"Cuelgues al usar aplicaciones 3D, GPU sobrecalentada","Fallo en procesador gráfico. Cuelgues al usar aplicaciones 3D, GPU sobrecalentada. Verificar temperatura y reflow si es BGA.",Media,Reinstalar drivers con DDU. Verificar temperatura y ventilación de GPU.,En diagnóstico,245.68,5.1
259,Laptop,Toshiba,Satellite C55,Premium,Ventilación,"Ventilador hace ruido excesivo, rodamiento dañado","Diagnóstico general: Ventilador hace ruido excesivo, rodamiento dañado. Se requiere revisión técnica especializada.",Alta,Limpiar obstrucciones y reaplicar pasta térmica. Verificar heat pipes.,Reparable,60.14,21.6
260,Computadora,Huawei,MateStation B515,Gaming,Motherboard,"Motherboard con pista dañada, circuito abierto","Problema en circuito de motherboard. Motherboard con pista dañada, circuito abierto. Medir voltajes en puntos de test para localizar falla.",Alta,Reparación especializada de microsoldadura. Reemplazar componentes SMD dañados.,Reparable,359.2,4.6
261,Computadora,Gigabyte,B550 Vision D,SFF,Pantalla,"Flex de pantalla dañado, imagen intermitente","Display con defecto. Flex de pantalla dañado, imagen intermitente. Reemplazo de panel recomendado si costo es viable.",Alta,Reemplazar panel o componente de backlight. Cotizar reparación vs equipo nuevo.,En diagnóstico,384.58,11.6
262,Tablet,Apple,iPad Air M1,Estándar,Fuente de Poder,"Fuente se apaga después de 10 minutos, sobrecalentamiento","Diagnóstico general: Fuente se apaga después de 10 minutos, sobrecalentamiento. Se requiere revisión técnica especializada.",Media,Verificar conexiones y cables. Probar con fuente de respaldo.,En diagnóstico,125.63,1.9
263,Computadora,ASUS,ProArt Station PD5,Micro,Fuente de Poder,Fuente no suministra suficiente energía a GPU dedicada,Diagnóstico: Tarjeta gráfica defectuosa. Fuente no suministra suficiente energía a GPU dedicada. Testear con FurMark para reproducir fallo.,Crítica,Reemplazo inmediato de fuente. No intentar reparar por riesgo eléctrico.,En diagnóstico,90.46,33.3
264,Tablet,Microsoft,Surface Pro 8,eReader,RAM,RAM no se inicializa al arrancar en frío,Problema de memoria. RAM no se inicializa al arrancar en frío. Revisar slots y limpieza de contactos con alcohol isopropílico.,Baja,Ejecutar diagnóstico de memoria extendido. Monitorear en próximos días.,En diagnóstico,98.35,2.2
265,Laptop,Samsung,Galaxy Book Go,Empresarial,Teclado,"Teclado se desconecta aleatoriamente, flex dañado","Diagnóstico: Teclado defectuoso. Teclado se desconecta aleatoriamente, flex dañado. Reemplazo del conjunto recomendado.",Baja,Limpiar tecla específica o reemplazar keycap. Verificar configuración de idioma.,En diagnóstico,58.59,2.8
266,Tablet,Apple,iPad Air M2,Económica,Motherboard,"No hay vídeo, GPU integrada de motherboard fallida","Diagnóstico: Motherboard defectuosa. No hay vídeo, GPU integrada de motherboard fallida. Verificar todas las pistas y componentes SMD.",Crítica,Reemplazo de placa madre. Evaluar costo vs equipo nuevo. Rescatar componentes reutilizables.,En diagnóstico,174.7,44.5
267,Laptop,Acer,TravelMate P2,Empresarial,Ventilación,"Ventilador siempre al 100%, sensor de temperatura defectuoso","Diagnóstico general: Ventilador siempre al 100%, sensor de temperatura defectuoso. Se requiere revisión técnica especializada.",Crítica,Reemplazar disipador y ventilador. Reaplicar pasta térmica de calidad. Limpieza completa.,Fuera de servicio,62.53,10.6
268,Laptop,ASUS,VivoBook S14,Ultrabook,Motherboard,"Puerto de carga dañado, motherboard no recibe energía","Motherboard con daño eléctrico. Puerto de carga dañado, motherboard no recibe energía. Inspeccionar con microscopio y multímetro.",Alta,Reparación especializada de microsoldadura. Reemplazar componentes SMD dañados.,Reparable,297.4,23.1
269,Laptop,ASUS,VivoBook S14,Workstation,Batería,Batería se calienta excesivamente durante la carga,Problema de energía de batería. Batería se calienta excesivamente durante la carga. Evaluar seguridad de uso continuo.,Alta,Reemplazar batería con original de fabricante. No usar baterías genéricas.,En diagnóstico,142.43,16.2
270,Computadora,Custom/Genérica,PC Workstation Xeon,All-in-One,Sistema Operativo,"Windows no arranca, BCD corrupto","Diagnóstico general: Windows no arranca, BCD corrupto. Se requiere revisión técnica especializada.",Media,Restaurar sistema a punto anterior. Eliminar software problemático.,En diagnóstico,26.15,7.6
271,Tablet,Lenovo,Tab P12 Pro,Educacional,Disco Duro/SSD,Disco muestra advertencia de fallo inminente,Diagnóstico general: Disco muestra advertencia de fallo inminente. Se requiere revisión técnica especializada.,Alta,Respaldar datos y reemplazar disco. Ejecutar recuperación con herramientas especializadas.,En diagnóstico,87.7,9.9
272,Tablet,Apple,iPad Pro 12.9 M2,Económica,GPU,"Artefactos gráficos en pantalla, memoria VRAM dañada","Error de memoria RAM. Artefactos gráficos en pantalla, memoria VRAM dañada. Verificar compatibilidad y velocidad de módulos.",Baja,Actualizar drivers de GPU. Ajustar configuración de rendimiento.,En diagnóstico,511.11,1.5
273,Tablet,Amazon,Fire 7,2 en 1,Pantalla,"Touchscreen no responde, controlador táctil dañado","Diagnóstico general: Touchscreen no responde, controlador táctil dañado. Se requiere revisión técnica especializada.",Crítica,Reemplazo completo de panel LCD/LED. Verificar disponibilidad de repuesto.,En diagnóstico,67.76,14.8
274,Laptop,HP,Stream 14,Ultrabook,Conectividad,Módulo WiFi/Bluetooth no detectado en BIOS,Diagnóstico: Corrupción de BIOS. Módulo WiFi/Bluetooth no detectado en BIOS. Procedimiento: Reflashing con método de recuperación del fabricante.,Media,Actualizar drivers y firmware. Verificar configuración de red.,En diagnóstico,22.64,5.8
275,Computadora,Custom/Genérica,PC Oficina i5-12400,Mini PC,Sistema Operativo,"Actualización de Windows fallida, bucle de reinicio","Diagnóstico general: Actualización de Windows fallida, bucle de reinicio. Se requiere revisión técnica especializada.",Media,Restaurar sistema a punto anterior. Eliminar software problemático.,Reparable,58.49,1.4
276,Computadora,Custom/Genérica,PC Workstation Xeon,Torre,RAM,Error BAD_POOL_HEADER por corrupción de pool de memoria,Diagnóstico general: Error BAD_POOL_HEADER por corrupción de pool de memoria. Se requiere revisión técnica especializada.,Media,Limpiar contactos con alcohol isopropílico. Reubicar módulos en slots diferentes.,En diagnóstico,82.59,3.6
277,Computadora,Huawei,MateStation B515,Servidor,Motherboard,"Placa no detecta disco SATA, controlador dañado","Diagnóstico general: Placa no detecta disco SATA, controlador dañado. Se requiere revisión técnica especializada.",Baja,Limpieza profunda y rethermal. Verificar conexiones y reseat de componentes.,Garantía vigente,480.67,2.2
278,Computadora,Custom/Genérica,PC Oficina i5-12400,SFF,Disco Duro/SSD,SSD con escritura lenta después de 80% de capacidad,Diagnóstico general: SSD con escritura lenta después de 80% de capacidad. Se requiere revisión técnica especializada.,Baja,Ejecutar optimización de disco. Liberar espacio en SSD para mejorar rendimiento.,Reparable,71.43,3.0
279,Laptop,MSI,Stealth 15M,2 en 1,RAM,Pantalla azul MEMORY_MANAGEMENT al usar múltiples aplicaciones,Display con defecto. Pantalla azul MEMORY_MANAGEMENT al usar múltiples aplicaciones. Reemplazo de panel recomendado si costo es viable.,Baja,Ejecutar diagnóstico de memoria extendido. Monitorear en próximos días.,Garantía vigente,50.27,1.2
280,Laptop,HP,Pavilion 15,Gaming,RAM,Sistema operativo reporta memoria reservada excesiva,Diagnóstico general: Sistema operativo reporta memoria reservada excesiva. Se requiere revisión técnica especializada.,Media,Limpiar contactos con alcohol isopropílico. Reubicar módulos en slots diferentes.,Reparable,115.02,2.0
281,Laptop,Acer,Nitro 5,Económica,Sistema Operativo,"Sistema extremadamente lento, malware detectado","Diagnóstico general: Sistema extremadamente lento, malware detectado. Se requiere revisión técnica especializada.",Baja,Actualizar Windows/macOS. Ejecutar Windows Update y reparación de archivos.,Reparable,52.7,3.5
282,Computadora,Custom/Genérica,PC Gaming RTX 4070,SFF,Disco Duro/SSD,"SSD con vida útil agotada, escrituras fallidas","Diagnóstico general: SSD con vida útil agotada, escrituras fallidas. Se requiere revisión técnica especializada.",Media,Ejecutar CHKDSK y reparación de sectores. Monitorear SMART diariamente.,Reparable,164.96,4.0
283,Laptop,HP,Pavilion 15,Empresarial,Teclado,"Teclado escribe caracteres incorrectos, layout mal configurado","Teclado con malfunction. Teclado escribe caracteres incorrectos, layout mal configurado. Verificar flex de conexión y controlador.",Crítica,"Reemplazo completo del teclado. Si es por líquido, evaluar daño a motherboard.",Fuera de servicio,121.38,43.3
284,Computadora,MSI,Infinite RS 13th,Workstation,Disco Duro/SSD,"Pantalla azul UNMOUNTABLE_BOOT_VOLUME, disco corrupto","Display con defecto. Pantalla azul UNMOUNTABLE_BOOT_VOLUME, disco corrupto. Reemplazo de panel recomendado si costo es viable.",Alta,Respaldar datos y reemplazar disco. Ejecutar recuperación con herramientas especializadas.,Requiere reemplazo de componente,244.65,7.2
285,Tablet,Samsung,Galaxy Tab S9 Ultra,Gaming,Conectividad,"Bluetooth no empareja dispositivos, stack dañado","Diagnóstico general: Bluetooth no empareja dispositivos, stack dañado. Se requiere revisión técnica especializada.",Baja,Resetear adaptador de red. Olvidar y reconectar redes WiFi.,En diagnóstico,92.52,3.3
286,Tablet,Apple,iPad Pro 12.9 M2,Gaming,Puertos,"Puerto Thunderbolt no funciona, controlador dañado","Diagnóstico general: Puerto Thunderbolt no funciona, controlador dañado. Se requiere revisión técnica especializada.",Crítica,Reemplazo de placa de puertos o motherboard. Daño irreparable en múltiples puertos.,Fuera de servicio,188.37,44.2
287,Laptop,Dell,Latitude 5540,Premium,Pantalla,"Backlight no enciende, pantalla muy oscura","Pantalla defectuosa. Backlight no enciende, pantalla muy oscura. Inspeccionar conexiones y testear con pantalla externa.",Alta,Reemplazar panel o componente de backlight. Cotizar reparación vs equipo nuevo.,Requiere reemplazo de componente,255.95,4.2
288,Tablet,Microsoft,Surface Pro 9,Gaming,Puertos,"Puerto Ethernet no detecta cable, LED no enciende","Diagnóstico general: Puerto Ethernet no detecta cable, LED no enciende. Se requiere revisión técnica especializada.",Alta,Reparar soldadura de puerto dañado. Usar adaptador temporal mientras se repara.,En diagnóstico,167.85,10.6
289,Computadora,Huawei,MateStation X,Gaming,Conectividad,"WiFi no enciende, switch físico o función FN dañada","Diagnóstico general: WiFi no enciende, switch físico o función FN dañada. Se requiere revisión técnica especializada.",Baja,Resetear adaptador de red. Olvidar y reconectar redes WiFi.,Reparable,49.97,2.4
290,Computadora,Gigabyte,AORUS Model S,Torre,RAM,Error de memoria al instalar nuevo módulo RAM,Error de memoria RAM. Error de memoria al instalar nuevo módulo RAM. Verificar compatibilidad y velocidad de módulos.,Media,Limpiar contactos con alcohol isopropílico. Reubicar módulos en slots diferentes.,Garantía vigente,69.87,6.1
291,Computadora,Apple,Mac mini M2,SFF,Disco Duro/SSD,"Error CRC en disco, datos corruptos al copiar archivos","Diagnóstico general: Error CRC en disco, datos corruptos al copiar archivos. Se requiere revisión técnica especializada.",Baja,Ejecutar optimización de disco. Liberar espacio en SSD para mejorar rendimiento.,Garantía vigente,134.05,3.2
292,Computadora,Apple,Mac Pro 2023,Mini PC,GPU,"Artefactos gráficos en pantalla, memoria VRAM dañada","Problema de memoria. Artefactos gráficos en pantalla, memoria VRAM dañada. Revisar slots y limpieza de contactos con alcohol isopropílico.",Alta,Reflow o reball de GPU. Reemplazar pasta térmica. Verificar alimentación.,En diagnóstico,329.56,15.6
293,Computadora,MSI,Modern AM241,Servidor,RAM,"Fallo en test de memoria Windows, errores detectados","Diagnóstico general: Fallo en test de memoria Windows, errores detectados. Se requiere revisión técnica especializada.",Alta,Reemplazar módulo RAM dañado. Probar con módulo nuevo en slot afectado.,Reparable,102.11,13.5
294,Laptop,MSI,Modern 14,Empresarial,Disco Duro/SSD,Disco con Bad Blocks en zona crítica del sistema,Diagnóstico general: Disco con Bad Blocks en zona crítica del sistema. Se requiere revisión técnica especializada.,Media,Ejecutar CHKDSK y reparación de sectores. Monitorear SMART diariamente.,Reparable,120.97,7.4
295,Tablet,Microsoft,Surface Go 3,eReader,Disco Duro/SSD,"SSD con vida útil agotada, escrituras fallidas","Diagnóstico general: SSD con vida útil agotada, escrituras fallidas. Se requiere revisión técnica especializada.",Media,Ejecutar CHKDSK y reparación de sectores. Monitorear SMART diariamente.,Reparable,214.83,1.9
296,Laptop,HP,Stream 14,Gaming,Motherboard,"Chip de audio dañado en motherboard, sin sonido","Fallo en placa madre. Chip de audio dañado en motherboard, sin sonido. Evaluar viabilidad de reparación vs reemplazo.",Baja,Limpieza profunda y rethermal. Verificar conexiones y reseat de componentes.,Garantía vigente,307.42,3.2
297,Laptop,Toshiba,Satellite C55,Premium,Teclado,"Teclas no responden, controlador de teclado dañado","Problema de teclado. Teclas no responden, controlador de teclado dañado. Probar con teclado externo para confirmar diagnóstico.",Media,Limpiar contacto de teclas afectadas. Verificar flex de conexión.,Garantía vigente,107.4,4.0
298,Laptop,Dell,Vostro 3520,Workstation,RAM,Pantalla azul MEMORY_MANAGEMENT al usar múltiples aplicaciones,Diagnóstico: Panel o componentes de pantalla dañados. Pantalla azul MEMORY_MANAGEMENT al usar múltiples aplicaciones. Probar con monitor externo para descartar GPU.,Crítica,Reemplazo inmediato de módulo RAM defectuoso. Verificar compatibilidad con placa madre.,Fuera de servicio,36.79,45.8
299,Laptop,Huawei,MateBook X Pro,Premium,BIOS,"BIOS corrupción parcial, funciona en modo seguro únicamente","Se requiere flashear la BIOS para restaurar funcionalidad. BIOS corrupción parcial, funciona en modo seguro únicamente",Alta,Flashear BIOS desde USB con método de recuperación del fabricante. Verificar versión actual.,Requiere reemplazo de componente,118.41,19.2
300,Computadora,Gigabyte,Aero D1 Desktop,Gaming,Pantalla,"Flickering solo con batería, regulador de voltaje defectuoso","Problema de energía de batería. Flickering solo con batería, regulador de voltaje defectuoso. Evaluar seguridad de uso continuo.",Alta,Reemplazar panel o componente de backlight. Cotizar reparación vs equipo nuevo.,En diagnóstico,299.22,21.2
301,Computadora,MSI,Aegis RS 13th,All-in-One,Puertos,"Puerto de audio con estática, jack dañado","Fallo en sistema de audio. Puerto de audio con estática, jack dañado. Verificar controlador y hardware.",Crítica,Reemplazo de placa de puertos o motherboard. Daño irreparable en múltiples puertos.,Requiere reemplazo de componente,40.06,4.5
302,Computadora,ASUS,ProArt Station PD5,Mini PC,Puertos,Puertos USB dan descarga estática al conectar,Problema en interfaz de puertos. Puertos USB dan descarga estática al conectar. Probar con dispositivos conocidos como buenos.,Media,Limpiar puerto con aire comprimido. Verificar drivers del controlador USB.,Garantía vigente,132.96,6.9
303,Laptop,MSI,Cyborg 15,Chromebook,Puertos,"Puerto Ethernet no detecta cable, LED no enciende","Diagnóstico general: Puerto Ethernet no detecta cable, LED no enciende. Se requiere revisión técnica especializada.",Baja,Usar puerto alternativo. Monitorear funcionamiento del puerto afectado.,En diagnóstico,189.61,1.1
304,Laptop,MSI,GF63 Thin,Chromebook,Ventilación,"Ventilador vibra anormalmente, aspas desbalanceadas","Diagnóstico general: Ventilador vibra anormalmente, aspas desbalanceadas. Se requiere revisión técnica especializada.",Baja,Limpieza preventiva y monitoreo de temperaturas. Ajustar curva de ventilador.,En diagnóstico,19.44,2.3
305,Laptop,Apple,MacBook Pro 16 M3 Pro,Premium,Puertos,"Puerto de carga suelto, conexión intermitente","Diagnóstico general: Puerto de carga suelto, conexión intermitente. Se requiere revisión técnica especializada.",Baja,Usar puerto alternativo. Monitorear funcionamiento del puerto afectado.,En diagnóstico,72.2,2.5
306,Tablet,Amazon,Fire 7,Estándar,Audio,"Audio con estática y crujidos, DAC defectuoso","Sistema de audio dañado. Audio con estática y crujidos, DAC defectuoso. Si es hardware, evaluar placa de audio USB como alternativa.",Alta,Reinstalar drivers de audio. Verificar jack de audio con multímetro.,En diagnóstico,107.68,9.9
307,Computadora,Custom/Genérica,PC Workstation Xeon,Gaming,RAM,"RAM sobrecalentada, thermal throttling frecuente","Problema de memoria. RAM sobrecalentada, thermal throttling frecuente. Revisar slots y limpieza de contactos con alcohol isopropílico.",Media,Limpiar contactos con alcohol isopropílico. Reubicar módulos en slots diferentes.,En diagnóstico,92.43,6.4
308,Computadora,Huawei,MateStation B515,Torre,Motherboard,"No hay vídeo, GPU integrada de motherboard fallida","Componente de motherboard dañado. No hay vídeo, GPU integrada de motherboard fallida. Se requiere microsoldadura especializada.",Media,Reparar pista o componente específico. Verificar todos los circuitos de alimentación.,Garantía vigente,415.04,4.7
309,Laptop,Huawei,MateBook D15,2 en 1,Motherboard,"Placa no detecta disco SATA, controlador dañado","Diagnóstico general: Placa no detecta disco SATA, controlador dañado. Se requiere revisión técnica especializada.",Crítica,Reemplazo de placa madre. Evaluar costo vs equipo nuevo. Rescatar componentes reutilizables.,Fuera de servicio,238.27,34.7
310,Laptop,ASUS,Chromebook CX1,2 en 1,Ventilación,"Heat pipe dañado, calor no se disipa correctamente","Diagnóstico general: Heat pipe dañado, calor no se disipa correctamente. Se requiere revisión técnica especializada.",Baja,Limpieza preventiva y monitoreo de temperaturas. Ajustar curva de ventilador.,Garantía vigente,64.78,0.6
311,Tablet,Lenovo,Tab M10 Plus,eReader,Disco Duro/SSD,Error de formato al intentar reparar disco,Diagnóstico general: Error de formato al intentar reparar disco. Se requiere revisión técnica especializada.,Baja,Ejecutar optimización de disco. Liberar espacio en SSD para mejorar rendimiento.,En diagnóstico,214.23,1.3
312,Laptop,ASUS,Chromebook CX1,Chromebook,Disco Duro/SSD,Disco muestra advertencia de fallo inminente,Diagnóstico general: Disco muestra advertencia de fallo inminente. Se requiere revisión técnica especializada.,Alta,Respaldar datos y reemplazar disco. Ejecutar recuperación con herramientas especializadas.,En diagnóstico,61.66,22.8
313,Computadora,Dell,Precision 3650,Torre,Sistema Operativo,Sistema no entra en modo hibernación correctamente,Diagnóstico general: Sistema no entra en modo hibernación correctamente. Se requiere revisión técnica especializada.,Crítica,Reinstalación limpia del sistema operativo. Backup completo de datos primero.,Fuera de servicio,52.86,12.0
314,Laptop,Dell,Alienware m16,Gaming,Teclado,"Teclado se desconecta aleatoriamente, flex dañado","Fallo en dispositivo de entrada. Teclado se desconecta aleatoriamente, flex dañado. Evaluar reemplazo de teclado.",Alta,Reemplazar teclado completo. Verificar si hay daño adicional por líquido.,Requiere reemplazo de componente,54.44,5.7
315,Laptop,Dell,Vostro 3520,Económica,Sistema Operativo,"Windows no arranca, BCD corrupto","Diagnóstico general: Windows no arranca, BCD corrupto. Se requiere revisión técnica especializada.",Baja,Actualizar Windows/macOS. Ejecutar Windows Update y reparación de archivos.,Reparable,29.6,2.2
316,Laptop,ASUS,ROG Strix G16,Premium,Pantalla,"Pantalla con líneas verticales, panel LCD dañado","Pantalla defectuosa. Pantalla con líneas verticales, panel LCD dañado. Inspeccionar conexiones y testear con pantalla externa.",Media,Reemplazar cable flex o inverter. Verificar conexión al motherboard.,En diagnóstico,260.02,2.1
317,Computadora,Apple,iMac 24 M3,Workstation,Pantalla,"Pantalla parpadea constantemente, inverter defectuoso","Display con defecto. Pantalla parpadea constantemente, inverter defectuoso. Reemplazo de panel recomendado si costo es viable.",Crítica,Reemplazo completo de panel LCD/LED. Verificar disponibilidad de repuesto.,Fuera de servicio,191.35,19.4
318,Tablet,Apple,iPad Pro 12.9 M2,2 en 1,RAM,"BSOD PAGE_FAULT_IN_NONPAGED_AREA, fallo en módulo RAM","Diagnóstico: Memoria RAM con errores. BSOD PAGE_FAULT_IN_NONPAGED_AREA, fallo en módulo RAM. Ejecutar MemTest86 para confirmar sector dañado.",Media,Limpiar contactos con alcohol isopropílico. Reubicar módulos en slots diferentes.,En diagnóstico,71.27,8.0
319,Tablet,Huawei,MatePad Pro 12.6,Gaming,Ventilación,"Pasta térmica seca, temperatura CPU sobre 95°C","Diagnóstico general: Pasta térmica seca, temperatura CPU sobre 95°C. Se requiere revisión técnica especializada.",Crítica,Reemplazar disipador y ventilador. Reaplicar pasta térmica de calidad. Limpieza completa.,Requiere reemplazo de componente,19.03,13.3
320,Tablet,Huawei,MatePad Paper,Educacional,Batería,"Batería no carga, indica 0% permanentemente","Batería degradada. Batería no carga, indica 0% permanentemente. Verificar con diagnóstico de fabricante.",Media,Calibrar batería siguiendo procedimiento del fabricante. Verificar ciclo de carga.,Reparable,79.21,4.9
321,Laptop,Huawei,MateBook 14s,Empresarial,Batería,"Batería con celda dañada, voltaje desequilibrado","Diagnóstico: Batería defectuosa. Batería con celda dañada, voltaje desequilibrado. Reemplazar con batería original certificada.",Media,Calibrar batería siguiendo procedimiento del fabricante. Verificar ciclo de carga.,Reparable,42.57,7.1
322,Tablet,Amazon,Fire HD 10,Profesional,Disco Duro/SSD,"Error CRC en disco, datos corruptos al copiar archivos","Diagnóstico general: Error CRC en disco, datos corruptos al copiar archivos. Se requiere revisión técnica especializada.",Baja,Ejecutar optimización de disco. Liberar espacio en SSD para mejorar rendimiento.,Garantía vigente,151.13,3.5
323,Laptop,Dell,Precision 5680,Workstation,Motherboard,Placa madre con cortocircuito en sección de alimentación,Diagnóstico general: Placa madre con cortocircuito en sección de alimentación. Se requiere revisión técnica especializada.,Baja,Limpieza profunda y rethermal. Verificar conexiones y reseat de componentes.,Reparable,221.51,0.7
324,Laptop,Samsung,Galaxy Book Go,Ultrabook,Motherboard,Conector de pantalla dañado en motherboard de laptop,Diagnóstico: Motherboard defectuosa. Conector de pantalla dañado en motherboard de laptop. Verificar todas las pistas y componentes SMD.,Media,Reparar pista o componente específico. Verificar todos los circuitos de alimentación.,Reparable,493.07,4.6
325,Tablet,Huawei,MatePad 11.5 S,Estándar,Sistema Operativo,"Actualización de Windows fallida, bucle de reinicio","Diagnóstico general: Actualización de Windows fallida, bucle de reinicio. Se requiere revisión técnica especializada.",Crítica,Reinstalación limpia del sistema operativo. Backup completo de datos primero.,Requiere reemplazo de componente,69.86,18.5
326,Laptop,Toshiba,Tecra A50,Gaming,Disco Duro/SSD,"Disco duro con sectores dañados, CHKDSK reporta errores","Diagnóstico general: Disco duro con sectores dañados, CHKDSK reporta errores. Se requiere revisión técnica especializada.",Media,Ejecutar CHKDSK y reparación de sectores. Monitorear SMART diariamente.,Garantía vigente,163.54,5.3
327,Laptop,Huawei,MateBook D15,Workstation,RAM,"RAM no funciona en dual channel, módulo incompatible","Fallo de memoria detectado. RAM no funciona en dual channel, módulo incompatible. Se recomienda reemplazar módulo defectuoso.",Alta,Reemplazar módulo RAM dañado. Probar con módulo nuevo en slot afectado.,Reparable,34.06,23.9
328,Laptop,Toshiba,Portege Z30,2 en 1,Motherboard,"Southbridge dañado, puertos SATA no responden","Puerto no funcional. Southbridge dañado, puertos SATA no responden. Si es USB-C, verificar controlador PD y retractor.",Media,Reparar pista o componente específico. Verificar todos los circuitos de alimentación.,Reparable,470.51,2.9
329,Computadora,HP,EliteDesk 800 G8,Mini PC,Ventilación,"CPU se sobrecalienta, ventilador no gira","Diagnóstico general: CPU se sobrecalienta, ventilador no gira. Se requiere revisión técnica especializada.",Media,Limpieza de polvo con aire comprimido. Verificar RPM del ventilador.,Reparable,46.23,7.0
330,Computadora,Lenovo,IdeaCentre AIO 3,Micro,Batería,Porcentaje de batería salta de 30% a 5% sin aviso,Problema de energía de batería. Porcentaje de batería salta de 30% a 5% sin aviso. Evaluar seguridad de uso continuo.,Media,Calibrar batería siguiendo procedimiento del fabricante. Verificar ciclo de carga.,Garantía vigente,93.05,5.0
331,Computadora,HP,OMEN 25L,Mini PC,Teclado,"Varias teclas no funcionan, daño por líquido derramado","Problema de memoria. Varias teclas no funcionan, daño por líquido derramado. Revisar slots y limpieza de contactos con alcohol isopropílico.",Alta,Reemplazar teclado completo. Verificar si hay daño adicional por líquido.,Reparable,42.59,20.8
332,Tablet,ASUS,ZenPad Z8s,Económica,GPU,"Driver de GPU no instala, hardware no compatible","GPU fallida. Driver de GPU no instala, hardware no compatible. Si es integrada, motherboard necesita reemplazo.",Alta,Reflow o reball de GPU. Reemplazar pasta térmica. Verificar alimentación.,En diagnóstico,588.54,12.9
333,Laptop,MSI,GF63 Thin,Workstation,Fuente de Poder,"Fuente de poder no enciende, ventilador sin movimiento","Diagnóstico general: Fuente de poder no enciende, ventilador sin movimiento. Se requiere revisión técnica especializada.",Baja,Monitorear voltajes. Considerar reemplazo preventivo.,En diagnóstico,164.62,3.1
334,Laptop,Toshiba,Satellite Pro R50,Workstation,Pantalla,"Screen tearing constante, VSync no funciona","Diagnóstico general: Screen tearing constante, VSync no funciona. Se requiere revisión técnica especializada.",Baja,Calibrar pantalla y actualizar driver de vídeo. Ajustar perfil de color.,En diagnóstico,265.03,2.3
335,Laptop,Samsung,Galaxy Book Go,Workstation,RAM,"RAM no funciona en dual channel, módulo incompatible","Fallo de memoria detectado. RAM no funciona en dual channel, módulo incompatible. Se recomienda reemplazar módulo defectuoso.",Baja,Ejecutar diagnóstico de memoria extendido. Monitorear en próximos días.,En diagnóstico,93.01,2.8
336,Laptop,Samsung,Galaxy Book3 Ultra,Workstation,Disco Duro/SSD,"Sistema no arranca, sector de arranque dañado en disco","Diagnóstico general: Sistema no arranca, sector de arranque dañado en disco. Se requiere revisión técnica especializada.",Media,Ejecutar CHKDSK y reparación de sectores. Monitorear SMART diariamente.,Garantía vigente,134.52,6.6
337,Computadora,Apple,Mac Pro 2023,Torre,RAM,"Fallo intermitente en slot de RAM, módulo no hace contacto","Diagnóstico: Memoria RAM con errores. Fallo intermitente en slot de RAM, módulo no hace contacto. Ejecutar MemTest86 para confirmar sector dañado.",Alta,Reemplazar módulo RAM dañado. Probar con módulo nuevo en slot afectado.,Reparable,43.05,3.7
338,Computadora,HP,ProDesk 400 G7,Servidor,RAM,"Fallo en test de memoria Windows, errores detectados","Diagnóstico general: Fallo en test de memoria Windows, errores detectados. Se requiere revisión técnica especializada.",Alta,Reemplazar módulo RAM dañado. Probar con módulo nuevo en slot afectado.,Reparable,115.32,7.1
339,Tablet,Samsung,Galaxy Tab S9 Ultra,Estándar,Ventilación,"Sistema se apaga por protección térmica, ventilación insuficiente","Diagnóstico: Sobrecalentamiento. Sistema se apaga por protección térmica, ventilación insuficiente. Verificar ventilador y reemplazar si es necesario.",Media,Limpieza de polvo con aire comprimido. Verificar RPM del ventilador.,Reparable,20.14,3.9
340,Laptop,Huawei,MateBook E Go,Empresarial,Teclado,"Varias teclas no funcionan, daño por líquido derramado","Inestabilidad por RAM defectuosa. Varias teclas no funcionan, daño por líquido derramado. Probar módulos individualmente para aislar el dañado.",Alta,Reemplazar teclado completo. Verificar si hay daño adicional por líquido.,En diagnóstico,39.9,3.9
341,Laptop,Dell,G15 Gaming,Chromebook,RAM,Memoria RAM causa artefactos visuales en pantalla,Inestabilidad por RAM defectuosa. Memoria RAM causa artefactos visuales en pantalla. Probar módulos individualmente para aislar el dañado.,Alta,Reemplazar módulo RAM dañado. Probar con módulo nuevo en slot afectado.,En diagnóstico,82.94,8.4
342,Tablet,Amazon,Fire HD 8,Estándar,Disco Duro/SSD,"Disco muestra capacidad incorrecta, tabla de particiones dañada","Diagnóstico general: Disco muestra capacidad incorrecta, tabla de particiones dañada. Se requiere revisión técnica especializada.",Alta,Respaldar datos y reemplazar disco. Ejecutar recuperación con herramientas especializadas.,Requiere reemplazo de componente,112.86,10.3
343,Laptop,Dell,Latitude 5540,Chromebook,Audio,"Latencia alta en audio, DPC latency excesiva","Audio no funcional. Latencia alta en audio, DPC latency excesiva. Reinstalar drivers Realtek/AMD y verificar servicios de audio.",Alta,Reinstalar drivers de audio. Verificar jack de audio con multímetro.,En diagnóstico,94.31,12.2
344,Computadora,ASUS,ProArt Station PD5,Servidor,Motherboard,"Keyboard controller dañado, teclado no responde","Teclado dañado. Keyboard controller dañado, teclado no responde. Si es por líquido, evaluar limpieza ultrasonido o reemplazo.",Media,Reparar pista o componente específico. Verificar todos los circuitos de alimentación.,En diagnóstico,393.41,4.6
345,Laptop,Apple,MacBook Pro 16 M2 Pro,Ultrabook,Puertos,Puertos USB dan descarga estática al conectar,Diagnóstico: Puerto defectuoso. Puertos USB dan descarga estática al conectar. Inspeccionar pines y soldaduras con lupa.,Alta,Reparar soldadura de puerto dañado. Usar adaptador temporal mientras se repara.,En diagnóstico,157.16,19.3
346,Computadora,ASUS,ProArt Station PD5,Torre,Ventilación,Acumulación excesiva de polvo en ventilador y disipador,Diagnóstico general: Acumulación excesiva de polvo en ventilador y disipador. Se requiere revisión técnica especializada.,Crítica,Reemplazar disipador y ventilador. Reaplicar pasta térmica de calidad. Limpieza completa.,En diagnóstico,55.35,16.1
347,Computadora,HP,ProDesk 400 G7,Servidor,Motherboard,"No hay vídeo, GPU integrada de motherboard fallida","Componente de motherboard dañado. No hay vídeo, GPU integrada de motherboard fallida. Se requiere microsoldadura especializada.",Media,Reparar pista o componente específico. Verificar todos los circuitos de alimentación.,Garantía vigente,263.04,3.0
348,Laptop,Apple,MacBook Air M1,Ultrabook,Pantalla,"Pantalla con imagen residual, burn-in en panel OLED","Fallo en sistema de visualización. Pantalla con imagen residual, burn-in en panel OLED. Verificar cable flex y controlador de backlight.",Crítica,Reemplazo completo de panel LCD/LED. Verificar disponibilidad de repuesto.,Fuera de servicio,370.48,38.6
349,Computadora,Lenovo,Legion Tower 5i,Micro,BIOS,BIOS bloqueada con contraseña desconocida,Fallo en firmware BIOS. BIOS bloqueada con contraseña desconocida. Se recomienda reemplazo de chip BIOS.,Alta,Flashear BIOS desde USB con método de recuperación del fabricante. Verificar versión actual.,Requiere reemplazo de componente,54.91,9.5
350,Computadora,Gigabyte,B550 Vision D,Servidor,Audio,"Zumbido constante en altavoces, filtrado de ruido eléctrico","Diagnóstico general: Zumbido constante en altavoces, filtrado de ruido eléctrico. Se requiere revisión técnica especializada.",Crítica,Reemplazo de codec de audio o usar tarjeta de sonido USB externa.,Fuera de servicio,75.32,38.0
351,Computadora,Dell,Inspiron 3881,Servidor,Disco Duro/SSD,"Ruidos de raspado en disco duro, cabezal dañado","Diagnóstico general: Ruidos de raspado en disco duro, cabezal dañado. Se requiere revisión técnica especializada.",Baja,Ejecutar optimización de disco. Liberar espacio en SSD para mejorar rendimiento.,Reparable,226.92,1.4
352,Laptop,Huawei,MateBook X Pro,Ultrabook,Audio,Controlador de audio Realtek no instala correctamente,Fallo en sistema de audio. Controlador de audio Realtek no instala correctamente. Verificar controlador y hardware.,Alta,Reinstalar drivers de audio. Verificar jack de audio con multímetro.,Reparable,116.3,23.2
353,Laptop,Lenovo,ThinkPad T14,Económica,BIOS,"Boot device not found, BIOS no lista ningún dispositivo arrancable","Error de inicialización de BIOS detectado. Boot device not found, BIOS no lista ningún dispositivo arrancable. Verificar batería CMOS y versión de firmware.",Media,Reset de CMOS y reconfiguración de BIOS. Actualizar a última versión estable.,Reparable,108.46,5.9
354,Tablet,Microsoft,Surface Go 3,Educacional,Ventilación,"Sistema se apaga por protección térmica, ventilación insuficiente","Sistema de ventilación deficiente. Sistema se apaga por protección térmica, ventilación insuficiente. Reaplicar pasta térmica y limpiar disipador.",Media,Limpieza de polvo con aire comprimido. Verificar RPM del ventilador.,En diagnóstico,64.7,5.3
355,Laptop,MSI,Katana 15,Empresarial,GPU,"Cuelgues al usar aplicaciones 3D, GPU sobrecalentada","Problema de vídeo por GPU. Cuelgues al usar aplicaciones 3D, GPU sobrecalentada. Verificar alimentación PCIe y conectores de poder.",Alta,Reflow o reball de GPU. Reemplazar pasta térmica. Verificar alimentación.,En diagnóstico,96.82,12.6
356,Laptop,Acer,Swift X,Ultrabook,Conectividad,"Bluetooth no empareja dispositivos, stack dañado","Diagnóstico general: Bluetooth no empareja dispositivos, stack dañado. Se requiere revisión técnica especializada.",Alta,Reinstalar drivers. Verificar antenas internas. Reemplazar módulo M.2 si aplica.,Requiere reemplazo de componente,33.67,8.2
357,Laptop,ASUS,ROG Zephyrus G14,Chromebook,Pantalla,"Pantalla con dead zones, zonas que no responden al tacto","Fallo en sistema de visualización. Pantalla con dead zones, zonas que no responden al tacto. Verificar cable flex y controlador de backlight.",Alta,Reemplazar panel o componente de backlight. Cotizar reparación vs equipo nuevo.,En diagnóstico,192.95,5.1
358,Laptop,Dell,Vostro 3520,Premium,Ventilación,"Heat pipe dañado, calor no se disipa correctamente","Diagnóstico general: Heat pipe dañado, calor no se disipa correctamente. Se requiere revisión técnica especializada.",Baja,Limpieza preventiva y monitoreo de temperaturas. Ajustar curva de ventilador.,Garantía vigente,19.79,2.8
359,Laptop,MSI,Raider GE78,Económica,Pantalla,"Pantalla con manchas oscuras, daño por presión","Problema de display detectado. Pantalla con manchas oscuras, daño por presión. Evaluar reemplazo de panel o componentes asociados.",Baja,Calibrar pantalla y actualizar driver de vídeo. Ajustar perfil de color.,Reparable,237.85,0.8
360,Laptop,Samsung,Galaxy Book2 Pro,Ultrabook,Batería,Sistema entra en hibernación repentino por batería,Diagnóstico: Batería defectuosa. Sistema entra en hibernación repentino por batería. Reemplazar con batería original certificada.,Baja,Reemplazar batería cuando sea conveniente. Funciona con limitaciones.,Garantía vigente,49.13,2.8
361,Laptop,Dell,Inspiron 14 5000,Empresarial,Batería,"Batería con celda dañada, voltaje desequilibrado","Problema de energía de batería. Batería con celda dañada, voltaje desequilibrado. Evaluar seguridad de uso continuo.",Alta,Reemplazar batería con original de fabricante. No usar baterías genéricas.,Requiere reemplazo de componente,83.32,2.5
362,Computadora,MSI,All-in-One PC AG271,Workstation,Audio,"Altavoces con distorsión, membrana dañada","Diagnóstico general: Altavoces con distorsión, membrana dañada. Se requiere revisión técnica especializada.",Alta,Reinstalar drivers de audio. Verificar jack de audio con multímetro.,En diagnóstico,98.12,14.5
363,Computadora,HP,EliteDesk Mini,Torre,Batería,"Laptop se apaga al desconectar el cargador, batería muerta","Diagnóstico: Batería defectuosa. Laptop se apaga al desconectar el cargador, batería muerta. Reemplazar con batería original certificada.",Alta,Reemplazar batería con original de fabricante. No usar baterías genéricas.,Requiere reemplazo de componente,96.87,23.1
364,Computadora,Huawei,MateStation X,Workstation,Batería,Controlador de carga de batería defectuoso,Diagnóstico: Batería defectuosa. Controlador de carga de batería defectuoso. Reemplazar con batería original certificada.,Alta,Reemplazar batería con original de fabricante. No usar baterías genéricas.,En diagnóstico,61.61,14.4
365,Laptop,Apple,MacBook Pro 16 M2 Pro,Chromebook,GPU,"Error CODE 43 en GPU, Windows deshabilitó el dispositivo","Diagnóstico: Tarjeta gráfica defectuosa. Error CODE 43 en GPU, Windows deshabilitó el dispositivo. Testear con FurMark para reproducir fallo.",Baja,Actualizar drivers de GPU. Ajustar configuración de rendimiento.,Reparable,510.95,1.1
366,Computadora,Huawei,MateStation X,Workstation,Ventilación,"Pasta térmica seca, temperatura CPU sobre 95°C","Diagnóstico general: Pasta térmica seca, temperatura CPU sobre 95°C. Se requiere revisión técnica especializada.",Alta,Limpiar obstrucciones y reaplicar pasta térmica. Verificar heat pipes.,Requiere reemplazo de componente,45.42,6.4
367,Tablet,Apple,iPad Pro 11 M2,Educacional,Teclado,"Fn keys no funcionan, controlador ACPI dañado","Diagnóstico general: Fn keys no funcionan, controlador ACPI dañado. Se requiere revisión técnica especializada.",Alta,Reemplazar teclado completo. Verificar si hay daño adicional por líquido.,En diagnóstico,31.41,11.0
368,Laptop,Lenovo,ThinkPad X1 Carbon,Gaming,Conectividad,"WiFi muestra redes pero no conecta, error de autenticación","Diagnóstico general: WiFi muestra redes pero no conecta, error de autenticación. Se requiere revisión técnica especializada.",Baja,Resetear adaptador de red. Olvidar y reconectar redes WiFi.,Garantía vigente,26.11,3.1
369,Laptop,Huawei,MateBook E Go,Empresarial,RAM,Sistema operativo reporta memoria reservada excesiva,Diagnóstico general: Sistema operativo reporta memoria reservada excesiva. Se requiere revisión técnica especializada.,Media,Limpiar contactos con alcohol isopropílico. Reubicar módulos en slots diferentes.,Reparable,44.48,3.7
370,Computadora,Gigabyte,Aero D1 Desktop,Torre,Disco Duro/SSD,"Pantalla azul UNMOUNTABLE_BOOT_VOLUME, disco corrupto","Display con defecto. Pantalla azul UNMOUNTABLE_BOOT_VOLUME, disco corrupto. Reemplazo de panel recomendado si costo es viable.",Alta,Respaldar datos y reemplazar disco. Ejecutar recuperación con herramientas especializadas.,En diagnóstico,247.01,7.1
371,Laptop,Huawei,MateBook D15,Económica,BIOS,"Error de microcódigo en BIOS, CPU no inicializa correctamente","Error de inicialización de BIOS detectado. Error de microcódigo en BIOS, CPU no inicializa correctamente. Verificar batería CMOS y versión de firmware.",Media,Reset de CMOS y reconfiguración de BIOS. Actualizar a última versión estable.,Garantía vigente,46.09,3.5
372,Computadora,Gigabyte,Aero D1 Desktop,Workstation,Teclado,"Teclado se desconecta aleatoriamente, flex dañado","Problema de teclado. Teclado se desconecta aleatoriamente, flex dañado. Probar con teclado externo para confirmar diagnóstico.",Media,Limpiar contacto de teclas afectadas. Verificar flex de conexión.,Garantía vigente,87.63,4.3
373,Computadora,ASUS,ROG Strix G10,Gaming,Puertos,Puertos USB dan descarga estática al conectar,Puerto de E/S dañado. Puertos USB dan descarga estática al conectar. Evaluar reparación o uso de adaptadores alternativos.,Crítica,Reemplazo de placa de puertos o motherboard. Daño irreparable en múltiples puertos.,Requiere reemplazo de componente,106.34,45.4
374,Laptop,Toshiba,Satellite Pro R50,Ultrabook,Disco Duro/SSD,"Error CRC en disco, datos corruptos al copiar archivos","Diagnóstico general: Error CRC en disco, datos corruptos al copiar archivos. Se requiere revisión técnica especializada.",Media,Ejecutar CHKDSK y reparación de sectores. Monitorear SMART diariamente.,Reparable,246.13,1.6
375,Computadora,Apple,Mac Studio M2 Max,Mini PC,Puertos,"Puerto Ethernet no detecta cable, LED no enciende","Diagnóstico general: Puerto Ethernet no detecta cable, LED no enciende. Se requiere revisión técnica especializada.",Alta,Reparar soldadura de puerto dañado. Usar adaptador temporal mientras se repara.,Requiere reemplazo de componente,127.42,20.3
376,Computadora,Acer,Aspire TC,Workstation,Motherboard,"Power button connector suelto, motherboard no arranca","Motherboard con daño eléctrico. Power button connector suelto, motherboard no arranca. Inspeccionar con microscopio y multímetro.",Media,Reparar pista o componente específico. Verificar todos los circuitos de alimentación.,En diagnóstico,417.95,3.8
377,Laptop,Toshiba,Portege Z30,Chromebook,Sistema Operativo,"Sistema se congela aleatoriamente, conflicto de drivers","Diagnóstico general: Sistema se congela aleatoriamente, conflicto de drivers. Se requiere revisión técnica especializada.",Media,Restaurar sistema a punto anterior. Eliminar software problemático.,En diagnóstico,30.01,2.9
378,Tablet,ASUS,Chromebook Detachable CZ1,2 en 1,Pantalla,"Screen tearing constante, VSync no funciona","Diagnóstico general: Screen tearing constante, VSync no funciona. Se requiere revisión técnica especializada.",Crítica,Reemplazo completo de panel LCD/LED. Verificar disponibilidad de repuesto.,Fuera de servicio,64.09,29.2
379,Laptop,HP,Pavilion 15,2 en 1,Conectividad,Módulo WiFi/Bluetooth no detectado en BIOS,Diagnóstico: Corrupción de BIOS. Módulo WiFi/Bluetooth no detectado en BIOS. Procedimiento: Reflashing con método de recuperación del fabricante.,Alta,Reinstalar drivers. Verificar antenas internas. Reemplazar módulo M.2 si aplica.,Requiere reemplazo de componente,47.3,3.0
380,Laptop,Dell,Vostro 3520,Premium,Ventilación,"CPU se sobrecalienta, ventilador no gira","Diagnóstico general: CPU se sobrecalienta, ventilador no gira. Se requiere revisión técnica especializada.",Crítica,Reemplazar disipador y ventilador. Reaplicar pasta térmica de calidad. Limpieza completa.,En diagnóstico,57.86,29.5
381,Laptop,MSI,Modern 14,Económica,Disco Duro/SSD,"SSD con firmware corrupto, no monta partición","Diagnóstico general: SSD con firmware corrupto, no monta partición. Se requiere revisión técnica especializada.",Media,Ejecutar CHKDSK y reparación de sectores. Monitorear SMART diariamente.,Reparable,44.39,1.9
382,Tablet,Lenovo,Tab M11,Económica,Ventilación,"Ventilador vibra anormalmente, aspas desbalanceadas","Diagnóstico general: Ventilador vibra anormalmente, aspas desbalanceadas. Se requiere revisión técnica especializada.",Alta,Limpiar obstrucciones y reaplicar pasta térmica. Verificar heat pipes.,Requiere reemplazo de componente,58.49,19.1
383,Computadora,Acer,Chromebox CXI5,Workstation,Batería,"Ciclos de carga excedidos, salud de batería crítica","Fallo en sistema de alimentación por batería. Ciclos de carga excedidos, salud de batería crítica. Reemplazo de batería necesario.",Alta,Reemplazar batería con original de fabricante. No usar baterías genéricas.,En diagnóstico,130.14,23.9
384,Laptop,MSI,Raider GE78,2 en 1,Batería,Batería se calienta excesivamente durante la carga,Fallo en sistema de alimentación por batería. Batería se calienta excesivamente durante la carga. Reemplazo de batería necesario.,Media,Calibrar batería siguiendo procedimiento del fabricante. Verificar ciclo de carga.,Reparable,55.38,1.2
385,Laptop,Lenovo,Legion 5,Chromebook,Disco Duro/SSD,"Ruidos de raspado en disco duro, cabezal dañado","Diagnóstico general: Ruidos de raspado en disco duro, cabezal dañado. Se requiere revisión técnica especializada.",Baja,Ejecutar optimización de disco. Liberar espacio en SSD para mejorar rendimiento.,En diagnóstico,215.12,3.3
386,Laptop,ASUS,ROG Zephyrus G14,Workstation,Motherboard,"Motherboard no reconoce batería, circuito de carga roto","Diagnóstico: Motherboard defectuosa. Motherboard no reconoce batería, circuito de carga roto. Verificar todas las pistas y componentes SMD.",Alta,Reparación especializada de microsoldadura. Reemplazar componentes SMD dañados.,En diagnóstico,332.47,11.5
387,Laptop,Acer,Nitro 5,Empresarial,Disco Duro/SSD,Error INACCESSIBLE_BOOT_DEVICE al iniciar Windows,Diagnóstico general: Error INACCESSIBLE_BOOT_DEVICE al iniciar Windows. Se requiere revisión técnica especializada.,Alta,Respaldar datos y reemplazar disco. Ejecutar recuperación con herramientas especializadas.,Requiere reemplazo de componente,227.04,10.7
388,Tablet,Microsoft,Surface Go 3,Económica,Motherboard,Circuito de protección de sobretensión activado permanentemente,Diagnóstico general: Circuito de protección de sobretensión activado permanentemente. Se requiere revisión técnica especializada.,Baja,Limpieza profunda y rethermal. Verificar conexiones y reseat de componentes.,Reparable,434.32,2.7
389,Tablet,Microsoft,Surface Pro 10,eReader,Sistema Operativo,"Actualización de Windows fallida, bucle de reinicio","Diagnóstico general: Actualización de Windows fallida, bucle de reinicio. Se requiere revisión técnica especializada.",Alta,Reparación de arranque con herramientas de recuperación. SFC y DISM.,Requiere reemplazo de componente,36.59,6.6
390,Tablet,Apple,iPad 9th Gen,Educacional,Disco Duro/SSD,"Sistema no arranca, sector de arranque dañado en disco","Diagnóstico general: Sistema no arranca, sector de arranque dañado en disco. Se requiere revisión técnica especializada.",Baja,Ejecutar optimización de disco. Liberar espacio en SSD para mejorar rendimiento.,En diagnóstico,53.63,0.9
391,Tablet,Huawei,MatePad 11,eReader,RAM,Memoria insufficient al abrir aplicaciones pesadas,Diagnóstico general: Memoria insufficient al abrir aplicaciones pesadas. Se requiere revisión técnica especializada.,Media,Limpiar contactos con alcohol isopropílico. Reubicar módulos en slots diferentes.,En diagnóstico,99.83,3.9
392,Laptop,Lenovo,IdeaPad 3,Empresarial,Disco Duro/SSD,"SSD con vida útil agotada, escrituras fallidas","Diagnóstico general: SSD con vida útil agotada, escrituras fallidas. Se requiere revisión técnica especializada.",Crítica,Clonar disco inmediatamente si es posible. Reemplazo urgente de unidad. Recuperación de datos profesional.,Fuera de servicio,50.42,32.1
393,Computadora,Gigabyte,Aero D1 Desktop,Torre,Conectividad,"Velocidad WiFi muy lenta, antena interna dañada","Diagnóstico general: Velocidad WiFi muy lenta, antena interna dañada. Se requiere revisión técnica especializada.",Media,Actualizar drivers y firmware. Verificar configuración de red.,Garantía vigente,22.85,3.1
394,Laptop,Apple,MacBook Pro 14 M3,Ultrabook,Teclado,"Teclado retroiluminado no enciende, LED defectuoso","Diagnóstico: Teclado defectuoso. Teclado retroiluminado no enciende, LED defectuoso. Reemplazo del conjunto recomendado.",Media,Limpiar contacto de teclas afectadas. Verificar flex de conexión.,Garantía vigente,89.56,3.3
395,Tablet,Xiaomi,Pad 6 Pro,Estándar,Disco Duro/SSD,"SSD con vida útil agotada, escrituras fallidas","Diagnóstico general: SSD con vida útil agotada, escrituras fallidas. Se requiere revisión técnica especializada.",Baja,Ejecutar optimización de disco. Liberar espacio en SSD para mejorar rendimiento.,Reparable,207.18,2.5
396,Tablet,Samsung,Galaxy Tab S7 FE,Económica,Pantalla,"Pantalla con manchas oscuras, daño por presión","Problema de display detectado. Pantalla con manchas oscuras, daño por presión. Evaluar reemplazo de panel o componentes asociados.",Baja,Calibrar pantalla y actualizar driver de vídeo. Ajustar perfil de color.,Reparable,378.28,1.5
397,Computadora,Gigabyte,AORUS Model S,Mini PC,RAM,Sistema no arranca con los dos módulos RAM instalados,Diagnóstico: Memoria RAM con errores. Sistema no arranca con los dos módulos RAM instalados. Ejecutar MemTest86 para confirmar sector dañado.,Baja,Ejecutar diagnóstico de memoria extendido. Monitorear en próximos días.,Reparable,109.43,0.6
398,Laptop,Dell,Inspiron 14 5000,Workstation,GPU,"Rayos y artefactos en pantalla al iniciar juegos, GPU dañada","Problema de display detectado. Rayos y artefactos en pantalla al iniciar juegos, GPU dañada. Evaluar reemplazo de panel o componentes asociados.",Crítica,"Reemplazo de GPU dedicada. Si es integrada, reemplazo de motherboard.",En diagnóstico,159.93,35.0
399,Computadora,Apple,Mac mini M2,Mini PC,Ventilación,"Ventilador hace ruido excesivo, rodamiento dañado","Diagnóstico general: Ventilador hace ruido excesivo, rodamiento dañado. Se requiere revisión técnica especializada.",Alta,Limpiar obstrucciones y reaplicar pasta térmica. Verificar heat pipes.,En diagnóstico,48.07,17.6
400,Tablet,Apple,iPad Pro 12.9 M2,Gaming,Conectividad,"Conexión WiFi se cae constantemente, driver inestable","Diagnóstico general: Conexión WiFi se cae constantemente, driver inestable. Se requiere revisión técnica especializada.",Media,Actualizar drivers y firmware. Verificar configuración de red.,Reparable,28.14,1.4
401,Tablet,Samsung,Galaxy Tab S7 FE,eReader,Ventilación,"Ventilador hace ruido excesivo, rodamiento dañado","Diagnóstico general: Ventilador hace ruido excesivo, rodamiento dañado. Se requiere revisión técnica especializada.",Media,Limpieza de polvo con aire comprimido. Verificar RPM del ventilador.,Reparable,38.87,1.3
402,Laptop,MSI,Cyborg 15,Workstation,GPU,GPU integrada causa parpadeo en pantalla,Problema de display detectado. GPU integrada causa parpadeo en pantalla. Evaluar reemplazo de panel o componentes asociados.,Media,Reinstalar drivers con DDU. Verificar temperatura y ventilación de GPU.,Garantía vigente,590.21,4.5
403,Laptop,Apple,MacBook Pro 14 M3,Ultrabook,Sistema Operativo,"Sistema se congela aleatoriamente, conflicto de drivers","Diagnóstico general: Sistema se congela aleatoriamente, conflicto de drivers. Se requiere revisión técnica especializada.",Crítica,Reinstalación limpia del sistema operativo. Backup completo de datos primero.,Requiere reemplazo de componente,64.23,45.4
404,Tablet,Amazon,Fire HD 10,Educacional,RAM,"SODIMM RAM con pines dañados, contacto intermitente","Inestabilidad por RAM defectuosa. SODIMM RAM con pines dañados, contacto intermitente. Probar módulos individualmente para aislar el dañado.",Crítica,Reemplazo inmediato de módulo RAM defectuoso. Verificar compatibilidad con placa madre.,Requiere reemplazo de componente,112.31,29.8
405,Laptop,Toshiba,Tecra A50,Empresarial,GPU,GPU no detectada en Administrador de dispositivos,Fallo en procesador gráfico. GPU no detectada en Administrador de dispositivos. Verificar temperatura y reflow si es BGA.,Alta,Reflow o reball de GPU. Reemplazar pasta térmica. Verificar alimentación.,En diagnóstico,258.29,12.2
406,Computadora,Huawei,MateStation B515,SFF,RAM,"RAM sobrecalentada, thermal throttling frecuente","Problema de memoria. RAM sobrecalentada, thermal throttling frecuente. Revisar slots y limpieza de contactos con alcohol isopropílico.",Alta,Reemplazar módulo RAM dañado. Probar con módulo nuevo en slot afectado.,Requiere reemplazo de componente,104.38,7.5
407,Tablet,Samsung,Galaxy Tab S9 FE,Gaming,Ventilación,"Ventilador vibra anormalmente, aspas desbalanceadas","Diagnóstico general: Ventilador vibra anormalmente, aspas desbalanceadas. Se requiere revisión técnica especializada.",Crítica,Reemplazar disipador y ventilador. Reaplicar pasta térmica de calidad. Limpieza completa.,Requiere reemplazo de componente,48.7,20.7
408,Computadora,ASUS,Chromebox 4,Servidor,Sistema Operativo,"Sistema se congela aleatoriamente, conflicto de drivers","Diagnóstico general: Sistema se congela aleatoriamente, conflicto de drivers. Se requiere revisión técnica especializada.",Media,Restaurar sistema a punto anterior. Eliminar software problemático.,En diagnóstico,68.25,1.0
409,Tablet,Huawei,MatePad 11,2 en 1,GPU,"GPU con throttling térmico severo, rendimiento reducido","Problema de vídeo por GPU. GPU con throttling térmico severo, rendimiento reducido. Verificar alimentación PCIe y conectores de poder.",Media,Reinstalar drivers con DDU. Verificar temperatura y ventilación de GPU.,Reparable,527.41,4.1
410,Tablet,Huawei,MatePad 11.5 S,eReader,Teclado,"Teclado escribe caracteres incorrectos, layout mal configurado","Problema de teclado. Teclado escribe caracteres incorrectos, layout mal configurado. Probar con teclado externo para confirmar diagnóstico.",Alta,Reemplazar teclado completo. Verificar si hay daño adicional por líquido.,Requiere reemplazo de componente,127.49,16.2
411,Laptop,Lenovo,ThinkPad T14,2 en 1,Audio,Controlador de audio Realtek no instala correctamente,Fallo en sistema de audio. Controlador de audio Realtek no instala correctamente. Verificar controlador y hardware.,Crítica,Reemplazo de codec de audio o usar tarjeta de sonido USB externa.,Requiere reemplazo de componente,68.67,46.9
412,Tablet,Samsung,Galaxy Tab S9,eReader,Conectividad,"WiFi no enciende, switch físico o función FN dañada","Diagnóstico general: WiFi no enciende, switch físico o función FN dañada. Se requiere revisión técnica especializada.",Crítica,"Reemplazo de módulo WiFi/Bluetooth. Si es integrado, usar adaptador USB.",Fuera de servicio,43.35,43.6
413,Computadora,ASUS,ROG Strix G35,All-in-One,Batería,"Batería no carga, indica 0% permanentemente","Diagnóstico: Batería defectuosa. Batería no carga, indica 0% permanentemente. Reemplazar con batería original certificada.",Media,Calibrar batería siguiendo procedimiento del fabricante. Verificar ciclo de carga.,Reparable,86.92,6.8
414,Laptop,Toshiba,Tecra A50,Gaming,Motherboard,"Fan header dañado, ventilador no gira","Diagnóstico general: Fan header dañado, ventilador no gira. Se requiere revisión técnica especializada.",Alta,Reparación especializada de microsoldadura. Reemplazar componentes SMD dañados.,Requiere reemplazo de componente,304.36,5.9
415,Laptop,ASUS,VivoBook 15,2 en 1,Sistema Operativo,"Windows Update en bucle, descarga infinita","Diagnóstico general: Windows Update en bucle, descarga infinita. Se requiere revisión técnica especializada.",Media,Restaurar sistema a punto anterior. Eliminar software problemático.,Reparable,77.01,5.1
416,Laptop,Acer,TravelMate P2,2 en 1,Audio,"Micrófono no funciona, jack de audio dañado","Problema de sonido. Micrófono no funciona, jack de audio dañado. Probar con auriculares para descartar altavoces.",Baja,Actualizar drivers de audio. Verificar configuración de volumen y dispositivos.,Reparable,109.95,3.3
417,Computadora,Acer,Aspire TC,Gaming,Disco Duro/SSD,"Sistema no arranca, sector de arranque dañado en disco","Diagnóstico general: Sistema no arranca, sector de arranque dañado en disco. Se requiere revisión técnica especializada.",Alta,Respaldar datos y reemplazar disco. Ejecutar recuperación con herramientas especializadas.,Reparable,155.53,9.5
418,Laptop,Lenovo,IdeaPad 5 Pro,Premium,GPU,"Artefactos gráficos en pantalla, memoria VRAM dañada","Fallo de memoria detectado. Artefactos gráficos en pantalla, memoria VRAM dañada. Se recomienda reemplazar módulo defectuoso.",Media,Reinstalar drivers con DDU. Verificar temperatura y ventilación de GPU.,Garantía vigente,339.39,4.4
419,Tablet,Microsoft,Surface Go 3,2 en 1,Disco Duro/SSD,Disco muestra advertencia de fallo inminente,Diagnóstico general: Disco muestra advertencia de fallo inminente. Se requiere revisión técnica especializada.,Media,Ejecutar CHKDSK y reparación de sectores. Monitorear SMART diariamente.,Reparable,129.34,2.0
420,Computadora,ASUS,ROG Strix G35,Servidor,BIOS,"BIOS emite 3 pitidos largos, error de memoria base","Diagnóstico: Corrupción de BIOS. BIOS emite 3 pitidos largos, error de memoria base. Procedimiento: Reflashing con método de recuperación del fabricante.",Alta,Flashear BIOS desde USB con método de recuperación del fabricante. Verificar versión actual.,Reparable,103.32,9.7
421,Tablet,Amazon,Fire 7,eReader,Teclado,"Teclado repite caracteres, debounce defectuoso","Teclado con malfunction. Teclado repite caracteres, debounce defectuoso. Verificar flex de conexión y controlador.",Media,Limpiar contacto de teclas afectadas. Verificar flex de conexión.,Reparable,64.44,7.6
422,Laptop,Acer,Swift X,Empresarial,Disco Duro/SSD,"Disco duro con PCB quemada, no recibe alimentación","Diagnóstico general: Disco duro con PCB quemada, no recibe alimentación. Se requiere revisión técnica especializada.",Baja,Ejecutar optimización de disco. Liberar espacio en SSD para mejorar rendimiento.,En diagnóstico,136.41,3.9
423,Tablet,Microsoft,Surface Pro 10,2 en 1,Ventilación,"Pasta térmica seca, temperatura CPU sobre 95°C","Diagnóstico general: Pasta térmica seca, temperatura CPU sobre 95°C. Se requiere revisión técnica especializada.",Media,Limpieza de polvo con aire comprimido. Verificar RPM del ventilador.,Reparable,27.48,7.8
424,Laptop,Acer,Aspire 3,Workstation,Pantalla,"Pantalla con artefactos coloridos, GPU o panel defectuoso","Fallo en sistema de visualización. Pantalla con artefactos coloridos, GPU o panel defectuoso. Verificar cable flex y controlador de backlight.",Media,Reemplazar cable flex o inverter. Verificar conexión al motherboard.,En diagnóstico,218.9,6.3
425,Computadora,Custom/Genérica,PC Gaming RTX 4070,Workstation,Pantalla,"Backlight no enciende, pantalla muy oscura","Fallo en sistema de visualización. Backlight no enciende, pantalla muy oscura. Verificar cable flex y controlador de backlight.",Alta,Reemplazar panel o componente de backlight. Cotizar reparación vs equipo nuevo.,Requiere reemplazo de componente,280.61,4.5
426,Laptop,Huawei,MateBook D15,Económica,Batería,Controlador de carga de batería defectuoso,Problema de energía de batería. Controlador de carga de batería defectuoso. Evaluar seguridad de uso continuo.,Media,Calibrar batería siguiendo procedimiento del fabricante. Verificar ciclo de carga.,En diagnóstico,109.98,1.5
427,Laptop,Huawei,MateBook D15,Premium,Fuente de Poder,"Voltaje inestable en riel de 12V, componentes fallan","Diagnóstico general: Voltaje inestable en riel de 12V, componentes fallan. Se requiere revisión técnica especializada.",Alta,Reemplazar fuente con certificación adecuada. Verificar potencia necesaria.,En diagnóstico,38.82,19.3
428,Computadora,Acer,Aspire XC,Torre,Batería,Error de comunicación entre batería y ACPI,Batería degradada. Error de comunicación entre batería y ACPI. Verificar con diagnóstico de fabricante.,Media,Calibrar batería siguiendo procedimiento del fabricante. Verificar ciclo de carga.,Garantía vigente,145.7,3.8
429,Laptop,Acer,ConceptD 3,Workstation,Puertos,"Puerto de carga USB-C no funciona, PD dañado","Diagnóstico general: Puerto de carga USB-C no funciona, PD dañado. Se requiere revisión técnica especializada.",Alta,Reparar soldadura de puerto dañado. Usar adaptador temporal mientras se repara.,En diagnóstico,37.43,13.5
430,Computadora,HP,EliteDesk Mini,Gaming,Disco Duro/SSD,"Error CRC en disco, datos corruptos al copiar archivos","Diagnóstico general: Error CRC en disco, datos corruptos al copiar archivos. Se requiere revisión técnica especializada.",Alta,Respaldar datos y reemplazar disco. Ejecutar recuperación con herramientas especializadas.,Requiere reemplazo de componente,59.87,16.3
431,Computadora,Acer,Nitro 50,Servidor,BIOS,"Bucle de reinicio por error en BIOS, reinicio continuo","Problema de configuración BIOS. Bucle de reinicio por error en BIOS, reinicio continuo. Solución: Reset de configuración y actualización de firmware.",Media,Reset de CMOS y reconfiguración de BIOS. Actualizar a última versión estable.,En diagnóstico,68.82,2.6
432,Laptop,HP,Pavilion Gaming 15,Empresarial,Ventilación,Acumulación excesiva de polvo en ventilador y disipador,Diagnóstico general: Acumulación excesiva de polvo en ventilador y disipador. Se requiere revisión técnica especializada.,Alta,Limpiar obstrucciones y reaplicar pasta térmica. Verificar heat pipes.,Requiere reemplazo de componente,69.04,15.4
433,Tablet,Apple,iPad Pro 11 M4,Gaming,Sistema Operativo,Error CRITICAL_PROCESS_DIED al iniciar,Diagnóstico general: Error CRITICAL_PROCESS_DIED al iniciar. Se requiere revisión técnica especializada.,Crítica,Reinstalación limpia del sistema operativo. Backup completo de datos primero.,En diagnóstico,77.15,34.7
434,Laptop,Lenovo,IdeaPad 5 Pro,Económica,Disco Duro/SSD,"SSD M.2 no hace contacto, slot dañado","Diagnóstico general: SSD M.2 no hace contacto, slot dañado. Se requiere revisión técnica especializada.",Baja,Ejecutar optimización de disco. Liberar espacio en SSD para mejorar rendimiento.,Reparable,243.91,1.0
435,Laptop,HP,Spectre x360,Chromebook,Disco Duro/SSD,Partición de recuperación inaccesible en disco,Diagnóstico general: Partición de recuperación inaccesible en disco. Se requiere revisión técnica especializada.,Crítica,Clonar disco inmediatamente si es posible. Reemplazo urgente de unidad. Recuperación de datos profesional.,Fuera de servicio,239.8,15.0
436,Laptop,Samsung,Galaxy Book2 Pro,Chromebook,Sistema Operativo,"Windows no arranca, BCD corrupto","Diagnóstico general: Windows no arranca, BCD corrupto. Se requiere revisión técnica especializada.",Crítica,Reinstalación limpia del sistema operativo. Backup completo de datos primero.,En diagnóstico,3.82,13.1
437,Computadora,Apple,Mac Pro 2023,All-in-One,RAM,Memoria insufficient al abrir aplicaciones pesadas,Diagnóstico general: Memoria insufficient al abrir aplicaciones pesadas. Se requiere revisión técnica especializada.,Crítica,Reemplazo inmediato de módulo RAM defectuoso. Verificar compatibilidad con placa madre.,En diagnóstico,49.84,18.6
438,Laptop,Lenovo,ThinkPad T14,2 en 1,Teclado,"Teclado se desconecta aleatoriamente, flex dañado","Teclado dañado. Teclado se desconecta aleatoriamente, flex dañado. Si es por líquido, evaluar limpieza ultrasonido o reemplazo.",Alta,Reemplazar teclado completo. Verificar si hay daño adicional por líquido.,Requiere reemplazo de componente,60.84,22.7
439,Laptop,ASUS,ExpertBook B5,Gaming,Disco Duro/SSD,Disco con Bad Blocks en zona crítica del sistema,Diagnóstico general: Disco con Bad Blocks en zona crítica del sistema. Se requiere revisión técnica especializada.,Media,Ejecutar CHKDSK y reparación de sectores. Monitorear SMART diariamente.,Reparable,146.19,3.7
440,Computadora,Acer,Predator Orion 3000,Micro,Sistema Operativo,Blue screen SYSTEM_SERVICE_EXCEPTION en Windows 11,Diagnóstico general: Blue screen SYSTEM_SERVICE_EXCEPTION en Windows 11. Se requiere revisión técnica especializada.,Baja,Actualizar Windows/macOS. Ejecutar Windows Update y reparación de archivos.,En diagnóstico,77.17,2.3
441,Laptop,Huawei,MateBook X Pro,Empresarial,BIOS,"Boot device not found, BIOS no lista ningún dispositivo arrancable","Diagnóstico: Corrupción de BIOS. Boot device not found, BIOS no lista ningún dispositivo arrancable. Procedimiento: Reflashing con método de recuperación del fabricante.",Media,Reset de CMOS y reconfiguración de BIOS. Actualizar a última versión estable.,Reparable,137.6,6.1
442,Computadora,Apple,Mac Pro 2023,Micro,Disco Duro/SSD,"Disco duro hace clic repetitivo, fallo mecánico inminente","Diagnóstico general: Disco duro hace clic repetitivo, fallo mecánico inminente. Se requiere revisión técnica especializada.",Alta,Respaldar datos y reemplazar disco. Ejecutar recuperación con herramientas especializadas.,En diagnóstico,172.8,14.9
443,Laptop,Huawei,MateBook X Pro,Workstation,Motherboard,Conector de pantalla dañado en motherboard de laptop,Fallo en placa madre. Conector de pantalla dañado en motherboard de laptop. Evaluar viabilidad de reparación vs reemplazo.,Media,Reparar pista o componente específico. Verificar todos los circuitos de alimentación.,En diagnóstico,251.13,5.2
444,Computadora,Dell,Alienware Aurora R16,All-in-One,Ventilación,"Ventilador no arranca al encender, motor quemado","Diagnóstico general: Ventilador no arranca al encender, motor quemado. Se requiere revisión técnica especializada.",Alta,Limpiar obstrucciones y reaplicar pasta térmica. Verificar heat pipes.,Requiere reemplazo de componente,76.39,11.0
445,Laptop,ASUS,ZenBook 14,2 en 1,RAM,"Aplicaciones se cierran solas, RAM con sectores defectuosos","Inestabilidad por RAM defectuosa. Aplicaciones se cierran solas, RAM con sectores defectuosos. Probar módulos individualmente para aislar el dañado.",Alta,Reemplazar módulo RAM dañado. Probar con módulo nuevo en slot afectado.,En diagnóstico,73.43,18.4
446,Tablet,Lenovo,Idea Tab K10,Estándar,RAM,"RAM sobrecalentada, thermal throttling frecuente","Inestabilidad por RAM defectuosa. RAM sobrecalentada, thermal throttling frecuente. Probar módulos individualmente para aislar el dañado.",Media,Limpiar contactos con alcohol isopropílico. Reubicar módulos en slots diferentes.,Reparable,66.67,5.2
447,Computadora,MSI,All-in-One PC AG271,SFF,Audio,"Audio funciona solo con auriculares, switch de jack atascado","Audio no funcional. Audio funciona solo con auriculares, switch de jack atascado. Reinstalar drivers Realtek/AMD y verificar servicios de audio.",Crítica,Reemplazo de codec de audio o usar tarjeta de sonido USB externa.,Fuera de servicio,34.91,15.4
448,Laptop,MSI,Modern 14,2 en 1,Audio,"Solo un canal de audio funciona, conector desoldado","Diagnóstico: Circuito de audio defectuoso. Solo un canal de audio funciona, conector desoldado. Verificar codec de audio y conexiones.",Alta,Reinstalar drivers de audio. Verificar jack de audio con multímetro.,En diagnóstico,32.66,13.0
449,Computadora,Huawei,MateStation B515,Mini PC,Disco Duro/SSD,"Error CRC en disco, datos corruptos al copiar archivos","Diagnóstico general: Error CRC en disco, datos corruptos al copiar archivos. Se requiere revisión técnica especializada.",Crítica,Clonar disco inmediatamente si es posible. Reemplazo urgente de unidad. Recuperación de datos profesional.,En diagnóstico,137.23,34.8
450,Laptop,Dell,Inspiron 15 3000,Económica,Disco Duro/SSD,"Disco duro con sectores dañados, CHKDSK reporta errores","Diagnóstico general: Disco duro con sectores dañados, CHKDSK reporta errores. Se requiere revisión técnica especializada.",Media,Ejecutar CHKDSK y reparación de sectores. Monitorear SMART diariamente.,Garantía vigente,157.68,3.8
451,Computadora,HP,ProDesk 600 G6,All-in-One,Disco Duro/SSD,"SSD no detectado en BIOS, controlador NVMe dañado","Se requiere flashear la BIOS para restaurar funcionalidad. SSD no detectado en BIOS, controlador NVMe dañado",Alta,Respaldar datos y reemplazar disco. Ejecutar recuperación con herramientas especializadas.,En diagnóstico,124.05,12.4
452,Laptop,ASUS,ZenBook 14,Empresarial,Fuente de Poder,"Olor a quemado desde la fuente, componente quemado","Diagnóstico general: Olor a quemado desde la fuente, componente quemado. Se requiere revisión técnica especializada.",Alta,Reemplazar fuente con certificación adecuada. Verificar potencia necesaria.,Reparable,132.11,18.0
453,Laptop,MSI,Raider GE78,Workstation,Disco Duro/SSD,"SSD no detectado en BIOS, controlador NVMe dañado","Se requiere flashear la BIOS para restaurar funcionalidad. SSD no detectado en BIOS, controlador NVMe dañado",Media,Ejecutar CHKDSK y reparación de sectores. Monitorear SMART diariamente.,Garantía vigente,246.88,2.7
454,Laptop,Lenovo,ThinkBook 15,Empresarial,Ventilación,"Ventilador no arranca al encender, motor quemado","Diagnóstico general: Ventilador no arranca al encender, motor quemado. Se requiere revisión técnica especializada.",Baja,Limpieza preventiva y monitoreo de temperaturas. Ajustar curva de ventilador.,Garantía vigente,19.64,1.5
455,Laptop,Toshiba,Portege Z30,Empresarial,Batería,"Laptop se apaga al desconectar el cargador, batería muerta","Problema de energía de batería. Laptop se apaga al desconectar el cargador, batería muerta. Evaluar seguridad de uso continuo.",Alta,Reemplazar batería con original de fabricante. No usar baterías genéricas.,En diagnóstico,45.44,6.8
456,Tablet,ASUS,ZenPad Z8s,2 en 1,Motherboard,"Pista de señal de reloj dañada, inestabilidad del sistema","Diagnóstico general: Pista de señal de reloj dañada, inestabilidad del sistema. Se requiere revisión técnica especializada.",Baja,Limpieza profunda y rethermal. Verificar conexiones y reseat de componentes.,Garantía vigente,126.04,3.3
457,Tablet,ASUS,ROG Flow Z13,Gaming,RAM,"BSOD PAGE_FAULT_IN_NONPAGED_AREA, fallo en módulo RAM","Fallo de memoria detectado. BSOD PAGE_FAULT_IN_NONPAGED_AREA, fallo en módulo RAM. Se recomienda reemplazar módulo defectuoso.",Alta,Reemplazar módulo RAM dañado. Probar con módulo nuevo en slot afectado.,Requiere reemplazo de componente,113.96,9.7
458,Computadora,Apple,iMac 24 M3,Workstation,Pantalla,"Pantalla con color amarillento, perfil de color corrupto","Fallo en sistema de visualización. Pantalla con color amarillento, perfil de color corrupto. Verificar cable flex y controlador de backlight.",Alta,Reemplazar panel o componente de backlight. Cotizar reparación vs equipo nuevo.,Reparable,102.92,23.0
459,Computadora,Lenovo,IdeaCentre 5i,SFF,Motherboard,"VRM de motherboard sobrecalentado, throttling severo","Problema en circuito de motherboard. VRM de motherboard sobrecalentado, throttling severo. Medir voltajes en puntos de test para localizar falla.",Baja,Limpieza profunda y rethermal. Verificar conexiones y reseat de componentes.,En diagnóstico,227.49,3.9
460,Laptop,Apple,MacBook Pro 14 M3 Max,Gaming,Sistema Operativo,Blue screen SYSTEM_SERVICE_EXCEPTION en Windows 11,Diagnóstico general: Blue screen SYSTEM_SERVICE_EXCEPTION en Windows 11. Se requiere revisión técnica especializada.,Alta,Reparación de arranque con herramientas de recuperación. SFC y DISM.,Requiere reemplazo de componente,61.87,6.2
461,Laptop,Toshiba,Satellite Pro R50,Chromebook,Disco Duro/SSD,"SSD con vida útil agotada, escrituras fallidas","Diagnóstico general: SSD con vida útil agotada, escrituras fallidas. Se requiere revisión técnica especializada.",Media,Ejecutar CHKDSK y reparación de sectores. Monitorear SMART diariamente.,Garantía vigente,152.81,6.6
462,Laptop,Acer,ConceptD 3,2 en 1,Ventilación,"Ventilador siempre al 100%, sensor de temperatura defectuoso","Diagnóstico general: Ventilador siempre al 100%, sensor de temperatura defectuoso. Se requiere revisión técnica especializada.",Alta,Limpiar obstrucciones y reaplicar pasta térmica. Verificar heat pipes.,En diagnóstico,20.11,15.7
463,Computadora,Lenovo,IdeaCentre Gaming 5,All-in-One,Teclado,"Varias teclas no funcionan, daño por líquido derramado","Error de memoria RAM. Varias teclas no funcionan, daño por líquido derramado. Verificar compatibilidad y velocidad de módulos.",Alta,Reemplazar teclado completo. Verificar si hay daño adicional por líquido.,Reparable,82.87,18.7
464,Laptop,Toshiba,Tecra A50,Empresarial,Sistema Operativo,"Sistema se congela aleatoriamente, conflicto de drivers","Diagnóstico general: Sistema se congela aleatoriamente, conflicto de drivers. Se requiere revisión técnica especializada.",Baja,Actualizar Windows/macOS. Ejecutar Windows Update y reparación de archivos.,En diagnóstico,4.92,1.6
465,Computadora,Dell,XPS Desktop 8960,Workstation,Conectividad,"Bluetooth no empareja dispositivos, stack dañado","Diagnóstico general: Bluetooth no empareja dispositivos, stack dañado. Se requiere revisión técnica especializada.",Media,Actualizar drivers y firmware. Verificar configuración de red.,Garantía vigente,86.0,4.1
466,Laptop,Samsung,Galaxy Book2 360,Premium,Pantalla,"Pantalla con imagen residual, burn-in en panel OLED","Display con defecto. Pantalla con imagen residual, burn-in en panel OLED. Reemplazo de panel recomendado si costo es viable.",Alta,Reemplazar panel o componente de backlight. Cotizar reparación vs equipo nuevo.,En diagnóstico,117.96,2.9
467,Computadora,Huawei,MateStation X,SFF,RAM,Error de memoria al instalar nuevo módulo RAM,Diagnóstico: Memoria RAM con errores. Error de memoria al instalar nuevo módulo RAM. Ejecutar MemTest86 para confirmar sector dañado.,Crítica,Reemplazo inmediato de módulo RAM defectuoso. Verificar compatibilidad con placa madre.,En diagnóstico,78.46,42.3
468,Laptop,MSI,Katana 15,Económica,RAM,Memoria RAM causa artefactos visuales en pantalla,Diagnóstico: Memoria RAM con errores. Memoria RAM causa artefactos visuales en pantalla. Ejecutar MemTest86 para confirmar sector dañado.,Alta,Reemplazar módulo RAM dañado. Probar con módulo nuevo en slot afectado.,Requiere reemplazo de componente,59.18,7.8
469,Laptop,Toshiba,Tecra A50,Workstation,Conectividad,"Velocidad WiFi muy lenta, antena interna dañada","Diagnóstico general: Velocidad WiFi muy lenta, antena interna dañada. Se requiere revisión técnica especializada.",Alta,Reinstalar drivers. Verificar antenas internas. Reemplazar módulo M.2 si aplica.,Reparable,53.1,14.5
470,Computadora,HP,OMEN 25L,Mini PC,Disco Duro/SSD,SMART warning: Reallocated Sector Count excedido,Diagnóstico general: SMART warning: Reallocated Sector Count excedido. Se requiere revisión técnica especializada.,Alta,Respaldar datos y reemplazar disco. Ejecutar recuperación con herramientas especializadas.,Reparable,161.04,18.8
471,Computadora,Lenovo,ThinkCentre M90q,SFF,BIOS,"Configuración BIOS se resetea al apagar, batería CMOS agotada","Diagnóstico: Corrupción de BIOS. Configuración BIOS se resetea al apagar, batería CMOS agotada. Procedimiento: Reflashing con método de recuperación del fabricante.",Alta,Flashear BIOS desde USB con método de recuperación del fabricante. Verificar versión actual.,Reparable,78.19,17.6
472,Computadora,HP,EliteDesk 800 G8,Workstation,Pantalla,"Brillo de pantalla no ajusta, sensor ALS dañado","Display con defecto. Brillo de pantalla no ajusta, sensor ALS dañado. Reemplazo de panel recomendado si costo es viable.",Alta,Reemplazar panel o componente de backlight. Cotizar reparación vs equipo nuevo.,Requiere reemplazo de componente,246.87,16.6
473,Tablet,Apple,iPad Pro 11 M2,eReader,Batería,"Advertencia de batería genuina, chip de autenticación dañado","Batería degradada. Advertencia de batería genuina, chip de autenticación dañado. Verificar con diagnóstico de fabricante.",Media,Calibrar batería siguiendo procedimiento del fabricante. Verificar ciclo de carga.,En diagnóstico,74.92,2.3
474,Computadora,ASUS,ExpertCenter D5,Mini PC,Fuente de Poder,"Voltaje inestable en riel de 12V, componentes fallan","Diagnóstico general: Voltaje inestable en riel de 12V, componentes fallan. Se requiere revisión técnica especializada.",Alta,Reemplazar fuente con certificación adecuada. Verificar potencia necesaria.,En diagnóstico,125.55,6.2
475,Laptop,Apple,MacBook Pro 16 M2 Pro,Gaming,Motherboard,"VRM de motherboard sobrecalentado, throttling severo","Problema en circuito de motherboard. VRM de motherboard sobrecalentado, throttling severo. Medir voltajes en puntos de test para localizar falla.",Alta,Reparación especializada de microsoldadura. Reemplazar componentes SMD dañados.,Requiere reemplazo de componente,457.57,23.1
476,Computadora,Dell,Inspiron 3881,Mini PC,Teclado,"Teclas no responden, controlador de teclado dañado","Fallo en dispositivo de entrada. Teclas no responden, controlador de teclado dañado. Evaluar reemplazo de teclado.",Baja,Limpiar tecla específica o reemplazar keycap. Verificar configuración de idioma.,Reparable,63.11,2.2
477,Computadora,Custom/Genérica,PC Workstation Xeon,SFF,Batería,Controlador de carga de batería defectuoso,Problema de energía de batería. Controlador de carga de batería defectuoso. Evaluar seguridad de uso continuo.,Media,Calibrar batería siguiendo procedimiento del fabricante. Verificar ciclo de carga.,Garantía vigente,48.18,6.6
478,Laptop,Apple,MacBook Pro 16 M3 Pro,Workstation,Sistema Operativo,Blue screen SYSTEM_SERVICE_EXCEPTION en Windows 11,Diagnóstico general: Blue screen SYSTEM_SERVICE_EXCEPTION en Windows 11. Se requiere revisión técnica especializada.,Baja,Actualizar Windows/macOS. Ejecutar Windows Update y reparación de archivos.,En diagnóstico,44.71,3.6
479,Laptop,Apple,MacBook Air M2,Empresarial,BIOS,Incompatibilidad de BIOS con nuevo hardware instalado,Problema de configuración BIOS. Incompatibilidad de BIOS con nuevo hardware instalado. Solución: Reset de configuración y actualización de firmware.,Media,Reset de CMOS y reconfiguración de BIOS. Actualizar a última versión estable.,Reparable,31.94,7.1
480,Laptop,Lenovo,IdeaPad Gaming 3,2 en 1,GPU,"Fan de GPU no gira, temperatura excesiva","GPU con errores. Fan de GPU no gira, temperatura excesiva. Probar con drivers limpios usando DDU.",Media,Reinstalar drivers con DDU. Verificar temperatura y ventilación de GPU.,Garantía vigente,193.35,1.8
481,Tablet,Huawei,MatePad 11,Estándar,Pantalla,"Pantalla parpadea constantemente, inverter defectuoso","Pantalla defectuosa. Pantalla parpadea constantemente, inverter defectuoso. Inspeccionar conexiones y testear con pantalla externa.",Crítica,Reemplazo completo de panel LCD/LED. Verificar disponibilidad de repuesto.,Fuera de servicio,198.94,19.8
482,Computadora,HP,EliteDesk Mini,Torre,GPU,GPU no detectada en Administrador de dispositivos,"GPU fallida. GPU no detectada en Administrador de dispositivos. Si es integrada, motherboard necesita reemplazo.",Alta,Reflow o reball de GPU. Reemplazar pasta térmica. Verificar alimentación.,Requiere reemplazo de componente,481.28,8.3
483,Laptop,Apple,MacBook Pro 16 M3 Pro,Chromebook,GPU,"Error CODE 43 en GPU, Windows deshabilitó el dispositivo","Fallo en procesador gráfico. Error CODE 43 en GPU, Windows deshabilitó el dispositivo. Verificar temperatura y reflow si es BGA.",Baja,Actualizar drivers de GPU. Ajustar configuración de rendimiento.,Reparable,113.53,1.9
484,Tablet,Samsung,Galaxy Tab A8,Educacional,Pantalla,"Pantalla con artefactos coloridos, GPU o panel defectuoso","Fallo en sistema de visualización. Pantalla con artefactos coloridos, GPU o panel defectuoso. Verificar cable flex y controlador de backlight.",Alta,Reemplazar panel o componente de backlight. Cotizar reparación vs equipo nuevo.,Requiere reemplazo de componente,334.58,22.0
485,Tablet,Samsung,Galaxy Tab S9 Ultra,Educacional,RAM,Reinicios aleatorios por errores de memoria RAM,Diagnóstico: Memoria RAM con errores. Reinicios aleatorios por errores de memoria RAM. Ejecutar MemTest86 para confirmar sector dañado.,Media,Limpiar contactos con alcohol isopropílico. Reubicar módulos en slots diferentes.,Garantía vigente,77.93,6.2
486,Laptop,Huawei,MateBook E Go,Gaming,Fuente de Poder,"Fuente hace ruido eléctrico, capacitor dañado","Diagnóstico general: Fuente hace ruido eléctrico, capacitor dañado. Se requiere revisión técnica especializada.",Baja,Monitorear voltajes. Considerar reemplazo preventivo.,En diagnóstico,167.73,3.6
487,Tablet,Lenovo,Tab M8,Económica,GPU,"Fan de GPU no gira, temperatura excesiva","Diagnóstico: Tarjeta gráfica defectuosa. Fan de GPU no gira, temperatura excesiva. Testear con FurMark para reproducir fallo.",Baja,Actualizar drivers de GPU. Ajustar configuración de rendimiento.,Garantía vigente,565.12,3.3
488,Computadora,Dell,XPS Desktop 8960,Gaming,Pantalla,"Bisagra rota daña cable de pantalla, imagen se corta","Problema de display detectado. Bisagra rota daña cable de pantalla, imagen se corta. Evaluar reemplazo de panel o componentes asociados.",Crítica,Reemplazo completo de panel LCD/LED. Verificar disponibilidad de repuesto.,En diagnóstico,113.56,21.7
489,Computadora,Acer,Nitro 50,SFF,Batería,Batería no suministra energía suficiente bajo carga,Batería en estado crítico. Batería no suministra energía suficiente bajo carga. Retirar si está inflada por riesgo de seguridad.,Baja,Reemplazar batería cuando sea conveniente. Funciona con limitaciones.,En diagnóstico,128.9,3.9
490,Computadora,MSI,Infinite RS 13th,Torre,Ventilación,"Ventilador vibra anormalmente, aspas desbalanceadas","Diagnóstico general: Ventilador vibra anormalmente, aspas desbalanceadas. Se requiere revisión técnica especializada.",Crítica,Reemplazar disipador y ventilador. Reaplicar pasta térmica de calidad. Limpieza completa.,En diagnóstico,18.67,25.0
491,Laptop,Samsung,Galaxy Book3 Ultra,Gaming,RAM,"Beep code 2 pitidos, error de parity check en RAM","Error de memoria RAM. Beep code 2 pitidos, error de parity check en RAM. Verificar compatibilidad y velocidad de módulos.",Media,Limpiar contactos con alcohol isopropílico. Reubicar módulos en slots diferentes.,Garantía vigente,42.71,6.7
492,Computadora,ASUS,Chromebox 4,Mini PC,Ventilación,"Heat pipe dañado, calor no se disipa correctamente","Diagnóstico general: Heat pipe dañado, calor no se disipa correctamente. Se requiere revisión técnica especializada.",Alta,Limpiar obstrucciones y reaplicar pasta térmica. Verificar heat pipes.,Reparable,27.71,12.6
493,Computadora,Apple,Mac Studio M2 Max,Mini PC,Ventilación,Acumulación excesiva de polvo en ventilador y disipador,Diagnóstico general: Acumulación excesiva de polvo en ventilador y disipador. Se requiere revisión técnica especializada.,Alta,Limpiar obstrucciones y reaplicar pasta térmica. Verificar heat pipes.,Reparable,51.18,15.3
494,Laptop,ASUS,ZenBook 14,Ultrabook,RAM,Error MEMORY_READ_EXCEPTION en tareas pesadas,Diagnóstico general: Error MEMORY_READ_EXCEPTION en tareas pesadas. Se requiere revisión técnica especializada.,Alta,Reemplazar módulo RAM dañado. Probar con módulo nuevo en slot afectado.,Requiere reemplazo de componente,80.63,4.2
495,Computadora,ASUS,ROG Strix G10,Gaming,Batería,"Batería se descarga muy rápido, capacidad reducida","Fallo en sistema de alimentación por batería. Batería se descarga muy rápido, capacidad reducida. Reemplazo de batería necesario.",Crítica,Retirar batería inmediatamente por seguridad (inflamación). Usar solo con cargador.,En diagnóstico,35.82,26.8
496,Laptop,Apple,MacBook Pro 16 M3 Pro,2 en 1,Sistema Operativo,"DLL faltante, aplicaciones no abren","Diagnóstico general: DLL faltante, aplicaciones no abren. Se requiere revisión técnica especializada.",Media,Restaurar sistema a punto anterior. Eliminar software problemático.,En diagnóstico,77.1,6.9
497,Laptop,Apple,MacBook Pro 14 M3,Workstation,Teclado,Tecla espacio no responde en zona central,Diagnóstico general: Tecla espacio no responde en zona central. Se requiere revisión técnica especializada.,Media,Limpiar contacto de teclas afectadas. Verificar flex de conexión.,Reparable,81.89,2.8
498,Laptop,MSI,Creator Z16,Workstation,Disco Duro/SSD,"Ruidos de raspado en disco duro, cabezal dañado","Diagnóstico general: Ruidos de raspado en disco duro, cabezal dañado. Se requiere revisión técnica especializada.",Baja,Ejecutar optimización de disco. Liberar espacio en SSD para mejorar rendimiento.,Garantía vigente,52.58,1.1
499,Laptop,Huawei,MateBook 14s,2 en 1,RAM,Sistema operativo reporta memoria reservada excesiva,Diagnóstico general: Sistema operativo reporta memoria reservada excesiva. Se requiere revisión técnica especializada.,Media,Limpiar contactos con alcohol isopropílico. Reubicar módulos en slots diferentes.,Garantía vigente,84.63,4.6
500,Computadora,Acer,Veriton X2680G,All-in-One,RAM,"BSOD PAGE_FAULT_IN_NONPAGED_AREA, fallo en módulo RAM","Diagnóstico: Memoria RAM con errores. BSOD PAGE_FAULT_IN_NONPAGED_AREA, fallo en módulo RAM. Ejecutar MemTest86 para confirmar sector dañado.",Crítica,Reemplazo inmediato de módulo RAM defectuoso. Verificar compatibilidad con placa madre.,Requiere reemplazo de componente,47.74,14.2
501,Laptop,Huawei,MateBook 14s,Empresarial,Disco Duro/SSD,"SSD con vida útil agotada, escrituras fallidas","Diagnóstico general: SSD con vida útil agotada, escrituras fallidas. Se requiere revisión técnica especializada.",Baja,Ejecutar optimización de disco. Liberar espacio en SSD para mejorar rendimiento.,Reparable,175.47,2.1
502,Computadora,ASUS,ProArt Station PD5,Servidor,RAM,Sistema se congela al consumir más del 75% de RAM,Fallo de memoria detectado. Sistema se congela al consumir más del 75% de RAM. Se recomienda reemplazar módulo defectuoso.,Baja,Ejecutar diagnóstico de memoria extendido. Monitorear en próximos días.,Reparable,78.33,2.6
503,Computadora,Custom/Genérica,PC Economica Ryzen 5,SFF,RAM,Error MEMORY_READ_EXCEPTION en tareas pesadas,Diagnóstico general: Error MEMORY_READ_EXCEPTION en tareas pesadas. Se requiere revisión técnica especializada.,Media,Limpiar contactos con alcohol isopropílico. Reubicar módulos en slots diferentes.,Reparable,47.63,4.0
504,Computadora,ASUS,VivoBook 22 Desktop,SFF,BIOS,BIOS legacy no soporta arranque UEFI,Problema de configuración BIOS. BIOS legacy no soporta arranque UEFI. Solución: Reset de configuración y actualización de firmware.,Crítica,"Retroflash de BIOS con programador externo SPI. Si no es posible, reemplazo de placa madre.",Requiere reemplazo de componente,24.88,16.9
505,Laptop,Samsung,Galaxy Book2 360,Gaming,GPU,"Pantalla azul VIDEO_TDR_FAILURE, GPU dedicada fallida","Display con defecto. Pantalla azul VIDEO_TDR_FAILURE, GPU dedicada fallida. Reemplazo de panel recomendado si costo es viable.",Baja,Actualizar drivers de GPU. Ajustar configuración de rendimiento.,Garantía vigente,297.69,1.3
506,Laptop,Huawei,MateBook 14s,Ultrabook,Disco Duro/SSD,"Disco con latencia alta, sectores lentos detectados","Diagnóstico general: Disco con latencia alta, sectores lentos detectados. Se requiere revisión técnica especializada.",Crítica,Clonar disco inmediatamente si es posible. Reemplazo urgente de unidad. Recuperación de datos profesional.,Fuera de servicio,162.54,18.5
507,Computadora,Acer,Veriton X2680G,SFF,Ventilación,"Ventilador vibra anormalmente, aspas desbalanceadas","Diagnóstico general: Ventilador vibra anormalmente, aspas desbalanceadas. Se requiere revisión técnica especializada.",Media,Limpieza de polvo con aire comprimido. Verificar RPM del ventilador.,Garantía vigente,53.32,7.3
508,Computadora,Dell,OptiPlex 5090,Mini PC,Batería,"Batería inflada, deformación visible del chasis","Batería en estado crítico. Batería inflada, deformación visible del chasis. Retirar si está inflada por riesgo de seguridad.",Crítica,Retirar batería inmediatamente por seguridad (inflamación). Usar solo con cargador.,Fuera de servicio,68.61,9.5
509,Tablet,Apple,iPad Air M2,Económica,Puertos,"Puerto de carga USB-C no funciona, PD dañado","Diagnóstico general: Puerto de carga USB-C no funciona, PD dañado. Se requiere revisión técnica especializada.",Media,Limpiar puerto con aire comprimido. Verificar drivers del controlador USB.,Reparable,38.73,4.1
510,Laptop,Lenovo,IdeaPad 5 Pro,Workstation,Sistema Operativo,"Actualización de Windows fallida, bucle de reinicio","Diagnóstico general: Actualización de Windows fallida, bucle de reinicio. Se requiere revisión técnica especializada.",Media,Restaurar sistema a punto anterior. Eliminar software problemático.,Garantía vigente,60.67,4.7
511,Laptop,Lenovo,Yoga 7i,Chromebook,Disco Duro/SSD,Error INACCESSIBLE_BOOT_DEVICE al iniciar Windows,Diagnóstico general: Error INACCESSIBLE_BOOT_DEVICE al iniciar Windows. Se requiere revisión técnica especializada.,Baja,Ejecutar optimización de disco. Liberar espacio en SSD para mejorar rendimiento.,Garantía vigente,175.54,2.7
512,Computadora,Gigabyte,AORUS Model S,Torre,Pantalla,"Pantalla parpadea constantemente, inverter defectuoso","Pantalla defectuosa. Pantalla parpadea constantemente, inverter defectuoso. Inspeccionar conexiones y testear con pantalla externa.",Baja,Calibrar pantalla y actualizar driver de vídeo. Ajustar perfil de color.,Reparable,93.91,3.5
513,Laptop,MSI,Summit E16,Chromebook,RAM,"Sistema lento, RAM al 100% con pocas aplicaciones abiertas","Problema de memoria. Sistema lento, RAM al 100% con pocas aplicaciones abiertas. Revisar slots y limpieza de contactos con alcohol isopropílico.",Media,Limpiar contactos con alcohol isopropílico. Reubicar módulos en slots diferentes.,Garantía vigente,52.58,5.6
514,Tablet,Amazon,Fire HD 10,2 en 1,Pantalla,"Pantalla con imagen residual, burn-in en panel OLED","Pantalla defectuosa. Pantalla con imagen residual, burn-in en panel OLED. Inspeccionar conexiones y testear con pantalla externa.",Media,Reemplazar cable flex o inverter. Verificar conexión al motherboard.,Garantía vigente,263.4,6.2
515,Computadora,Acer,Veriton X2680G,Micro,Pantalla,"Pantalla con manchas oscuras, daño por presión","Display con defecto. Pantalla con manchas oscuras, daño por presión. Reemplazo de panel recomendado si costo es viable.",Alta,Reemplazar panel o componente de backlight. Cotizar reparación vs equipo nuevo.,En diagnóstico,171.48,19.2
516,Computadora,Acer,Veriton X2680G,Mini PC,RAM,Memoria RAM causa artefactos visuales en pantalla,Error de memoria RAM. Memoria RAM causa artefactos visuales en pantalla. Verificar compatibilidad y velocidad de módulos.,Baja,Ejecutar diagnóstico de memoria extendido. Monitorear en próximos días.,En diagnóstico,95.16,1.5
517,Computadora,HP,EliteDesk 800 G8,All-in-One,BIOS,BIOS no detecta tarjeta gráfica dedicada,Error de inicialización de BIOS detectado. BIOS no detecta tarjeta gráfica dedicada. Verificar batería CMOS y versión de firmware.,Media,Reset de CMOS y reconfiguración de BIOS. Actualizar a última versión estable.,Reparable,40.23,4.1
518,Computadora,Lenovo,IdeaCentre Gaming 5,Torre,Sistema Operativo,"Sistema extremadamente lento, malware detectado","Diagnóstico general: Sistema extremadamente lento, malware detectado. Se requiere revisión técnica especializada.",Media,Restaurar sistema a punto anterior. Eliminar software problemático.,Garantía vigente,2.36,4.6
519,Computadora,ASUS,VivoBook 22 Desktop,Mini PC,Motherboard,"Motherboard con condensadores inflados, inestabilidad","Fallo en placa madre. Motherboard con condensadores inflados, inestabilidad. Evaluar viabilidad de reparación vs reemplazo.",Alta,Reparación especializada de microsoldadura. Reemplazar componentes SMD dañados.,Requiere reemplazo de componente,171.43,19.8
520,Laptop,Samsung,Galaxy Book2 Pro,Gaming,Ventilación,"Ventilador hace ruido excesivo, rodamiento dañado","Diagnóstico general: Ventilador hace ruido excesivo, rodamiento dañado. Se requiere revisión técnica especializada.",Alta,Limpiar obstrucciones y reaplicar pasta térmica. Verificar heat pipes.,En diagnóstico,18.8,2.7
521,Computadora,Dell,Inspiron 3881,Micro,Puertos,Puertos USB dan descarga estática al conectar,Puerto de E/S dañado. Puertos USB dan descarga estática al conectar. Evaluar reparación o uso de adaptadores alternativos.,Media,Limpiar puerto con aire comprimido. Verificar drivers del controlador USB.,Reparable,161.17,7.3
522,Laptop,Samsung,Galaxy Book2 Pro,Workstation,Batería,"Laptop se apaga al desconectar el cargador, batería muerta","Batería en estado crítico. Laptop se apaga al desconectar el cargador, batería muerta. Retirar si está inflada por riesgo de seguridad.",Alta,Reemplazar batería con original de fabricante. No usar baterías genéricas.,En diagnóstico,84.19,20.0
523,Laptop,Samsung,Galaxy Book2 360,Empresarial,BIOS,"Boot device not found, BIOS no lista ningún dispositivo arrancable","Fallo en firmware BIOS. Boot device not found, BIOS no lista ningún dispositivo arrancable. Se recomienda reemplazo de chip BIOS.",Crítica,"Retroflash de BIOS con programador externo SPI. Si no es posible, reemplazo de placa madre.",En diagnóstico,121.62,16.0
524,Computadora,Apple,Mac Studio M2 Max,Micro,Disco Duro/SSD,"SSD no detectado en BIOS, controlador NVMe dañado","Fallo en firmware BIOS. SSD no detectado en BIOS, controlador NVMe dañado. Se recomienda reemplazo de chip BIOS.",Crítica,Clonar disco inmediatamente si es posible. Reemplazo urgente de unidad. Recuperación de datos profesional.,Requiere reemplazo de componente,172.03,10.9
525,Computadora,HP,HP 290 G9,All-in-One,Disco Duro/SSD,"Disco muestra capacidad incorrecta, tabla de particiones dañada","Diagnóstico general: Disco muestra capacidad incorrecta, tabla de particiones dañada. Se requiere revisión técnica especializada.",Alta,Respaldar datos y reemplazar disco. Ejecutar recuperación con herramientas especializadas.,En diagnóstico,94.5,15.5
526,Tablet,Amazon,Fire HD 10,2 en 1,Disco Duro/SSD,"Disco duro con PCB quemada, no recibe alimentación","Diagnóstico general: Disco duro con PCB quemada, no recibe alimentación. Se requiere revisión técnica especializada.",Baja,Ejecutar optimización de disco. Liberar espacio en SSD para mejorar rendimiento.,Reparable,81.06,2.8
527,Computadora,Lenovo,IdeaCentre AIO 3,Mini PC,Disco Duro/SSD,"Disco duro externo no monta, controlador USB-SATA fallido","Diagnóstico general: Disco duro externo no monta, controlador USB-SATA fallido. Se requiere revisión técnica especializada.",Alta,Respaldar datos y reemplazar disco. Ejecutar recuperación con herramientas especializadas.,Reparable,75.05,4.0
528,Laptop,Toshiba,Satellite Pro R50,2 en 1,Fuente de Poder,Fuente no suministra suficiente energía a GPU dedicada,"GPU fallida. Fuente no suministra suficiente energía a GPU dedicada. Si es integrada, motherboard necesita reemplazo.",Alta,Reemplazar fuente con certificación adecuada. Verificar potencia necesaria.,En diagnóstico,100.06,2.7
529,Laptop,HP,EliteBook 840,Ultrabook,Sistema Operativo,Blue screen SYSTEM_SERVICE_EXCEPTION en Windows 11,Diagnóstico general: Blue screen SYSTEM_SERVICE_EXCEPTION en Windows 11. Se requiere revisión técnica especializada.,Alta,Reparación de arranque con herramientas de recuperación. SFC y DISM.,Reparable,62.48,4.7
530,Tablet,Amazon,Fire Max 11,2 en 1,Disco Duro/SSD,Partición de recuperación inaccesible en disco,Diagnóstico general: Partición de recuperación inaccesible en disco. Se requiere revisión técnica especializada.,Baja,Ejecutar optimización de disco. Liberar espacio en SSD para mejorar rendimiento.,Garantía vigente,203.73,1.0
531,Laptop,Acer,Aspire 3,Económica,Batería,Sistema entra en hibernación repentino por batería,Problema de energía de batería. Sistema entra en hibernación repentino por batería. Evaluar seguridad de uso continuo.,Media,Calibrar batería siguiendo procedimiento del fabricante. Verificar ciclo de carga.,Garantía vigente,112.68,5.0
532,Laptop,ASUS,Chromebook CX1,Workstation,Motherboard,CMOS battery connector roto en motherboard,Motherboard con daño eléctrico. CMOS battery connector roto en motherboard. Inspeccionar con microscopio y multímetro.,Alta,Reparación especializada de microsoldadura. Reemplazar componentes SMD dañados.,Reparable,339.45,13.2
533,Laptop,Lenovo,ThinkPad T14,Workstation,BIOS,"Fan speed no controlado por BIOS, ventilador a máxima velocidad","Diagnóstico: Corrupción de BIOS. Fan speed no controlado por BIOS, ventilador a máxima velocidad. Procedimiento: Reflashing con método de recuperación del fabricante.",Alta,Flashear BIOS desde USB con método de recuperación del fabricante. Verificar versión actual.,En diagnóstico,111.17,23.7
534,Computadora,Gigabyte,Aero D1 Desktop,All-in-One,Disco Duro/SSD,"Disco duro hace clic repetitivo, fallo mecánico inminente","Diagnóstico general: Disco duro hace clic repetitivo, fallo mecánico inminente. Se requiere revisión técnica especializada.",Alta,Respaldar datos y reemplazar disco. Ejecutar recuperación con herramientas especializadas.,Reparable,74.61,23.3
535,Laptop,ASUS,Chromebook CX1,Económica,Motherboard,"Filtro de EMI dañado, interferencia en audio/video","Sistema de audio dañado. Filtro de EMI dañado, interferencia en audio/video. Si es hardware, evaluar placa de audio USB como alternativa.",Alta,Reparación especializada de microsoldadura. Reemplazar componentes SMD dañados.,Requiere reemplazo de componente,387.47,6.1
536,Computadora,Huawei,MateStation S,Workstation,Ventilación,"Ventilador vibra anormalmente, aspas desbalanceadas","Diagnóstico general: Ventilador vibra anormalmente, aspas desbalanceadas. Se requiere revisión técnica especializada.",Alta,Limpiar obstrucciones y reaplicar pasta térmica. Verificar heat pipes.,Reparable,49.64,5.8
537,Laptop,Acer,Aspire 5,Económica,Disco Duro/SSD,Disco muestra advertencia de fallo inminente,Diagnóstico general: Disco muestra advertencia de fallo inminente. Se requiere revisión técnica especializada.,Alta,Respaldar datos y reemplazar disco. Ejecutar recuperación con herramientas especializadas.,Requiere reemplazo de componente,109.93,10.3
538,Computadora,Gigabyte,B550 Vision D,Workstation,Puertos,"Puerto Ethernet no detecta cable, LED no enciende","Diagnóstico general: Puerto Ethernet no detecta cable, LED no enciende. Se requiere revisión técnica especializada.",Crítica,Reemplazo de placa de puertos o motherboard. Daño irreparable en múltiples puertos.,Requiere reemplazo de componente,131.32,46.0
539,Laptop,Apple,MacBook Pro 13 M2,2 en 1,GPU,"Rayos y artefactos en pantalla al iniciar juegos, GPU dañada","Display con defecto. Rayos y artefactos en pantalla al iniciar juegos, GPU dañada. Reemplazo de panel recomendado si costo es viable.",Media,Reinstalar drivers con DDU. Verificar temperatura y ventilación de GPU.,Reparable,594.31,5.7
540,Computadora,HP,Z4 G5 Workstation,Gaming,BIOS,BIOS no detecta tarjeta gráfica dedicada,Problema de configuración BIOS. BIOS no detecta tarjeta gráfica dedicada. Solución: Reset de configuración y actualización de firmware.,Baja,Actualizar BIOS a la última versión disponible. Reemplazar batería CMOS si es necesario.,Reparable,145.42,2.6
541,Computadora,MSI,All-in-One PC AG271,Torre,BIOS,BIOS no guarda cambios después de guardar y salir,Diagnóstico: Corrupción de BIOS. BIOS no guarda cambios después de guardar y salir. Procedimiento: Reflashing con método de recuperación del fabricante.,Baja,Actualizar BIOS a la última versión disponible. Reemplazar batería CMOS si es necesario.,En diagnóstico,108.92,1.3
542,Computadora,ASUS,ROG Strix G10,Gaming,BIOS,"BIOS no detecta RAM nueva, módulos no compatibles","Se requiere flashear la BIOS para restaurar funcionalidad. BIOS no detecta RAM nueva, módulos no compatibles",Alta,Flashear BIOS desde USB con método de recuperación del fabricante. Verificar versión actual.,Requiere reemplazo de componente,122.92,13.0
543,Laptop,Samsung,Galaxy Book2 360,Gaming,Puertos,Puertos USB dan descarga estática al conectar,Fallo en conectividad de puertos. Puertos USB dan descarga estática al conectar. Verificar controlador I/O y soldaduras.,Media,Limpiar puerto con aire comprimido. Verificar drivers del controlador USB.,Reparable,67.25,3.1
544,Laptop,Dell,Latitude 5540,Empresarial,Disco Duro/SSD,"SSD con firmware corrupto, no monta partición","Diagnóstico general: SSD con firmware corrupto, no monta partición. Se requiere revisión técnica especializada.",Crítica,Clonar disco inmediatamente si es posible. Reemplazo urgente de unidad. Recuperación de datos profesional.,Requiere reemplazo de componente,49.65,35.9
545,Computadora,Lenovo,ThinkCentre M90q,Workstation,GPU,"Error CODE 43 en GPU, Windows deshabilitó el dispositivo","Problema de vídeo por GPU. Error CODE 43 en GPU, Windows deshabilitó el dispositivo. Verificar alimentación PCIe y conectores de poder.",Baja,Actualizar drivers de GPU. Ajustar configuración de rendimiento.,Garantía vigente,384.59,2.7
546,Computadora,ASUS,Chromebox 4,Workstation,RAM,"SODIMM RAM con pines dañados, contacto intermitente","Error de memoria RAM. SODIMM RAM con pines dañados, contacto intermitente. Verificar compatibilidad y velocidad de módulos.",Baja,Ejecutar diagnóstico de memoria extendido. Monitorear en próximos días.,Reparable,86.14,2.7
547,Laptop,HP,ProBook 450,Gaming,Motherboard,"Placa no detecta disco SATA, controlador dañado","Diagnóstico general: Placa no detecta disco SATA, controlador dañado. Se requiere revisión técnica especializada.",Alta,Reparación especializada de microsoldadura. Reemplazar componentes SMD dañados.,En diagnóstico,241.08,20.8
548,Laptop,HP,Pavilion 15,Ultrabook,Batería,Batería no detectada por el sistema operativo,Diagnóstico: Batería defectuosa. Batería no detectada por el sistema operativo. Reemplazar con batería original certificada.,Crítica,Retirar batería inmediatamente por seguridad (inflamación). Usar solo con cargador.,Fuera de servicio,141.42,36.7
549,Computadora,Huawei,MateStation X,Micro,BIOS,BIOS no detecta tarjeta gráfica dedicada,Diagnóstico: Corrupción de BIOS. BIOS no detecta tarjeta gráfica dedicada. Procedimiento: Reflashing con método de recuperación del fabricante.,Alta,Flashear BIOS desde USB con método de recuperación del fabricante. Verificar versión actual.,Requiere reemplazo de componente,106.17,23.5
550,Computadora,MSI,Modern AM241,Torre,BIOS,"BIOS no reconoce puertos USB, controlador dañado","Diagnóstico: Corrupción de BIOS. BIOS no reconoce puertos USB, controlador dañado. Procedimiento: Reflashing con método de recuperación del fabricante.",Baja,Actualizar BIOS a la última versión disponible. Reemplazar batería CMOS si es necesario.,Garantía vigente,91.59,1.3
551,Computadora,Custom/Genérica,PC Gaming RTX 4070,Servidor,Disco Duro/SSD,"Error CRC en disco, datos corruptos al copiar archivos","Diagnóstico general: Error CRC en disco, datos corruptos al copiar archivos. Se requiere revisión técnica especializada.",Alta,Respaldar datos y reemplazar disco. Ejecutar recuperación con herramientas especializadas.,Reparable,247.58,23.3
552,Tablet,Lenovo,Idea Tab K10,Gaming,Conectividad,"Velocidad WiFi muy lenta, antena interna dañada","Diagnóstico general: Velocidad WiFi muy lenta, antena interna dañada. Se requiere revisión técnica especializada.",Baja,Resetear adaptador de red. Olvidar y reconectar redes WiFi.,En diagnóstico,75.27,4.0
553,Laptop,Samsung,Galaxy Book Go,Premium,Motherboard,"VRM de motherboard sobrecalentado, throttling severo","Problema en circuito de motherboard. VRM de motherboard sobrecalentado, throttling severo. Medir voltajes en puntos de test para localizar falla.",Alta,Reparación especializada de microsoldadura. Reemplazar componentes SMD dañados.,Requiere reemplazo de componente,362.47,14.7
554,Computadora,MSI,Cubi 5,Workstation,Pantalla,"Pantalla táctil con calibración desviada, toques imprecisos","Display con defecto. Pantalla táctil con calibración desviada, toques imprecisos. Reemplazo de panel recomendado si costo es viable.",Media,Reemplazar cable flex o inverter. Verificar conexión al motherboard.,Garantía vigente,277.05,7.7
555,Computadora,Huawei,MateStation X,Micro,RAM,Error de memoria al instalar nuevo módulo RAM,Inestabilidad por RAM defectuosa. Error de memoria al instalar nuevo módulo RAM. Probar módulos individualmente para aislar el dañado.,Media,Limpiar contactos con alcohol isopropílico. Reubicar módulos en slots diferentes.,Garantía vigente,89.1,5.3
556,Tablet,Apple,iPad 9th Gen,Profesional,Sistema Operativo,Blue screen SYSTEM_SERVICE_EXCEPTION en Windows 11,Diagnóstico general: Blue screen SYSTEM_SERVICE_EXCEPTION en Windows 11. Se requiere revisión técnica especializada.,Media,Restaurar sistema a punto anterior. Eliminar software problemático.,En diagnóstico,32.91,6.7
557,Laptop,Apple,MacBook Pro 13 M2,Chromebook,Motherboard,Placa madre con cortocircuito en sección de alimentación,Diagnóstico general: Placa madre con cortocircuito en sección de alimentación. Se requiere revisión técnica especializada.,Media,Reparar pista o componente específico. Verificar todos los circuitos de alimentación.,Reparable,430.63,2.7
558,Computadora,Dell,OptiPlex 7090,Workstation,Pantalla,"Screen tearing constante, VSync no funciona","Diagnóstico general: Screen tearing constante, VSync no funciona. Se requiere revisión técnica especializada.",Crítica,Reemplazo completo de panel LCD/LED. Verificar disponibilidad de repuesto.,Requiere reemplazo de componente,60.46,42.3
559,Computadora,MSI,Infinite RS 13th,All-in-One,Batería,Porcentaje de batería salta de 30% a 5% sin aviso,Problema de energía de batería. Porcentaje de batería salta de 30% a 5% sin aviso. Evaluar seguridad de uso continuo.,Media,Calibrar batería siguiendo procedimiento del fabricante. Verificar ciclo de carga.,En diagnóstico,73.86,7.4
560,Computadora,Acer,Chromebox CXI5,Micro,Puertos,"Puerto Ethernet no detecta cable, LED no enciende","Diagnóstico general: Puerto Ethernet no detecta cable, LED no enciende. Se requiere revisión técnica especializada.",Media,Limpiar puerto con aire comprimido. Verificar drivers del controlador USB.,En diagnóstico,34.85,5.0
561,Tablet,Samsung,Galaxy Tab S9,Educacional,Pantalla,"Pantalla con dead zones, zonas que no responden al tacto","Diagnóstico: Panel o componentes de pantalla dañados. Pantalla con dead zones, zonas que no responden al tacto. Probar con monitor externo para descartar GPU.",Media,Reemplazar cable flex o inverter. Verificar conexión al motherboard.,Reparable,243.61,3.7
562,Computadora,Apple,Mac mini M2,Gaming,Disco Duro/SSD,"Disco duro no gira, motor spindle fallido","Diagnóstico general: Disco duro no gira, motor spindle fallido. Se requiere revisión técnica especializada.",Alta,Respaldar datos y reemplazar disco. Ejecutar recuperación con herramientas especializadas.,En diagnóstico,85.67,10.2
563,Computadora,MSI,Aegis RS 13th,Gaming,BIOS,"Pantalla negra al encender, BIOS no inicializa vídeo","Se requiere flashear la BIOS para restaurar funcionalidad. Pantalla negra al encender, BIOS no inicializa vídeo",Baja,Actualizar BIOS a la última versión disponible. Reemplazar batería CMOS si es necesario.,En diagnóstico,87.89,0.9
564,Computadora,MSI,Aegis RS 13th,Micro,Fuente de Poder,"Fuente hace ruido eléctrico, capacitor dañado","Diagnóstico general: Fuente hace ruido eléctrico, capacitor dañado. Se requiere revisión técnica especializada.",Media,Verificar conexiones y cables. Probar con fuente de respaldo.,Reparable,120.44,7.3
565,Laptop,Lenovo,IdeaPad Gaming 3,Económica,GPU,"Driver de GPU no instala, hardware no compatible","Problema de vídeo por GPU. Driver de GPU no instala, hardware no compatible. Verificar alimentación PCIe y conectores de poder.",Crítica,"Reemplazo de GPU dedicada. Si es integrada, reemplazo de motherboard.",Requiere reemplazo de componente,484.0,31.7
566,Tablet,Lenovo,Tab M8,2 en 1,Disco Duro/SSD,"Disco muestra capacidad incorrecta, tabla de particiones dañada","Diagnóstico general: Disco muestra capacidad incorrecta, tabla de particiones dañada. Se requiere revisión técnica especializada.",Media,Ejecutar CHKDSK y reparación de sectores. Monitorear SMART diariamente.,Reparable,102.75,2.6
567,Laptop,MSI,Cyborg 15,Chromebook,Sistema Operativo,"Sistema se congela aleatoriamente, conflicto de drivers","Diagnóstico general: Sistema se congela aleatoriamente, conflicto de drivers. Se requiere revisión técnica especializada.",Media,Restaurar sistema a punto anterior. Eliminar software problemático.,En diagnóstico,73.2,1.7
568,Computadora,ASUS,VivoBook 22 Desktop,Gaming,RAM,"Fallo en test de memoria Windows, errores detectados","Diagnóstico general: Fallo en test de memoria Windows, errores detectados. Se requiere revisión técnica especializada.",Crítica,Reemplazo inmediato de módulo RAM defectuoso. Verificar compatibilidad con placa madre.,Requiere reemplazo de componente,54.18,40.4
569,Laptop,Apple,MacBook Pro 16 M2 Pro,Económica,Motherboard,Motherboard con corrosión por líquido derramado,Fallo de memoria detectado. Motherboard con corrosión por líquido derramado. Se recomienda reemplazar módulo defectuoso.,Media,Reparar pista o componente específico. Verificar todos los circuitos de alimentación.,Garantía vigente,146.01,1.7
570,Tablet,Samsung,Galaxy Tab S7 FE,Estándar,Fuente de Poder,"Olor a quemado desde la fuente, componente quemado","Diagnóstico general: Olor a quemado desde la fuente, componente quemado. Se requiere revisión técnica especializada.",Crítica,Reemplazo inmediato de fuente. No intentar reparar por riesgo eléctrico.,Requiere reemplazo de componente,113.27,23.6
571,Laptop,Apple,MacBook Pro 16 M3 Pro,Chromebook,Ventilación,"CPU se sobrecalienta, ventilador no gira","Diagnóstico general: CPU se sobrecalienta, ventilador no gira. Se requiere revisión técnica especializada.",Crítica,Reemplazar disipador y ventilador. Reaplicar pasta térmica de calidad. Limpieza completa.,Requiere reemplazo de componente,56.66,34.8
572,Tablet,Huawei,MatePad Pro 12.6,eReader,Conectividad,"Conexión WiFi se cae constantemente, driver inestable","Diagnóstico general: Conexión WiFi se cae constantemente, driver inestable. Se requiere revisión técnica especializada.",Alta,Reinstalar drivers. Verificar antenas internas. Reemplazar módulo M.2 si aplica.,Requiere reemplazo de componente,94.71,17.3
573,Laptop,HP,ProBook 450,Empresarial,Disco Duro/SSD,SMART warning: Reallocated Sector Count excedido,Diagnóstico general: SMART warning: Reallocated Sector Count excedido. Se requiere revisión técnica especializada.,Alta,Respaldar datos y reemplazar disco. Ejecutar recuperación con herramientas especializadas.,En diagnóstico,142.96,11.9
574,Computadora,Gigabyte,Aero D1 Desktop,Servidor,Disco Duro/SSD,Error de formato al intentar reparar disco,Diagnóstico general: Error de formato al intentar reparar disco. Se requiere revisión técnica especializada.,Media,Ejecutar CHKDSK y reparación de sectores. Monitorear SMART diariamente.,Reparable,233.95,7.0
575,Laptop,Acer,Predator Helios 16,Workstation,Motherboard,"Southbridge dañado, puertos SATA no responden","Diagnóstico: Puerto defectuoso. Southbridge dañado, puertos SATA no responden. Inspeccionar pines y soldaduras con lupa.",Media,Reparar pista o componente específico. Verificar todos los circuitos de alimentación.,Garantía vigente,123.94,3.3
576,Laptop,HP,EliteBook 840,Gaming,Motherboard,Conector de pantalla dañado en motherboard de laptop,Componente de motherboard dañado. Conector de pantalla dañado en motherboard de laptop. Se requiere microsoldadura especializada.,Baja,Limpieza profunda y rethermal. Verificar conexiones y reseat de componentes.,En diagnóstico,214.22,2.8
577,Tablet,Amazon,Fire 7,eReader,Pantalla,"Touchscreen no responde, controlador táctil dañado","Diagnóstico general: Touchscreen no responde, controlador táctil dañado. Se requiere revisión técnica especializada.",Crítica,Reemplazo completo de panel LCD/LED. Verificar disponibilidad de repuesto.,En diagnóstico,283.34,24.4
578,Computadora,ASUS,Chromebox 4,Servidor,Disco Duro/SSD,Error de formato al intentar reparar disco,Diagnóstico general: Error de formato al intentar reparar disco. Se requiere revisión técnica especializada.,Media,Ejecutar CHKDSK y reparación de sectores. Monitorear SMART diariamente.,Garantía vigente,136.12,7.7
579,Laptop,HP,Pavilion Gaming 15,Workstation,Batería,Batería no detectada por el sistema operativo,Fallo en sistema de alimentación por batería. Batería no detectada por el sistema operativo. Reemplazo de batería necesario.,Baja,Reemplazar batería cuando sea conveniente. Funciona con limitaciones.,Garantía vigente,73.27,3.9
580,Laptop,Dell,Alienware m16,Workstation,Ventilación,"CPU se sobrecalienta, ventilador no gira","Diagnóstico general: CPU se sobrecalienta, ventilador no gira. Se requiere revisión técnica especializada.",Media,Limpieza de polvo con aire comprimido. Verificar RPM del ventilador.,Garantía vigente,25.55,7.0
581,Computadora,ASUS,VivoBook 22 Desktop,SFF,Fuente de Poder,Fuente no suministra suficiente energía a GPU dedicada,Diagnóstico: Tarjeta gráfica defectuosa. Fuente no suministra suficiente energía a GPU dedicada. Testear con FurMark para reproducir fallo.,Alta,Reemplazar fuente con certificación adecuada. Verificar potencia necesaria.,Reparable,39.75,3.9
582,Laptop,Huawei,MateBook 14s,Premium,Pantalla,"Bisagra rota daña cable de pantalla, imagen se corta","Display con defecto. Bisagra rota daña cable de pantalla, imagen se corta. Reemplazo de panel recomendado si costo es viable.",Media,Reemplazar cable flex o inverter. Verificar conexión al motherboard.,En diagnóstico,61.06,4.2
583,Laptop,Toshiba,Tecra A50,2 en 1,Pantalla,"Flex de pantalla dañado, imagen intermitente","Problema de display detectado. Flex de pantalla dañado, imagen intermitente. Evaluar reemplazo de panel o componentes asociados.",Crítica,Reemplazo completo de panel LCD/LED. Verificar disponibilidad de repuesto.,Fuera de servicio,349.32,29.9
584,Laptop,HP,ProBook 450,Chromebook,Pantalla,"Touchscreen no responde, controlador táctil dañado","Diagnóstico general: Touchscreen no responde, controlador táctil dañado. Se requiere revisión técnica especializada.",Media,Reemplazar cable flex o inverter. Verificar conexión al motherboard.,Reparable,73.36,5.1
585,Tablet,Apple,iPad Air M2,eReader,Motherboard,"Fan header dañado, ventilador no gira","Diagnóstico general: Fan header dañado, ventilador no gira. Se requiere revisión técnica especializada.",Alta,Reparación especializada de microsoldadura. Reemplazar componentes SMD dañados.,Requiere reemplazo de componente,386.46,11.8
586,Computadora,Apple,Mac Studio M2 Max,Torre,Disco Duro/SSD,Disco muestra advertencia de fallo inminente,Diagnóstico general: Disco muestra advertencia de fallo inminente. Se requiere revisión técnica especializada.,Media,Ejecutar CHKDSK y reparación de sectores. Monitorear SMART diariamente.,En diagnóstico,146.35,1.1
587,Computadora,MSI,Modern AM241,Gaming,Conectividad,"Bluetooth no funciona, módulo no detectado","Diagnóstico general: Bluetooth no funciona, módulo no detectado. Se requiere revisión técnica especializada.",Crítica,"Reemplazo de módulo WiFi/Bluetooth. Si es integrado, usar adaptador USB.",En diagnóstico,67.45,16.5
588,Laptop,Samsung,Galaxy Book3 Ultra,Chromebook,Motherboard,Motherboard no entra en suspensión correctamente,Problema en circuito de motherboard. Motherboard no entra en suspensión correctamente. Medir voltajes en puntos de test para localizar falla.,Crítica,Reemplazo de placa madre. Evaluar costo vs equipo nuevo. Rescatar componentes reutilizables.,En diagnóstico,486.73,23.1
589,Computadora,Huawei,MateStation B515,Servidor,Sistema Operativo,"Pantalla azul al iniciar, controlador incompatible","Display con defecto. Pantalla azul al iniciar, controlador incompatible. Reemplazo de panel recomendado si costo es viable.",Crítica,Reinstalación limpia del sistema operativo. Backup completo de datos primero.,Fuera de servicio,18.92,28.7
590,Laptop,Acer,Swift 3,Ultrabook,RAM,Pantalla azul MEMORY_MANAGEMENT al usar múltiples aplicaciones,Pantalla defectuosa. Pantalla azul MEMORY_MANAGEMENT al usar múltiples aplicaciones. Inspeccionar conexiones y testear con pantalla externa.,Media,Limpiar contactos con alcohol isopropílico. Reubicar módulos en slots diferentes.,Garantía vigente,35.45,3.5
591,Laptop,Huawei,MateBook E Go,Económica,Pantalla,"Pantalla con artefactos coloridos, GPU o panel defectuoso","Fallo en sistema de visualización. Pantalla con artefactos coloridos, GPU o panel defectuoso. Verificar cable flex y controlador de backlight.",Media,Reemplazar cable flex o inverter. Verificar conexión al motherboard.,Reparable,296.2,1.5
592,Laptop,Toshiba,Satellite C55,Ultrabook,Disco Duro/SSD,"Disco duro con PCB quemada, no recibe alimentación","Diagnóstico general: Disco duro con PCB quemada, no recibe alimentación. Se requiere revisión técnica especializada.",Alta,Respaldar datos y reemplazar disco. Ejecutar recuperación con herramientas especializadas.,Reparable,214.43,13.0
593,Laptop,Dell,Inspiron 16 5000,Gaming,Disco Duro/SSD,Disco con Bad Blocks en zona crítica del sistema,Diagnóstico general: Disco con Bad Blocks en zona crítica del sistema. Se requiere revisión técnica especializada.,Crítica,Clonar disco inmediatamente si es posible. Reemplazo urgente de unidad. Recuperación de datos profesional.,En diagnóstico,214.07,24.9
594,Computadora,HP,Pavilion Desktop,SFF,Motherboard,"Placa no detecta disco SATA, controlador dañado","Diagnóstico general: Placa no detecta disco SATA, controlador dañado. Se requiere revisión técnica especializada.",Alta,Reparación especializada de microsoldadura. Reemplazar componentes SMD dañados.,Requiere reemplazo de componente,424.59,3.4
595,Laptop,Apple,MacBook Air M2,Gaming,GPU,"Rayos y artefactos en pantalla al iniciar juegos, GPU dañada","Problema de display detectado. Rayos y artefactos en pantalla al iniciar juegos, GPU dañada. Evaluar reemplazo de panel o componentes asociados.",Media,Reinstalar drivers con DDU. Verificar temperatura y ventilación de GPU.,En diagnóstico,204.3,7.7
596,Laptop,Acer,Nitro 5,Gaming,Ventilación,"Ventilador hace ruido excesivo, rodamiento dañado","Diagnóstico general: Ventilador hace ruido excesivo, rodamiento dañado. Se requiere revisión técnica especializada.",Media,Limpieza de polvo con aire comprimido. Verificar RPM del ventilador.,Reparable,38.32,6.2
597,Laptop,HP,Stream 14,Económica,Motherboard,"Puertos USB traseros no funcionan, controlador I/O dañado","Fallo en conectividad de puertos. Puertos USB traseros no funcionan, controlador I/O dañado. Verificar controlador I/O y soldaduras.",Media,Reparar pista o componente específico. Verificar todos los circuitos de alimentación.,Garantía vigente,477.52,5.0
598,Computadora,Acer,Chromebox CXI5,Micro,Audio,"Micrófono no funciona, jack de audio dañado","Sistema de audio dañado. Micrófono no funciona, jack de audio dañado. Si es hardware, evaluar placa de audio USB como alternativa.",Media,Limpiar jack de audio. Verificar configuración de dispositivos de sonido.,Reparable,94.63,6.4
599,Computadora,Lenovo,ThinkCentre M90q,Servidor,Puertos,"Puerto de carga suelto, conexión intermitente","Diagnóstico general: Puerto de carga suelto, conexión intermitente. Se requiere revisión técnica especializada.",Alta,Reparar soldadura de puerto dañado. Usar adaptador temporal mientras se repara.,Requiere reemplazo de componente,188.61,23.6
600,Laptop,Huawei,MateBook E Go,Empresarial,Disco Duro/SSD,"SSD con error de sobretemperatura, throttle de escritura","Diagnóstico general: SSD con error de sobretemperatura, throttle de escritura. Se requiere revisión técnica especializada.",Media,Ejecutar CHKDSK y reparación de sectores. Monitorear SMART diariamente.,Garantía vigente,248.47,5.6
601,Computadora,Huawei,MateStation S,SFF,BIOS,"Fan speed no controlado por BIOS, ventilador a máxima velocidad","Problema de configuración BIOS. Fan speed no controlado por BIOS, ventilador a máxima velocidad. Solución: Reset de configuración y actualización de firmware.",Baja,Actualizar BIOS a la última versión disponible. Reemplazar batería CMOS si es necesario.,Garantía vigente,63.42,2.8
602,Laptop,Acer,Nitro 5,Empresarial,GPU,"Artefactos gráficos en pantalla, memoria VRAM dañada","Diagnóstico: Memoria RAM con errores. Artefactos gráficos en pantalla, memoria VRAM dañada. Ejecutar MemTest86 para confirmar sector dañado.",Alta,Reflow o reball de GPU. Reemplazar pasta térmica. Verificar alimentación.,En diagnóstico,280.35,2.9
603,Computadora,Acer,Aspire XC,SFF,Batería,"Batería inflada, deformación visible del chasis","Batería en estado crítico. Batería inflada, deformación visible del chasis. Retirar si está inflada por riesgo de seguridad.",Alta,Reemplazar batería con original de fabricante. No usar baterías genéricas.,Requiere reemplazo de componente,65.19,6.5
604,Computadora,Custom/Genérica,PC Oficina i5-12400,Torre,Puertos,"Puerto Thunderbolt no funciona, controlador dañado","Diagnóstico general: Puerto Thunderbolt no funciona, controlador dañado. Se requiere revisión técnica especializada.",Media,Limpiar puerto con aire comprimido. Verificar drivers del controlador USB.,En diagnóstico,43.98,3.3
605,Laptop,Dell,Alienware m16,Workstation,Disco Duro/SSD,"Disco se desconecta aleatoriamente, cable SATA defectuoso","Diagnóstico general: Disco se desconecta aleatoriamente, cable SATA defectuoso. Se requiere revisión técnica especializada.",Alta,Respaldar datos y reemplazar disco. Ejecutar recuperación con herramientas especializadas.,En diagnóstico,159.54,14.0
606,Tablet,Xiaomi,Pad 6 Pro,Gaming,Disco Duro/SSD,"Disco lento, tiempos de lectura excesivos y errores SMART","Diagnóstico general: Disco lento, tiempos de lectura excesivos y errores SMART. Se requiere revisión técnica especializada.",Media,Ejecutar CHKDSK y reparación de sectores. Monitorear SMART diariamente.,Garantía vigente,53.4,2.6
607,Laptop,Lenovo,ThinkPad X1 Carbon,Ultrabook,Pantalla,"Backlight no enciende, pantalla muy oscura","Display con defecto. Backlight no enciende, pantalla muy oscura. Reemplazo de panel recomendado si costo es viable.",Baja,Calibrar pantalla y actualizar driver de vídeo. Ajustar perfil de color.,Reparable,178.99,3.9
608,Tablet,Apple,iPad 9th Gen,Gaming,Pantalla,"Pantalla parpadea constantemente, inverter defectuoso","Problema de display detectado. Pantalla parpadea constantemente, inverter defectuoso. Evaluar reemplazo de panel o componentes asociados.",Crítica,Reemplazo completo de panel LCD/LED. Verificar disponibilidad de repuesto.,Requiere reemplazo de componente,252.78,44.8
609,Laptop,Samsung,Galaxy Book3 Ultra,Empresarial,Pantalla,"Screen tearing constante, VSync no funciona","Diagnóstico general: Screen tearing constante, VSync no funciona. Se requiere revisión técnica especializada.",Media,Reemplazar cable flex o inverter. Verificar conexión al motherboard.,Reparable,68.8,4.7
610,Computadora,Lenovo,ThinkStation P350,Micro,Disco Duro/SSD,"SSD con firmware corrupto, no monta partición","Diagnóstico general: SSD con firmware corrupto, no monta partición. Se requiere revisión técnica especializada.",Alta,Respaldar datos y reemplazar disco. Ejecutar recuperación con herramientas especializadas.,Requiere reemplazo de componente,189.5,19.4
611,Laptop,Dell,Inspiron 16 5000,Chromebook,Puertos,"Puerto SD card no lee tarjetas, slot dañado","Diagnóstico general: Puerto SD card no lee tarjetas, slot dañado. Se requiere revisión técnica especializada.",Alta,Reparar soldadura de puerto dañado. Usar adaptador temporal mientras se repara.,Reparable,38.7,4.7
612,Laptop,Lenovo,ThinkPad T14,Empresarial,RAM,"Pitidos continuos al encender, módulo RAM defectuoso","Error de memoria RAM. Pitidos continuos al encender, módulo RAM defectuoso. Verificar compatibilidad y velocidad de módulos.",Crítica,Reemplazo inmediato de módulo RAM defectuoso. Verificar compatibilidad con placa madre.,Requiere reemplazo de componente,29.21,6.4
613,Tablet,Amazon,Fire Max 11,Gaming,Motherboard,"Motherboard con pista dañada, circuito abierto","Componente de motherboard dañado. Motherboard con pista dañada, circuito abierto. Se requiere microsoldadura especializada.",Media,Reparar pista o componente específico. Verificar todos los circuitos de alimentación.,Reparable,304.43,7.7
614,Laptop,MSI,GF63 Thin,Gaming,RAM,"RAM sobrecalentada, thermal throttling frecuente","Diagnóstico: Memoria RAM con errores. RAM sobrecalentada, thermal throttling frecuente. Ejecutar MemTest86 para confirmar sector dañado.",Alta,Reemplazar módulo RAM dañado. Probar con módulo nuevo en slot afectado.,En diagnóstico,115.34,2.6
615,Laptop,HP,Envy 13,Ultrabook,Puertos,"Puerto Thunderbolt no funciona, controlador dañado","Diagnóstico general: Puerto Thunderbolt no funciona, controlador dañado. Se requiere revisión técnica especializada.",Alta,Reparar soldadura de puerto dañado. Usar adaptador temporal mientras se repara.,Reparable,127.67,13.8
616,Tablet,Lenovo,Tab M10 Plus,eReader,Ventilación,"Heat pipe dañado, calor no se disipa correctamente","Diagnóstico general: Heat pipe dañado, calor no se disipa correctamente. Se requiere revisión técnica especializada.",Baja,Limpieza preventiva y monitoreo de temperaturas. Ajustar curva de ventilador.,Garantía vigente,49.16,3.9
617,Tablet,Xiaomi,Pad 6 Pro,Económica,Ventilación,"Ventilador no arranca al encender, motor quemado","Diagnóstico general: Ventilador no arranca al encender, motor quemado. Se requiere revisión técnica especializada.",Crítica,Reemplazar disipador y ventilador. Reaplicar pasta térmica de calidad. Limpieza completa.,Requiere reemplazo de componente,59.62,30.7
618,Laptop,MSI,Prestige 14,Premium,Ventilación,Acumulación excesiva de polvo en ventilador y disipador,Diagnóstico general: Acumulación excesiva de polvo en ventilador y disipador. Se requiere revisión técnica especializada.,Crítica,Reemplazar disipador y ventilador. Reaplicar pasta térmica de calidad. Limpieza completa.,Requiere reemplazo de componente,67.02,18.4
619,Laptop,Samsung,Galaxy Book2 360,Empresarial,Sistema Operativo,"Arranque lento, más de 5 minutos para iniciar sesión","Diagnóstico general: Arranque lento, más de 5 minutos para iniciar sesión. Se requiere revisión técnica especializada.",Media,Restaurar sistema a punto anterior. Eliminar software problemático.,En diagnóstico,79.82,6.3
620,Tablet,Microsoft,Surface Go 3,2 en 1,Pantalla,"Pantalla con manchas oscuras, daño por presión","Diagnóstico: Panel o componentes de pantalla dañados. Pantalla con manchas oscuras, daño por presión. Probar con monitor externo para descartar GPU.",Crítica,Reemplazo completo de panel LCD/LED. Verificar disponibilidad de repuesto.,En diagnóstico,128.08,37.3
621,Laptop,HP,Pavilion Gaming 15,Gaming,RAM,"SODIMM RAM con pines dañados, contacto intermitente","Inestabilidad por RAM defectuosa. SODIMM RAM con pines dañados, contacto intermitente. Probar módulos individualmente para aislar el dañado.",Baja,Ejecutar diagnóstico de memoria extendido. Monitorear en próximos días.,Garantía vigente,54.39,3.8
622,Computadora,Apple,iMac 24 M3,Micro,BIOS,"BIOS corrupción parcial, funciona en modo seguro únicamente","Problema de configuración BIOS. BIOS corrupción parcial, funciona en modo seguro únicamente. Solución: Reset de configuración y actualización de firmware.",Alta,Flashear BIOS desde USB con método de recuperación del fabricante. Verificar versión actual.,Reparable,44.86,4.1
623,Laptop,Samsung,Galaxy Book2 Pro,Económica,Batería,"Batería inflada, deformación visible del chasis","Batería en estado crítico. Batería inflada, deformación visible del chasis. Retirar si está inflada por riesgo de seguridad.",Crítica,Retirar batería inmediatamente por seguridad (inflamación). Usar solo con cargador.,En diagnóstico,66.82,47.8
624,Computadora,HP,OMEN 25L,Torre,RAM,Error MEMORY_READ_EXCEPTION en tareas pesadas,Diagnóstico general: Error MEMORY_READ_EXCEPTION en tareas pesadas. Se requiere revisión técnica especializada.,Baja,Ejecutar diagnóstico de memoria extendido. Monitorear en próximos días.,Reparable,45.17,3.4
625,Tablet,Microsoft,Surface Pro 10,Estándar,Pantalla,"Brillo de pantalla no ajusta, sensor ALS dañado","Diagnóstico: Panel o componentes de pantalla dañados. Brillo de pantalla no ajusta, sensor ALS dañado. Probar con monitor externo para descartar GPU.",Media,Reemplazar cable flex o inverter. Verificar conexión al motherboard.,Garantía vigente,268.16,3.4
626,Laptop,Lenovo,IdeaPad Gaming 3,Económica,BIOS,Error de checksum en BIOS al arrancar,Problema de configuración BIOS. Error de checksum en BIOS al arrancar. Solución: Reset de configuración y actualización de firmware.,Media,Reset de CMOS y reconfiguración de BIOS. Actualizar a última versión estable.,Garantía vigente,88.9,7.6
627,Laptop,MSI,Stealth 15M,Workstation,Teclado,"Fn keys no funcionan, controlador ACPI dañado","Diagnóstico general: Fn keys no funcionan, controlador ACPI dañado. Se requiere revisión técnica especializada.",Baja,Limpiar tecla específica o reemplazar keycap. Verificar configuración de idioma.,Garantía vigente,148.12,3.3
628,Computadora,Gigabyte,Aero D1 Desktop,Workstation,Disco Duro/SSD,"Disco lento, tiempos de lectura excesivos y errores SMART","Diagnóstico general: Disco lento, tiempos de lectura excesivos y errores SMART. Se requiere revisión técnica especializada.",Media,Ejecutar CHKDSK y reparación de sectores. Monitorear SMART diariamente.,Garantía vigente,167.28,7.3
629,Laptop,Huawei,MateBook E Go,2 en 1,RAM,Pantalla azul MEMORY_MANAGEMENT al usar múltiples aplicaciones,Problema de display detectado. Pantalla azul MEMORY_MANAGEMENT al usar múltiples aplicaciones. Evaluar reemplazo de panel o componentes asociados.,Media,Limpiar contactos con alcohol isopropílico. Reubicar módulos en slots diferentes.,Reparable,49.63,2.8
630,Laptop,Apple,MacBook Air M1,Chromebook,Ventilación,Acumulación excesiva de polvo en ventilador y disipador,Diagnóstico general: Acumulación excesiva de polvo en ventilador y disipador. Se requiere revisión técnica especializada.,Media,Limpieza de polvo con aire comprimido. Verificar RPM del ventilador.,Reparable,37.95,3.2
631,Laptop,MSI,Summit E16,Premium,Teclado,"Teclado se desconecta aleatoriamente, flex dañado","Teclado con malfunction. Teclado se desconecta aleatoriamente, flex dañado. Verificar flex de conexión y controlador.",Media,Limpiar contacto de teclas afectadas. Verificar flex de conexión.,Garantía vigente,142.32,2.3
632,Computadora,Dell,OptiPlex 7090,Mini PC,Batería,"Batería inflada, deformación visible del chasis","Fallo en sistema de alimentación por batería. Batería inflada, deformación visible del chasis. Reemplazo de batería necesario.",Media,Calibrar batería siguiendo procedimiento del fabricante. Verificar ciclo de carga.,Garantía vigente,133.09,5.6
633,Laptop,Lenovo,IdeaPad 5 Pro,Workstation,BIOS,Error de checksum en BIOS al arrancar,Se requiere flashear la BIOS para restaurar funcionalidad. Error de checksum en BIOS al arrancar,Alta,Flashear BIOS desde USB con método de recuperación del fabricante. Verificar versión actual.,En diagnóstico,143.87,21.7
634,Tablet,Apple,iPad mini 6,Profesional,Disco Duro/SSD,Partición de recuperación inaccesible en disco,Diagnóstico general: Partición de recuperación inaccesible en disco. Se requiere revisión técnica especializada.,Alta,Respaldar datos y reemplazar disco. Ejecutar recuperación con herramientas especializadas.,Reparable,114.27,12.1
635,Computadora,HP,Pavilion Desktop,Gaming,Audio,"Audio con estática y crujidos, DAC defectuoso","Problema de sonido. Audio con estática y crujidos, DAC defectuoso. Probar con auriculares para descartar altavoces.",Crítica,Reemplazo de codec de audio o usar tarjeta de sonido USB externa.,Requiere reemplazo de componente,86.86,15.9
636,Computadora,Acer,Nitro 50,All-in-One,Fuente de Poder,"Fuente se apaga después de 10 minutos, sobrecalentamiento","Diagnóstico general: Fuente se apaga después de 10 minutos, sobrecalentamiento. Se requiere revisión técnica especializada.",Baja,Monitorear voltajes. Considerar reemplazo preventivo.,Reparable,43.68,1.2
637,Tablet,Xiaomi,Pad 5 Pro 5G,Educacional,RAM,"Pantalla azul IRQL_NOT_LESS_OR_EQUAL, corrupción en RAM","Diagnóstico: Memoria RAM con errores. Pantalla azul IRQL_NOT_LESS_OR_EQUAL, corrupción en RAM. Ejecutar MemTest86 para confirmar sector dañado.",Alta,Reemplazar módulo RAM dañado. Probar con módulo nuevo en slot afectado.,En diagnóstico,66.82,17.4
638,Computadora,Lenovo,IdeaCentre AIO 3,Micro,Sistema Operativo,"Arranque lento, más de 5 minutos para iniciar sesión","Diagnóstico general: Arranque lento, más de 5 minutos para iniciar sesión. Se requiere revisión técnica especializada.",Alta,Reparación de arranque con herramientas de recuperación. SFC y DISM.,En diagnóstico,18.5,7.2
639,Computadora,ASUS,VivoBook 22 Desktop,Servidor,RAM,RAM no se inicializa al arrancar en frío,Problema de memoria. RAM no se inicializa al arrancar en frío. Revisar slots y limpieza de contactos con alcohol isopropílico.,Media,Limpiar contactos con alcohol isopropílico. Reubicar módulos en slots diferentes.,Reparable,87.77,1.8
640,Tablet,Huawei,MatePad T10,2 en 1,Disco Duro/SSD,"Disco se desconecta aleatoriamente, cable SATA defectuoso","Diagnóstico general: Disco se desconecta aleatoriamente, cable SATA defectuoso. Se requiere revisión técnica especializada.",Crítica,Clonar disco inmediatamente si es posible. Reemplazo urgente de unidad. Recuperación de datos profesional.,En diagnóstico,246.35,30.1
641,Computadora,Huawei,MateStation S,Mini PC,Puertos,"Puerto SD card no lee tarjetas, slot dañado","Diagnóstico general: Puerto SD card no lee tarjetas, slot dañado. Se requiere revisión técnica especializada.",Alta,Reparar soldadura de puerto dañado. Usar adaptador temporal mientras se repara.,Reparable,71.62,20.5
642,Tablet,Lenovo,Tab P12 Pro,Económica,Motherboard,"Puerto de carga dañado, motherboard no recibe energía","Diagnóstico: Motherboard defectuosa. Puerto de carga dañado, motherboard no recibe energía. Verificar todas las pistas y componentes SMD.",Baja,Limpieza profunda y rethermal. Verificar conexiones y reseat de componentes.,En diagnóstico,154.75,2.8
643,Computadora,Lenovo,Legion Tower 7i,Gaming,Conectividad,"Bluetooth no empareja dispositivos, stack dañado","Diagnóstico general: Bluetooth no empareja dispositivos, stack dañado. Se requiere revisión técnica especializada.",Baja,Resetear adaptador de red. Olvidar y reconectar redes WiFi.,En diagnóstico,63.48,2.5
644,Computadora,Lenovo,ThinkStation P350,All-in-One,Batería,"Laptop se apaga al desconectar el cargador, batería muerta","Batería en estado crítico. Laptop se apaga al desconectar el cargador, batería muerta. Retirar si está inflada por riesgo de seguridad.",Media,Calibrar batería siguiendo procedimiento del fabricante. Verificar ciclo de carga.,Garantía vigente,40.33,5.3
645,Computadora,Acer,Aspire XC,SFF,Ventilación,"Ventilador siempre al 100%, sensor de temperatura defectuoso","Diagnóstico general: Ventilador siempre al 100%, sensor de temperatura defectuoso. Se requiere revisión técnica especializada.",Media,Limpieza de polvo con aire comprimido. Verificar RPM del ventilador.,En diagnóstico,49.34,1.2
646,Laptop,ASUS,VivoBook 15,Workstation,Puertos,"Puerto SD card no lee tarjetas, slot dañado","Diagnóstico general: Puerto SD card no lee tarjetas, slot dañado. Se requiere revisión técnica especializada.",Crítica,Reemplazo de placa de puertos o motherboard. Daño irreparable en múltiples puertos.,Fuera de servicio,192.93,44.8
647,Tablet,Lenovo,Tab P12 Pro,Estándar,Ventilación,"Ventilador vibra anormalmente, aspas desbalanceadas","Diagnóstico general: Ventilador vibra anormalmente, aspas desbalanceadas. Se requiere revisión técnica especializada.",Crítica,Reemplazar disipador y ventilador. Reaplicar pasta térmica de calidad. Limpieza completa.,Requiere reemplazo de componente,74.44,9.0
648,Laptop,Lenovo,ThinkPad E14,Premium,Conectividad,"Conexión WiFi se cae constantemente, driver inestable","Diagnóstico general: Conexión WiFi se cae constantemente, driver inestable. Se requiere revisión técnica especializada.",Media,Actualizar drivers y firmware. Verificar configuración de red.,Garantía vigente,91.91,6.7
649,Laptop,Acer,Nitro 5,Ultrabook,Teclado,"Teclado se desconecta aleatoriamente, flex dañado","Teclado con malfunction. Teclado se desconecta aleatoriamente, flex dañado. Verificar flex de conexión y controlador.",Alta,Reemplazar teclado completo. Verificar si hay daño adicional por líquido.,Requiere reemplazo de componente,36.94,7.4
650,Computadora,ASUS,VivoBook 22 Desktop,Mini PC,Disco Duro/SSD,Disco con Bad Blocks en zona crítica del sistema,Diagnóstico general: Disco con Bad Blocks en zona crítica del sistema. Se requiere revisión técnica especializada.,Alta,Respaldar datos y reemplazar disco. Ejecutar recuperación con herramientas especializadas.,Requiere reemplazo de componente,191.46,4.6
651,Computadora,HP,HP 290 G9,Micro,Conectividad,"WiFi muestra redes pero no conecta, error de autenticación","Diagnóstico general: WiFi muestra redes pero no conecta, error de autenticación. Se requiere revisión técnica especializada.",Alta,Reinstalar drivers. Verificar antenas internas. Reemplazar módulo M.2 si aplica.,Reparable,86.73,11.2
652,Laptop,Lenovo,ThinkPad T14,Chromebook,Disco Duro/SSD,"Ruidos de raspado en disco duro, cabezal dañado","Diagnóstico general: Ruidos de raspado en disco duro, cabezal dañado. Se requiere revisión técnica especializada.",Crítica,Clonar disco inmediatamente si es posible. Reemplazo urgente de unidad. Recuperación de datos profesional.,Requiere reemplazo de componente,163.35,5.3
653,Laptop,Toshiba,Satellite Pro R50,Workstation,Disco Duro/SSD,"SSD no detectado en BIOS, controlador NVMe dañado","Fallo en firmware BIOS. SSD no detectado en BIOS, controlador NVMe dañado. Se recomienda reemplazo de chip BIOS.",Alta,Respaldar datos y reemplazar disco. Ejecutar recuperación con herramientas especializadas.,Reparable,40.52,5.5
654,Laptop,Acer,Aspire 3,Ultrabook,Pantalla,"Pantalla parpadea constantemente, inverter defectuoso","Fallo en sistema de visualización. Pantalla parpadea constantemente, inverter defectuoso. Verificar cable flex y controlador de backlight.",Alta,Reemplazar panel o componente de backlight. Cotizar reparación vs equipo nuevo.,En diagnóstico,230.47,18.0
655,Laptop,Apple,MacBook Pro 14 M3,Premium,Ventilación,"Ventilador no arranca al encender, motor quemado","Diagnóstico general: Ventilador no arranca al encender, motor quemado. Se requiere revisión técnica especializada.",Alta,Limpiar obstrucciones y reaplicar pasta térmica. Verificar heat pipes.,Reparable,69.74,11.9
656,Tablet,Microsoft,Surface Pro 9,Económica,Disco Duro/SSD,"SSD no detectado en BIOS, controlador NVMe dañado","Problema de configuración BIOS. SSD no detectado en BIOS, controlador NVMe dañado. Solución: Reset de configuración y actualización de firmware.",Crítica,Clonar disco inmediatamente si es posible. Reemplazo urgente de unidad. Recuperación de datos profesional.,En diagnóstico,120.42,41.5
657,Computadora,Lenovo,IdeaCentre Gaming 5,Mini PC,Batería,Batería no suministra energía suficiente bajo carga,Diagnóstico: Batería defectuosa. Batería no suministra energía suficiente bajo carga. Reemplazar con batería original certificada.,Alta,Reemplazar batería con original de fabricante. No usar baterías genéricas.,Requiere reemplazo de componente,110.84,16.9
658,Computadora,MSI,Cubi 5,SFF,Batería,"Advertencia de batería genuina, chip de autenticación dañado","Fallo en sistema de alimentación por batería. Advertencia de batería genuina, chip de autenticación dañado. Reemplazo de batería necesario.",Media,Calibrar batería siguiendo procedimiento del fabricante. Verificar ciclo de carga.,Garantía vigente,49.25,5.8
659,Computadora,HP,Pavilion Desktop,Micro,Teclado,"Teclado escribe caracteres incorrectos, layout mal configurado","Teclado con malfunction. Teclado escribe caracteres incorrectos, layout mal configurado. Verificar flex de conexión y controlador.",Crítica,"Reemplazo completo del teclado. Si es por líquido, evaluar daño a motherboard.",Requiere reemplazo de componente,122.19,26.8
660,Computadora,Apple,iMac 24 M3,Torre,Motherboard,Conector de pantalla dañado en motherboard de laptop,Motherboard con daño eléctrico. Conector de pantalla dañado en motherboard de laptop. Inspeccionar con microscopio y multímetro.,Media,Reparar pista o componente específico. Verificar todos los circuitos de alimentación.,En diagnóstico,147.92,4.1
661,Laptop,Toshiba,Portege Z30,Económica,Sistema Operativo,"Kernel panic en macOS, extensión incompatible","Diagnóstico general: Kernel panic en macOS, extensión incompatible. Se requiere revisión técnica especializada.",Baja,Actualizar Windows/macOS. Ejecutar Windows Update y reparación de archivos.,En diagnóstico,57.73,1.9
662,Computadora,Apple,iMac 24 M3,Servidor,Audio,"Altavoces con distorsión, membrana dañada","Diagnóstico general: Altavoces con distorsión, membrana dañada. Se requiere revisión técnica especializada.",Crítica,Reemplazo de codec de audio o usar tarjeta de sonido USB externa.,En diagnóstico,41.63,18.9
663,Computadora,Apple,Mac Studio M2 Max,Torre,Puertos,"Puerto Thunderbolt no funciona, controlador dañado","Diagnóstico general: Puerto Thunderbolt no funciona, controlador dañado. Se requiere revisión técnica especializada.",Media,Limpiar puerto con aire comprimido. Verificar drivers del controlador USB.,En diagnóstico,115.69,2.4
664,Tablet,Apple,iPad 9th Gen,eReader,Disco Duro/SSD,"Disco con latencia alta, sectores lentos detectados","Diagnóstico general: Disco con latencia alta, sectores lentos detectados. Se requiere revisión técnica especializada.",Alta,Respaldar datos y reemplazar disco. Ejecutar recuperación con herramientas especializadas.,En diagnóstico,137.52,13.5
665,Tablet,Apple,iPad Air M1,Profesional,Disco Duro/SSD,"SSD no detectado en BIOS, controlador NVMe dañado","Diagnóstico: Corrupción de BIOS. SSD no detectado en BIOS, controlador NVMe dañado. Procedimiento: Reflashing con método de recuperación del fabricante.",Media,Ejecutar CHKDSK y reparación de sectores. Monitorear SMART diariamente.,Garantía vigente,67.68,7.2
666,Laptop,Acer,Chromebook Spin 514,Premium,Disco Duro/SSD,Error de formato al intentar reparar disco,Diagnóstico general: Error de formato al intentar reparar disco. Se requiere revisión técnica especializada.,Crítica,Clonar disco inmediatamente si es posible. Reemplazo urgente de unidad. Recuperación de datos profesional.,Requiere reemplazo de componente,85.06,27.2
667,Computadora,Lenovo,IdeaCentre Gaming 5,Gaming,Teclado,"Teclado escribe caracteres incorrectos, layout mal configurado","Diagnóstico: Teclado defectuoso. Teclado escribe caracteres incorrectos, layout mal configurado. Reemplazo del conjunto recomendado.",Media,Limpiar contacto de teclas afectadas. Verificar flex de conexión.,Reparable,40.45,6.6
668,Laptop,ASUS,ProArt StudioBook,Chromebook,Motherboard,"Southbridge dañado, puertos SATA no responden","Fallo en conectividad de puertos. Southbridge dañado, puertos SATA no responden. Verificar controlador I/O y soldaduras.",Crítica,Reemplazo de placa madre. Evaluar costo vs equipo nuevo. Rescatar componentes reutilizables.,Requiere reemplazo de componente,231.0,24.4
669,Computadora,MSI,Cubi 5,Workstation,Teclado,"Teclado retroiluminado no enciende, LED defectuoso","Problema de teclado. Teclado retroiluminado no enciende, LED defectuoso. Probar con teclado externo para confirmar diagnóstico.",Crítica,"Reemplazo completo del teclado. Si es por líquido, evaluar daño a motherboard.",En diagnóstico,30.66,31.2
670,Laptop,Samsung,Galaxy Book2 Pro,Económica,Ventilación,"CPU se sobrecalienta, ventilador no gira","Diagnóstico general: CPU se sobrecalienta, ventilador no gira. Se requiere revisión técnica especializada.",Alta,Limpiar obstrucciones y reaplicar pasta térmica. Verificar heat pipes.,Reparable,48.54,9.8
671,Laptop,Huawei,MateBook X Pro,Económica,Motherboard,"VRM de motherboard sobrecalentado, throttling severo","Diagnóstico: Motherboard defectuosa. VRM de motherboard sobrecalentado, throttling severo. Verificar todas las pistas y componentes SMD.",Alta,Reparación especializada de microsoldadura. Reemplazar componentes SMD dañados.,En diagnóstico,286.14,23.0
672,Tablet,ASUS,ZenPad Z8s,2 en 1,Puertos,"Puerto de audio con estática, jack dañado","Fallo en sistema de audio. Puerto de audio con estática, jack dañado. Verificar controlador y hardware.",Alta,Reparar soldadura de puerto dañado. Usar adaptador temporal mientras se repara.,En diagnóstico,76.22,17.4
673,Tablet,Xiaomi,Pad 6,2 en 1,GPU,"Artefactos gráficos en pantalla, memoria VRAM dañada","Diagnóstico: Memoria RAM con errores. Artefactos gráficos en pantalla, memoria VRAM dañada. Ejecutar MemTest86 para confirmar sector dañado.",Alta,Reflow o reball de GPU. Reemplazar pasta térmica. Verificar alimentación.,Requiere reemplazo de componente,253.5,14.7
674,Computadora,Acer,Veriton X2680G,Torre,Motherboard,"Puertos USB traseros no funcionan, controlador I/O dañado","Fallo en conectividad de puertos. Puertos USB traseros no funcionan, controlador I/O dañado. Verificar controlador I/O y soldaduras.",Alta,Reparación especializada de microsoldadura. Reemplazar componentes SMD dañados.,Reparable,421.51,17.3
675,Laptop,Acer,TravelMate P2,Empresarial,Motherboard,MOSFET de alimentación del CPU quemado en motherboard,Fallo en placa madre. MOSFET de alimentación del CPU quemado en motherboard. Evaluar viabilidad de reparación vs reemplazo.,Alta,Reparación especializada de microsoldadura. Reemplazar componentes SMD dañados.,En diagnóstico,322.97,7.2
676,Computadora,Apple,Mac Studio M2 Max,SFF,RAM,RAM DDR4 no arranca a la velocidad XMP especificada,Error de memoria RAM. RAM DDR4 no arranca a la velocidad XMP especificada. Verificar compatibilidad y velocidad de módulos.,Alta,Reemplazar módulo RAM dañado. Probar con módulo nuevo en slot afectado.,Requiere reemplazo de componente,43.76,8.9
677,Laptop,Acer,Swift X,2 en 1,Motherboard,"Chip de audio dañado en motherboard, sin sonido","Fallo en placa madre. Chip de audio dañado en motherboard, sin sonido. Evaluar viabilidad de reparación vs reemplazo.",Alta,Reparación especializada de microsoldadura. Reemplazar componentes SMD dañados.,Requiere reemplazo de componente,115.74,16.8
678,Laptop,HP,EliteBook 650,Premium,Disco Duro/SSD,Disco con Bad Blocks en zona crítica del sistema,Diagnóstico general: Disco con Bad Blocks en zona crítica del sistema. Se requiere revisión técnica especializada.,Baja,Ejecutar optimización de disco. Liberar espacio en SSD para mejorar rendimiento.,Garantía vigente,220.7,3.4
679,Computadora,Dell,G5 Gaming Desktop,Micro,Batería,"Laptop se apaga al desconectar el cargador, batería muerta","Diagnóstico: Batería defectuosa. Laptop se apaga al desconectar el cargador, batería muerta. Reemplazar con batería original certificada.",Alta,Reemplazar batería con original de fabricante. No usar baterías genéricas.,En diagnóstico,90.26,5.5
680,Computadora,ASUS,Chromebox 4,Workstation,BIOS,Voltaje de RAM configurado incorrectamente en BIOS,Diagnóstico: Corrupción de BIOS. Voltaje de RAM configurado incorrectamente en BIOS. Procedimiento: Reflashing con método de recuperación del fabricante.,Alta,Flashear BIOS desde USB con método de recuperación del fabricante. Verificar versión actual.,En diagnóstico,44.85,11.6
681,Tablet,Xiaomi,Pad 5 Pro 5G,Gaming,Disco Duro/SSD,Disco con Bad Blocks en zona crítica del sistema,Diagnóstico general: Disco con Bad Blocks en zona crítica del sistema. Se requiere revisión técnica especializada.,Baja,Ejecutar optimización de disco. Liberar espacio en SSD para mejorar rendimiento.,En diagnóstico,60.37,1.8
682,Computadora,Gigabyte,B550 Vision D,Gaming,Batería,Sistema entra en hibernación repentino por batería,Batería degradada. Sistema entra en hibernación repentino por batería. Verificar con diagnóstico de fabricante.,Media,Calibrar batería siguiendo procedimiento del fabricante. Verificar ciclo de carga.,Garantía vigente,138.33,4.3
683,Laptop,Huawei,MateBook D15,Empresarial,RAM,Pantalla azul MEMORY_MANAGEMENT al usar múltiples aplicaciones,Diagnóstico: Panel o componentes de pantalla dañados. Pantalla azul MEMORY_MANAGEMENT al usar múltiples aplicaciones. Probar con monitor externo para descartar GPU.,Alta,Reemplazar módulo RAM dañado. Probar con módulo nuevo en slot afectado.,Reparable,67.09,5.9
684,Computadora,Gigabyte,B550 Vision D,Torre,Disco Duro/SSD,"SSD M.2 no hace contacto, slot dañado","Diagnóstico general: SSD M.2 no hace contacto, slot dañado. Se requiere revisión técnica especializada.",Crítica,Clonar disco inmediatamente si es posible. Reemplazo urgente de unidad. Recuperación de datos profesional.,Fuera de servicio,151.96,24.1
685,Tablet,Samsung,Galaxy Tab S6 Lite,eReader,RAM,"RAM sobrecalentada, thermal throttling frecuente","Inestabilidad por RAM defectuosa. RAM sobrecalentada, thermal throttling frecuente. Probar módulos individualmente para aislar el dañado.",Media,Limpiar contactos con alcohol isopropílico. Reubicar módulos en slots diferentes.,Garantía vigente,94.22,1.7
686,Laptop,Dell,XPS 13,Premium,Pantalla,"Brillo de pantalla no ajusta, sensor ALS dañado","Fallo en sistema de visualización. Brillo de pantalla no ajusta, sensor ALS dañado. Verificar cable flex y controlador de backlight.",Media,Reemplazar cable flex o inverter. Verificar conexión al motherboard.,Garantía vigente,360.41,5.2
687,Tablet,Xiaomi,Pad 6 Pro,eReader,BIOS,Temperatura CPU no reportada correctamente por BIOS,Diagnóstico: Corrupción de BIOS. Temperatura CPU no reportada correctamente por BIOS. Procedimiento: Reflashing con método de recuperación del fabricante.,Alta,Flashear BIOS desde USB con método de recuperación del fabricante. Verificar versión actual.,En diagnóstico,67.05,6.2
688,Computadora,Acer,Predator Orion 3000,All-in-One,Disco Duro/SSD,Error INACCESSIBLE_BOOT_DEVICE al iniciar Windows,Diagnóstico general: Error INACCESSIBLE_BOOT_DEVICE al iniciar Windows. Se requiere revisión técnica especializada.,Media,Ejecutar CHKDSK y reparación de sectores. Monitorear SMART diariamente.,Reparable,208.09,7.5
689,Computadora,Lenovo,IdeaCentre AIO 3,Workstation,Pantalla,"Pantalla con manchas oscuras, daño por presión","Display con defecto. Pantalla con manchas oscuras, daño por presión. Reemplazo de panel recomendado si costo es viable.",Alta,Reemplazar panel o componente de backlight. Cotizar reparación vs equipo nuevo.,Requiere reemplazo de componente,97.3,14.0
690,Tablet,Samsung,Galaxy Tab S6 Lite,Gaming,Disco Duro/SSD,"Sistema no arranca, sector de arranque dañado en disco","Diagnóstico general: Sistema no arranca, sector de arranque dañado en disco. Se requiere revisión técnica especializada.",Crítica,Clonar disco inmediatamente si es posible. Reemplazo urgente de unidad. Recuperación de datos profesional.,En diagnóstico,50.29,4.9
691,Laptop,HP,Pavilion 15,Premium,Conectividad,Módulo WiFi/Bluetooth no detectado en BIOS,Se requiere flashear la BIOS para restaurar funcionalidad. Módulo WiFi/Bluetooth no detectado en BIOS,Alta,Reinstalar drivers. Verificar antenas internas. Reemplazar módulo M.2 si aplica.,Requiere reemplazo de componente,56.2,3.2
692,Computadora,HP,OMEN 25L,Torre,Teclado,"Teclado repite caracteres, debounce defectuoso","Fallo en dispositivo de entrada. Teclado repite caracteres, debounce defectuoso. Evaluar reemplazo de teclado.",Baja,Limpiar tecla específica o reemplazar keycap. Verificar configuración de idioma.,En diagnóstico,109.53,2.9
693,Computadora,Gigabyte,AORUS Model S,Gaming,RAM,Memoria RAM causa artefactos visuales en pantalla,Error de memoria RAM. Memoria RAM causa artefactos visuales en pantalla. Verificar compatibilidad y velocidad de módulos.,Baja,Ejecutar diagnóstico de memoria extendido. Monitorear en próximos días.,Reparable,65.89,1.8
694,Tablet,Lenovo,Tab M11,2 en 1,Ventilación,"Ventilador vibra anormalmente, aspas desbalanceadas","Diagnóstico general: Ventilador vibra anormalmente, aspas desbalanceadas. Se requiere revisión técnica especializada.",Baja,Limpieza preventiva y monitoreo de temperaturas. Ajustar curva de ventilador.,Garantía vigente,58.22,0.7
695,Laptop,HP,Omen 16,2 en 1,Pantalla,"Flickering solo con batería, regulador de voltaje defectuoso","Problema de energía de batería. Flickering solo con batería, regulador de voltaje defectuoso. Evaluar seguridad de uso continuo.",Media,Reemplazar cable flex o inverter. Verificar conexión al motherboard.,Garantía vigente,276.12,4.1
696,Laptop,HP,Pavilion Gaming 15,Premium,Disco Duro/SSD,Error INACCESSIBLE_BOOT_DEVICE al iniciar Windows,Diagnóstico general: Error INACCESSIBLE_BOOT_DEVICE al iniciar Windows. Se requiere revisión técnica especializada.,Media,Ejecutar CHKDSK y reparación de sectores. Monitorear SMART diariamente.,Garantía vigente,206.92,1.0
697,Laptop,HP,Stream 14,Premium,Pantalla,"Pantalla con color amarillento, perfil de color corrupto","Display con defecto. Pantalla con color amarillento, perfil de color corrupto. Reemplazo de panel recomendado si costo es viable.",Baja,Calibrar pantalla y actualizar driver de vídeo. Ajustar perfil de color.,En diagnóstico,282.19,1.6
698,Laptop,MSI,Modern 14,Premium,Sistema Operativo,"Error de registro, sistema no carga perfil de usuario","Diagnóstico general: Error de registro, sistema no carga perfil de usuario. Se requiere revisión técnica especializada.",Baja,Actualizar Windows/macOS. Ejecutar Windows Update y reparación de archivos.,Garantía vigente,68.07,1.6
699,Laptop,Acer,Chromebook Spin 514,Ultrabook,Disco Duro/SSD,"SSD con error de sobretemperatura, throttle de escritura","Diagnóstico general: SSD con error de sobretemperatura, throttle de escritura. Se requiere revisión técnica especializada.",Crítica,Clonar disco inmediatamente si es posible. Reemplazo urgente de unidad. Recuperación de datos profesional.,En diagnóstico,103.6,16.2
700,Laptop,Acer,Aspire 3,Chromebook,Ventilación,"Ventilador no arranca al encender, motor quemado","Diagnóstico general: Ventilador no arranca al encender, motor quemado. Se requiere revisión técnica especializada.",Alta,Limpiar obstrucciones y reaplicar pasta térmica. Verificar heat pipes.,Requiere reemplazo de componente,28.09,2.3
701,Tablet,Amazon,Fire HD 8,Profesional,Pantalla,"Flex de pantalla dañado, imagen intermitente","Fallo en sistema de visualización. Flex de pantalla dañado, imagen intermitente. Verificar cable flex y controlador de backlight.",Media,Reemplazar cable flex o inverter. Verificar conexión al motherboard.,En diagnóstico,118.37,4.3
702,Laptop,Apple,MacBook Pro 16 M2 Pro,Económica,Teclado,"Teclado repite caracteres, debounce defectuoso","Diagnóstico: Teclado defectuoso. Teclado repite caracteres, debounce defectuoso. Reemplazo del conjunto recomendado.",Crítica,"Reemplazo completo del teclado. Si es por líquido, evaluar daño a motherboard.",Requiere reemplazo de componente,103.71,19.4
703,Computadora,MSI,Cubi 5,Workstation,BIOS,Temperatura CPU no reportada correctamente por BIOS,Error de inicialización de BIOS detectado. Temperatura CPU no reportada correctamente por BIOS. Verificar batería CMOS y versión de firmware.,Crítica,"Retroflash de BIOS con programador externo SPI. Si no es posible, reemplazo de placa madre.",Requiere reemplazo de componente,68.62,29.2
704,Laptop,HP,ZBook Firefly,2 en 1,Pantalla,"Bisagra rota daña cable de pantalla, imagen se corta","Fallo en sistema de visualización. Bisagra rota daña cable de pantalla, imagen se corta. Verificar cable flex y controlador de backlight.",Alta,Reemplazar panel o componente de backlight. Cotizar reparación vs equipo nuevo.,Requiere reemplazo de componente,203.35,13.4
705,Computadora,Gigabyte,AORUS Model S,Workstation,Disco Duro/SSD,"SSD con firmware corrupto, no monta partición","Diagnóstico general: SSD con firmware corrupto, no monta partición. Se requiere revisión técnica especializada.",Baja,Ejecutar optimización de disco. Liberar espacio en SSD para mejorar rendimiento.,Garantía vigente,90.87,2.9
706,Laptop,Apple,MacBook Air M2,Empresarial,Batería,Batería se calienta excesivamente durante la carga,Batería degradada. Batería se calienta excesivamente durante la carga. Verificar con diagnóstico de fabricante.,Media,Calibrar batería siguiendo procedimiento del fabricante. Verificar ciclo de carga.,Reparable,55.56,1.8
707,Computadora,MSI,Cubi 5,Servidor,Motherboard,"Keyboard controller dañado, teclado no responde","Diagnóstico: Teclado defectuoso. Keyboard controller dañado, teclado no responde. Reemplazo del conjunto recomendado.",Baja,Limpieza profunda y rethermal. Verificar conexiones y reseat de componentes.,En diagnóstico,478.72,3.1
708,Tablet,Amazon,Fire 7,Educacional,Disco Duro/SSD,Error de formato al intentar reparar disco,Diagnóstico general: Error de formato al intentar reparar disco. Se requiere revisión técnica especializada.,Baja,Ejecutar optimización de disco. Liberar espacio en SSD para mejorar rendimiento.,En diagnóstico,138.86,2.1
709,Tablet,Microsoft,Surface Pro 10,Estándar,Conectividad,Módulo WiFi/Bluetooth no detectado en BIOS,Problema de configuración BIOS. Módulo WiFi/Bluetooth no detectado en BIOS. Solución: Reset de configuración y actualización de firmware.,Baja,Resetear adaptador de red. Olvidar y reconectar redes WiFi.,En diagnóstico,55.93,2.9
710,Tablet,Amazon,Fire Max 11,Educacional,Disco Duro/SSD,"Disco muestra capacidad incorrecta, tabla de particiones dañada","Diagnóstico general: Disco muestra capacidad incorrecta, tabla de particiones dañada. Se requiere revisión técnica especializada.",Media,Ejecutar CHKDSK y reparación de sectores. Monitorear SMART diariamente.,Garantía vigente,71.92,1.3
711,Computadora,Custom/Genérica,PC Oficina i5-12400,SFF,Batería,Batería no detectada por el sistema operativo,Fallo en sistema de alimentación por batería. Batería no detectada por el sistema operativo. Reemplazo de batería necesario.,Alta,Reemplazar batería con original de fabricante. No usar baterías genéricas.,Reparable,108.69,13.5
712,Tablet,Xiaomi,Pad 6 Pro,Económica,Pantalla,"Pantalla con color amarillento, perfil de color corrupto","Pantalla defectuosa. Pantalla con color amarillento, perfil de color corrupto. Inspeccionar conexiones y testear con pantalla externa.",Alta,Reemplazar panel o componente de backlight. Cotizar reparación vs equipo nuevo.,Reparable,346.77,13.4
713,Tablet,ASUS,ZenPad Z8s,2 en 1,Batería,Batería no detectada por el sistema operativo,Fallo en sistema de alimentación por batería. Batería no detectada por el sistema operativo. Reemplazo de batería necesario.,Media,Calibrar batería siguiendo procedimiento del fabricante. Verificar ciclo de carga.,En diagnóstico,139.4,5.6
714,Computadora,HP,HP 290 G9,Workstation,Motherboard,"Puertos USB traseros no funcionan, controlador I/O dañado","Diagnóstico: Puerto defectuoso. Puertos USB traseros no funcionan, controlador I/O dañado. Inspeccionar pines y soldaduras con lupa.",Media,Reparar pista o componente específico. Verificar todos los circuitos de alimentación.,Garantía vigente,220.2,1.1
715,Laptop,Samsung,Galaxy Book Go,Premium,Disco Duro/SSD,"Disco se desconecta aleatoriamente, cable SATA defectuoso","Diagnóstico general: Disco se desconecta aleatoriamente, cable SATA defectuoso. Se requiere revisión técnica especializada.",Crítica,Clonar disco inmediatamente si es posible. Reemplazo urgente de unidad. Recuperación de datos profesional.,En diagnóstico,62.49,27.5
716,Computadora,Lenovo,IdeaCentre Gaming 5,Mini PC,Batería,Controlador de carga de batería defectuoso,Fallo en sistema de alimentación por batería. Controlador de carga de batería defectuoso. Reemplazo de batería necesario.,Alta,Reemplazar batería con original de fabricante. No usar baterías genéricas.,Requiere reemplazo de componente,141.14,5.8
717,Computadora,Huawei,MateStation B515,Workstation,Puertos,"Puerto de carga USB-C no funciona, PD dañado","Diagnóstico general: Puerto de carga USB-C no funciona, PD dañado. Se requiere revisión técnica especializada.",Crítica,Reemplazo de placa de puertos o motherboard. Daño irreparable en múltiples puertos.,Fuera de servicio,112.86,28.8
718,Computadora,Apple,Mac mini M2,Servidor,GPU,"Artefactos gráficos en pantalla, memoria VRAM dañada","Fallo de memoria detectado. Artefactos gráficos en pantalla, memoria VRAM dañada. Se recomienda reemplazar módulo defectuoso.",Alta,Reflow o reball de GPU. Reemplazar pasta térmica. Verificar alimentación.,En diagnóstico,163.3,15.9
719,Computadora,Custom/Genérica,PC Economica Ryzen 5,Micro,Batería,Batería no suministra energía suficiente bajo carga,Batería en estado crítico. Batería no suministra energía suficiente bajo carga. Retirar si está inflada por riesgo de seguridad.,Alta,Reemplazar batería con original de fabricante. No usar baterías genéricas.,Requiere reemplazo de componente,121.72,19.1
720,Laptop,Apple,MacBook Pro 16 M2 Pro,2 en 1,RAM,"RAM no funciona en dual channel, módulo incompatible","Error de memoria RAM. RAM no funciona en dual channel, módulo incompatible. Verificar compatibilidad y velocidad de módulos.",Media,Limpiar contactos con alcohol isopropílico. Reubicar módulos en slots diferentes.,En diagnóstico,49.5,4.1
721,Laptop,MSI,Katana 15,Ultrabook,Pantalla,"Resolución atascada en modo seguro, driver de pantalla corrupto","Problema de display detectado. Resolución atascada en modo seguro, driver de pantalla corrupto. Evaluar reemplazo de panel o componentes asociados.",Alta,Reemplazar panel o componente de backlight. Cotizar reparación vs equipo nuevo.,En diagnóstico,190.23,22.4
722,Computadora,ASUS,ProArt Station PD5,Mini PC,Motherboard,"Placa madre no enciende, sin luz de power","Diagnóstico general: Placa madre no enciende, sin luz de power. Se requiere revisión técnica especializada.",Alta,Reparación especializada de microsoldadura. Reemplazar componentes SMD dañados.,Requiere reemplazo de componente,404.7,13.2
723,Tablet,ASUS,Chromebook Detachable CZ1,Estándar,Disco Duro/SSD,SMART warning: Reallocated Sector Count excedido,Diagnóstico general: SMART warning: Reallocated Sector Count excedido. Se requiere revisión técnica especializada.,Media,Ejecutar CHKDSK y reparación de sectores. Monitorear SMART diariamente.,Reparable,182.18,7.6
724,Computadora,ASUS,ProArt Station PD5,Workstation,GPU,"Rayos y artefactos en pantalla al iniciar juegos, GPU dañada","Fallo en sistema de visualización. Rayos y artefactos en pantalla al iniciar juegos, GPU dañada. Verificar cable flex y controlador de backlight.",Media,Reinstalar drivers con DDU. Verificar temperatura y ventilación de GPU.,Garantía vigente,121.6,7.5
725,Laptop,Lenovo,ThinkBook 15,2 en 1,Pantalla,"Resolución atascada en modo seguro, driver de pantalla corrupto","Pantalla defectuosa. Resolución atascada en modo seguro, driver de pantalla corrupto. Inspeccionar conexiones y testear con pantalla externa.",Alta,Reemplazar panel o componente de backlight. Cotizar reparación vs equipo nuevo.,En diagnóstico,313.77,6.7
726,Laptop,HP,Spectre x360,2 en 1,RAM,"SODIMM RAM con pines dañados, contacto intermitente","Problema de memoria. SODIMM RAM con pines dañados, contacto intermitente. Revisar slots y limpieza de contactos con alcohol isopropílico.",Media,Limpiar contactos con alcohol isopropílico. Reubicar módulos en slots diferentes.,En diagnóstico,41.6,2.0
727,Laptop,Toshiba,Satellite C55,Gaming,Motherboard,"Motherboard con pista dañada, circuito abierto","Problema en circuito de motherboard. Motherboard con pista dañada, circuito abierto. Medir voltajes en puntos de test para localizar falla.",Media,Reparar pista o componente específico. Verificar todos los circuitos de alimentación.,En diagnóstico,382.34,1.6
728,Computadora,Apple,Mac mini M2,Micro,Motherboard,"Motherboard con condensadores inflados, inestabilidad","Motherboard con daño eléctrico. Motherboard con condensadores inflados, inestabilidad. Inspeccionar con microscopio y multímetro.",Baja,Limpieza profunda y rethermal. Verificar conexiones y reseat de componentes.,En diagnóstico,473.35,0.9
729,Tablet,ASUS,ZenPad Z8s,Estándar,RAM,Sistema no arranca con los dos módulos RAM instalados,Fallo de memoria detectado. Sistema no arranca con los dos módulos RAM instalados. Se recomienda reemplazar módulo defectuoso.,Media,Limpiar contactos con alcohol isopropílico. Reubicar módulos en slots diferentes.,Garantía vigente,53.23,1.7
730,Laptop,ASUS,VivoBook 15,Empresarial,BIOS,Error de checksum en BIOS al arrancar,Diagnóstico: Corrupción de BIOS. Error de checksum en BIOS al arrancar. Procedimiento: Reflashing con método de recuperación del fabricante.,Alta,Flashear BIOS desde USB con método de recuperación del fabricante. Verificar versión actual.,En diagnóstico,48.71,19.9
731,Laptop,Samsung,Galaxy Book2 360,Premium,RAM,"RAM no detectada, sistema muestra menos memoria de la instalada","Fallo de memoria detectado. RAM no detectada, sistema muestra menos memoria de la instalada. Se recomienda reemplazar módulo defectuoso.",Alta,Reemplazar módulo RAM dañado. Probar con módulo nuevo en slot afectado.,Requiere reemplazo de componente,97.83,12.0
732,Laptop,HP,ProBook 450,Ultrabook,GPU,GPU integrada causa parpadeo en pantalla,Display con defecto. GPU integrada causa parpadeo en pantalla. Reemplazo de panel recomendado si costo es viable.,Media,Reinstalar drivers con DDU. Verificar temperatura y ventilación de GPU.,Reparable,444.79,1.5
733,Laptop,Samsung,Galaxy Book2 Pro,Chromebook,GPU,GPU integrada causa parpadeo en pantalla,Diagnóstico: Panel o componentes de pantalla dañados. GPU integrada causa parpadeo en pantalla. Probar con monitor externo para descartar GPU.,Media,Reinstalar drivers con DDU. Verificar temperatura y ventilación de GPU.,Garantía vigente,126.26,3.8
734,Laptop,Huawei,MateBook D15,Empresarial,Pantalla,"Pantalla con imagen residual, burn-in en panel OLED","Problema de display detectado. Pantalla con imagen residual, burn-in en panel OLED. Evaluar reemplazo de panel o componentes asociados.",Alta,Reemplazar panel o componente de backlight. Cotizar reparación vs equipo nuevo.,Requiere reemplazo de componente,106.78,9.0
735,Tablet,Microsoft,Surface Pro 9,Económica,Pantalla,"Screen tearing constante, VSync no funciona","Diagnóstico general: Screen tearing constante, VSync no funciona. Se requiere revisión técnica especializada.",Alta,Reemplazar panel o componente de backlight. Cotizar reparación vs equipo nuevo.,En diagnóstico,359.32,19.9
736,Tablet,Apple,iPad Pro 12.9 M2,eReader,Teclado,"Teclado repite caracteres, debounce defectuoso","Problema de teclado. Teclado repite caracteres, debounce defectuoso. Probar con teclado externo para confirmar diagnóstico.",Crítica,"Reemplazo completo del teclado. Si es por líquido, evaluar daño a motherboard.",Fuera de servicio,55.51,22.3
737,Computadora,Acer,Aspire XC,Torre,Pantalla,"Píxeles muertos en pantalla, defecto del panel","Display con defecto. Píxeles muertos en pantalla, defecto del panel. Reemplazo de panel recomendado si costo es viable.",Baja,Calibrar pantalla y actualizar driver de vídeo. Ajustar perfil de color.,Garantía vigente,85.75,1.7
738,Laptop,Dell,Precision 5680,Premium,Ventilación,"Pasta térmica seca, temperatura CPU sobre 95°C","Diagnóstico general: Pasta térmica seca, temperatura CPU sobre 95°C. Se requiere revisión técnica especializada.",Media,Limpieza de polvo con aire comprimido. Verificar RPM del ventilador.,Reparable,38.15,1.3
739,Laptop,MSI,Stealth 15M,Workstation,Disco Duro/SSD,"Disco con latencia alta, sectores lentos detectados","Diagnóstico general: Disco con latencia alta, sectores lentos detectados. Se requiere revisión técnica especializada.",Media,Ejecutar CHKDSK y reparación de sectores. Monitorear SMART diariamente.,Garantía vigente,173.25,2.5
740,Tablet,Xiaomi,Pad 6 Pro,2 en 1,Audio,"Solo un canal de audio funciona, conector desoldado","Diagnóstico: Circuito de audio defectuoso. Solo un canal de audio funciona, conector desoldado. Verificar codec de audio y conexiones.",Baja,Actualizar drivers de audio. Verificar configuración de volumen y dispositivos.,Reparable,71.71,3.4
741,Computadora,Apple,Mac Studio M2 Max,All-in-One,Motherboard,Motherboard con corrosión por líquido derramado,Inestabilidad por RAM defectuosa. Motherboard con corrosión por líquido derramado. Probar módulos individualmente para aislar el dañado.,Baja,Limpieza profunda y rethermal. Verificar conexiones y reseat de componentes.,En diagnóstico,160.89,3.3
742,Computadora,Huawei,MateStation S,All-in-One,Disco Duro/SSD,"SSD con error de sobretemperatura, throttle de escritura","Diagnóstico general: SSD con error de sobretemperatura, throttle de escritura. Se requiere revisión técnica especializada.",Media,Ejecutar CHKDSK y reparación de sectores. Monitorear SMART diariamente.,En diagnóstico,212.99,7.4
743,Laptop,Lenovo,ThinkPad T14,Económica,Conectividad,"Conexión Ethernet limitada a 10Mbps, negociación fallida","Diagnóstico general: Conexión Ethernet limitada a 10Mbps, negociación fallida. Se requiere revisión técnica especializada.",Baja,Resetear adaptador de red. Olvidar y reconectar redes WiFi.,En diagnóstico,31.43,3.8
744,Laptop,HP,Pavilion Gaming 15,Premium,Audio,"Audio con estática y crujidos, DAC defectuoso","Audio no funcional. Audio con estática y crujidos, DAC defectuoso. Reinstalar drivers Realtek/AMD y verificar servicios de audio.",Media,Limpiar jack de audio. Verificar configuración de dispositivos de sonido.,Reparable,27.86,4.5
745,Laptop,Apple,MacBook Pro 14 M3 Max,Económica,Batería,Porcentaje de batería salta de 30% a 5% sin aviso,Batería en estado crítico. Porcentaje de batería salta de 30% a 5% sin aviso. Retirar si está inflada por riesgo de seguridad.,Media,Calibrar batería siguiendo procedimiento del fabricante. Verificar ciclo de carga.,Garantía vigente,93.93,5.5
746,Computadora,Apple,Mac Studio M2 Max,Micro,GPU,"Rayos y artefactos en pantalla al iniciar juegos, GPU dañada","Fallo en sistema de visualización. Rayos y artefactos en pantalla al iniciar juegos, GPU dañada. Verificar cable flex y controlador de backlight.",Crítica,"Reemplazo de GPU dedicada. Si es integrada, reemplazo de motherboard.",Requiere reemplazo de componente,303.98,34.5
747,Laptop,Huawei,MateBook D15,Económica,Pantalla,"Píxeles muertos en pantalla, defecto del panel","Diagnóstico: Panel o componentes de pantalla dañados. Píxeles muertos en pantalla, defecto del panel. Probar con monitor externo para descartar GPU.",Media,Reemplazar cable flex o inverter. Verificar conexión al motherboard.,En diagnóstico,253.89,2.1
748,Tablet,Huawei,MatePad Pro 12.6,2 en 1,Sistema Operativo,Error CRITICAL_PROCESS_DIED al iniciar,Diagnóstico general: Error CRITICAL_PROCESS_DIED al iniciar. Se requiere revisión técnica especializada.,Media,Restaurar sistema a punto anterior. Eliminar software problemático.,Reparable,11.54,4.8
749,Computadora,Apple,Mac Pro 2023,Torre,Audio,"Micrófono no funciona, jack de audio dañado","Diagnóstico: Circuito de audio defectuoso. Micrófono no funciona, jack de audio dañado. Verificar codec de audio y conexiones.",Media,Limpiar jack de audio. Verificar configuración de dispositivos de sonido.,Garantía vigente,117.97,1.9
750,Laptop,Dell,Alienware m16,Workstation,Batería,Porcentaje de batería salta de 30% a 5% sin aviso,Batería degradada. Porcentaje de batería salta de 30% a 5% sin aviso. Verificar con diagnóstico de fabricante.,Alta,Reemplazar batería con original de fabricante. No usar baterías genéricas.,En diagnóstico,70.11,24.0
751,Tablet,Samsung,Galaxy Tab S9,Estándar,Motherboard,CMOS battery connector roto en motherboard,Problema en circuito de motherboard. CMOS battery connector roto en motherboard. Medir voltajes en puntos de test para localizar falla.,Media,Reparar pista o componente específico. Verificar todos los circuitos de alimentación.,Reparable,264.11,6.7
752,Tablet,Huawei,MatePad 11,Profesional,Pantalla,"Backlight no enciende, pantalla muy oscura","Fallo en sistema de visualización. Backlight no enciende, pantalla muy oscura. Verificar cable flex y controlador de backlight.",Alta,Reemplazar panel o componente de backlight. Cotizar reparación vs equipo nuevo.,Reparable,170.23,19.1
753,Laptop,Dell,Inspiron 15 3000,Workstation,Ventilación,"Sistema se apaga por protección térmica, ventilación insuficiente","Problema de enfriamiento detectado. Sistema se apaga por protección térmica, ventilación insuficiente. Limpieza y mantenimiento preventivo requerido.",Alta,Limpiar obstrucciones y reaplicar pasta térmica. Verificar heat pipes.,Requiere reemplazo de componente,48.66,5.2
754,Laptop,ASUS,VivoBook S14,Chromebook,GPU,GPU integrada causa parpadeo en pantalla,Problema de display detectado. GPU integrada causa parpadeo en pantalla. Evaluar reemplazo de panel o componentes asociados.,Crítica,"Reemplazo de GPU dedicada. Si es integrada, reemplazo de motherboard.",En diagnóstico,505.46,17.8
755,Laptop,Lenovo,ThinkBook 15,Workstation,Disco Duro/SSD,"Disco duro con sectores dañados, CHKDSK reporta errores","Diagnóstico general: Disco duro con sectores dañados, CHKDSK reporta errores. Se requiere revisión técnica especializada.",Media,Ejecutar CHKDSK y reparación de sectores. Monitorear SMART diariamente.,Reparable,116.36,6.1
756,Tablet,Samsung,Galaxy Tab S9 Ultra,2 en 1,Motherboard,"Power button connector suelto, motherboard no arranca","Componente de motherboard dañado. Power button connector suelto, motherboard no arranca. Se requiere microsoldadura especializada.",Crítica,Reemplazo de placa madre. Evaluar costo vs equipo nuevo. Rescatar componentes reutilizables.,Requiere reemplazo de componente,358.03,29.2
757,Laptop,Huawei,MateBook X Pro,Empresarial,Disco Duro/SSD,SMART warning: Reallocated Sector Count excedido,Diagnóstico general: SMART warning: Reallocated Sector Count excedido. Se requiere revisión técnica especializada.,Crítica,Clonar disco inmediatamente si es posible. Reemplazo urgente de unidad. Recuperación de datos profesional.,Fuera de servicio,230.77,34.9
758,Tablet,Xiaomi,Pad 6 Pro,Estándar,Pantalla,"Píxeles muertos en pantalla, defecto del panel","Diagnóstico: Panel o componentes de pantalla dañados. Píxeles muertos en pantalla, defecto del panel. Probar con monitor externo para descartar GPU.",Media,Reemplazar cable flex o inverter. Verificar conexión al motherboard.,Reparable,303.58,5.9
759,Laptop,Huawei,MateBook D15,Empresarial,Teclado,"Teclas no responden, controlador de teclado dañado","Teclado con malfunction. Teclas no responden, controlador de teclado dañado. Verificar flex de conexión y controlador.",Baja,Limpiar tecla específica o reemplazar keycap. Verificar configuración de idioma.,En diagnóstico,95.62,1.2
760,Laptop,HP,Spectre x360,Empresarial,GPU,"Driver de GPU no instala, hardware no compatible","GPU fallida. Driver de GPU no instala, hardware no compatible. Si es integrada, motherboard necesita reemplazo.",Media,Reinstalar drivers con DDU. Verificar temperatura y ventilación de GPU.,Garantía vigente,335.8,1.3
761,Laptop,Toshiba,Tecra A50,Empresarial,Teclado,"Varias teclas no funcionan, daño por líquido derramado","Diagnóstico: Memoria RAM con errores. Varias teclas no funcionan, daño por líquido derramado. Ejecutar MemTest86 para confirmar sector dañado.",Baja,Limpiar tecla específica o reemplazar keycap. Verificar configuración de idioma.,Garantía vigente,37.06,3.7
762,Laptop,Acer,ConceptD 3,Gaming,Sistema Operativo,"Windows no arranca, BCD corrupto","Diagnóstico general: Windows no arranca, BCD corrupto. Se requiere revisión técnica especializada.",Alta,Reparación de arranque con herramientas de recuperación. SFC y DISM.,En diagnóstico,14.42,7.0
763,Computadora,Custom/Genérica,PC Oficina i5-12400,All-in-One,Motherboard,"PCIe slot dañado, tarjeta gráfica no detectada","Diagnóstico general: PCIe slot dañado, tarjeta gráfica no detectada. Se requiere revisión técnica especializada.",Media,Reparar pista o componente específico. Verificar todos los circuitos de alimentación.,En diagnóstico,303.15,3.9
764,Computadora,Gigabyte,Aero D1 Desktop,Mini PC,RAM,RAM causa corrupción de archivos en disco,Inestabilidad por RAM defectuosa. RAM causa corrupción de archivos en disco. Probar módulos individualmente para aislar el dañado.,Alta,Reemplazar módulo RAM dañado. Probar con módulo nuevo en slot afectado.,Requiere reemplazo de componente,78.64,9.3
765,Computadora,HP,ProDesk 600 G6,Gaming,Motherboard,Circuito de protección de sobretensión activado permanentemente,Diagnóstico general: Circuito de protección de sobretensión activado permanentemente. Se requiere revisión técnica especializada.,Media,Reparar pista o componente específico. Verificar todos los circuitos de alimentación.,Garantía vigente,290.01,3.5
766,Computadora,HP,EliteDesk Mini,Mini PC,BIOS,"Configuración BIOS se resetea al apagar, batería CMOS agotada","Error de inicialización de BIOS detectado. Configuración BIOS se resetea al apagar, batería CMOS agotada. Verificar batería CMOS y versión de firmware.",Baja,Actualizar BIOS a la última versión disponible. Reemplazar batería CMOS si es necesario.,Garantía vigente,21.81,1.3
767,Laptop,Apple,MacBook Pro 16 M3 Pro,Económica,Batería,Batería se calienta excesivamente durante la carga,Diagnóstico: Batería defectuosa. Batería se calienta excesivamente durante la carga. Reemplazar con batería original certificada.,Baja,Reemplazar batería cuando sea conveniente. Funciona con limitaciones.,Garantía vigente,133.7,2.0
768,Computadora,Apple,Mac Studio M2 Max,Gaming,Fuente de Poder,"Fuente se apaga después de 10 minutos, sobrecalentamiento","Diagnóstico general: Fuente se apaga después de 10 minutos, sobrecalentamiento. Se requiere revisión técnica especializada.",Alta,Reemplazar fuente con certificación adecuada. Verificar potencia necesaria.,Requiere reemplazo de componente,88.07,16.9
769,Tablet,Samsung,Galaxy Tab A8,Gaming,Puertos,Puertos USB dan descarga estática al conectar,Problema en interfaz de puertos. Puertos USB dan descarga estática al conectar. Probar con dispositivos conocidos como buenos.,Alta,Reparar soldadura de puerto dañado. Usar adaptador temporal mientras se repara.,Requiere reemplazo de componente,165.86,4.0
770,Tablet,Microsoft,Surface Pro 10,2 en 1,Puertos,"Puerto USB no reconoce dispositivos, controlador dañado","Diagnóstico general: Puerto USB no reconoce dispositivos, controlador dañado. Se requiere revisión técnica especializada.",Baja,Usar puerto alternativo. Monitorear funcionamiento del puerto afectado.,Reparable,168.5,0.8
771,Tablet,Xiaomi,Pad 6,Profesional,RAM,Pantalla azul MEMORY_MANAGEMENT al usar múltiples aplicaciones,Fallo en sistema de visualización. Pantalla azul MEMORY_MANAGEMENT al usar múltiples aplicaciones. Verificar cable flex y controlador de backlight.,Media,Limpiar contactos con alcohol isopropílico. Reubicar módulos en slots diferentes.,En diagnóstico,117.85,4.2
772,Tablet,ASUS,ROG Flow Z13,2 en 1,Ventilación,"Ventilador siempre al 100%, sensor de temperatura defectuoso","Diagnóstico general: Ventilador siempre al 100%, sensor de temperatura defectuoso. Se requiere revisión técnica especializada.",Baja,Limpieza preventiva y monitoreo de temperaturas. Ajustar curva de ventilador.,En diagnóstico,72.51,2.2
773,Computadora,Lenovo,ThinkCentre M90q,Torre,Motherboard,"No hay vídeo, GPU integrada de motherboard fallida","Problema en circuito de motherboard. No hay vídeo, GPU integrada de motherboard fallida. Medir voltajes en puntos de test para localizar falla.",Alta,Reparación especializada de microsoldadura. Reemplazar componentes SMD dañados.,En diagnóstico,434.68,7.3
774,Laptop,Acer,Chromebook Spin 514,Económica,Disco Duro/SSD,"SSD con firmware corrupto, no monta partición","Diagnóstico general: SSD con firmware corrupto, no monta partición. Se requiere revisión técnica especializada.",Crítica,Clonar disco inmediatamente si es posible. Reemplazo urgente de unidad. Recuperación de datos profesional.,Requiere reemplazo de componente,149.98,22.9
775,Computadora,ASUS,ProArt Station PD5,Servidor,Motherboard,"Motherboard con condensadores inflados, inestabilidad","Problema en circuito de motherboard. Motherboard con condensadores inflados, inestabilidad. Medir voltajes en puntos de test para localizar falla.",Media,Reparar pista o componente específico. Verificar todos los circuitos de alimentación.,Reparable,150.01,7.5
776,Computadora,Acer,Nitro 50,Gaming,Puertos,"Puerto de audio con estática, jack dañado","Diagnóstico: Circuito de audio defectuoso. Puerto de audio con estática, jack dañado. Verificar codec de audio y conexiones.",Baja,Usar puerto alternativo. Monitorear funcionamiento del puerto afectado.,En diagnóstico,79.88,3.7
777,Laptop,Dell,XPS 15,Empresarial,Disco Duro/SSD,"Ruidos de raspado en disco duro, cabezal dañado","Diagnóstico general: Ruidos de raspado en disco duro, cabezal dañado. Se requiere revisión técnica especializada.",Media,Ejecutar CHKDSK y reparación de sectores. Monitorear SMART diariamente.,Garantía vigente,119.19,7.3
778,Laptop,Huawei,MateBook E Go,Workstation,BIOS,"Error de POST en BIOS, código de beep 1 largo 2 cortos","Se requiere flashear la BIOS para restaurar funcionalidad. Error de POST en BIOS, código de beep 1 largo 2 cortos",Media,Reset de CMOS y reconfiguración de BIOS. Actualizar a última versión estable.,Garantía vigente,97.47,1.3
779,Laptop,MSI,Katana 15,Económica,Puertos,"Puerto Ethernet no detecta cable, LED no enciende","Diagnóstico general: Puerto Ethernet no detecta cable, LED no enciende. Se requiere revisión técnica especializada.",Alta,Reparar soldadura de puerto dañado. Usar adaptador temporal mientras se repara.,En diagnóstico,28.13,20.2
780,Tablet,Lenovo,Tab M8,Educacional,Puertos,"Puerto Thunderbolt no funciona, controlador dañado","Diagnóstico general: Puerto Thunderbolt no funciona, controlador dañado. Se requiere revisión técnica especializada.",Media,Limpiar puerto con aire comprimido. Verificar drivers del controlador USB.,Reparable,35.58,6.9
781,Laptop,Huawei,MateBook X Pro,Gaming,Puertos,Puertos USB dan descarga estática al conectar,Problema en interfaz de puertos. Puertos USB dan descarga estática al conectar. Probar con dispositivos conocidos como buenos.,Alta,Reparar soldadura de puerto dañado. Usar adaptador temporal mientras se repara.,En diagnóstico,84.2,9.4
782,Tablet,Apple,iPad 10th Gen,eReader,RAM,"Fallo en test de memoria Windows, errores detectados","Diagnóstico general: Fallo en test de memoria Windows, errores detectados. Se requiere revisión técnica especializada.",Alta,Reemplazar módulo RAM dañado. Probar con módulo nuevo en slot afectado.,Reparable,87.19,22.1
783,Computadora,HP,EliteDesk Mini,All-in-One,Conectividad,"WiFi no enciende, switch físico o función FN dañada","Diagnóstico general: WiFi no enciende, switch físico o función FN dañada. Se requiere revisión técnica especializada.",Media,Actualizar drivers y firmware. Verificar configuración de red.,En diagnóstico,92.02,5.9
784,Computadora,Gigabyte,Aero D1 Desktop,Servidor,RAM,"RAM no detectada, sistema muestra menos memoria de la instalada","Diagnóstico: Memoria RAM con errores. RAM no detectada, sistema muestra menos memoria de la instalada. Ejecutar MemTest86 para confirmar sector dañado.",Alta,Reemplazar módulo RAM dañado. Probar con módulo nuevo en slot afectado.,En diagnóstico,76.06,15.5
785,Laptop,HP,Stream 14,Workstation,Conectividad,"WiFi muestra redes pero no conecta, error de autenticación","Diagnóstico general: WiFi muestra redes pero no conecta, error de autenticación. Se requiere revisión técnica especializada.",Media,Actualizar drivers y firmware. Verificar configuración de red.,Garantía vigente,44.07,6.6
786,Computadora,ASUS,ProArt Station PD5,Workstation,BIOS,"Error ACPI en BIOS, sistema no entra en suspensión","Se requiere flashear la BIOS para restaurar funcionalidad. Error ACPI en BIOS, sistema no entra en suspensión",Media,Reset de CMOS y reconfiguración de BIOS. Actualizar a última versión estable.,En diagnóstico,71.29,1.1
787,Computadora,HP,Pavilion Desktop,Torre,Motherboard,Conector de pantalla dañado en motherboard de laptop,Componente de motherboard dañado. Conector de pantalla dañado en motherboard de laptop. Se requiere microsoldadura especializada.,Alta,Reparación especializada de microsoldadura. Reemplazar componentes SMD dañados.,En diagnóstico,176.79,8.2
788,Laptop,MSI,Summit E16,Premium,Disco Duro/SSD,"Pantalla azul UNMOUNTABLE_BOOT_VOLUME, disco corrupto","Display con defecto. Pantalla azul UNMOUNTABLE_BOOT_VOLUME, disco corrupto. Reemplazo de panel recomendado si costo es viable.",Media,Ejecutar CHKDSK y reparación de sectores. Monitorear SMART diariamente.,En diagnóstico,220.44,3.3
789,Tablet,Amazon,Fire HD 10,Económica,Motherboard,"Puertos USB traseros no funcionan, controlador I/O dañado","Puerto no funcional. Puertos USB traseros no funcionan, controlador I/O dañado. Si es USB-C, verificar controlador PD y retractor.",Alta,Reparación especializada de microsoldadura. Reemplazar componentes SMD dañados.,En diagnóstico,397.55,23.3
790,Tablet,ASUS,Chromebook Detachable CZ1,2 en 1,Disco Duro/SSD,SMART warning: Reallocated Sector Count excedido,Diagnóstico general: SMART warning: Reallocated Sector Count excedido. Se requiere revisión técnica especializada.,Crítica,Clonar disco inmediatamente si es posible. Reemplazo urgente de unidad. Recuperación de datos profesional.,En diagnóstico,156.91,20.6
791,Laptop,HP,Stream 14,Gaming,Motherboard,BIOS chip dañado físicamente en la motherboard,Fallo en firmware BIOS. BIOS chip dañado físicamente en la motherboard. Se recomienda reemplazo de chip BIOS.,Crítica,Reemplazo de placa madre. Evaluar costo vs equipo nuevo. Rescatar componentes reutilizables.,Fuera de servicio,239.67,11.3
792,Tablet,ASUS,ZenPad Z8s,eReader,Conectividad,"Conexión WiFi se cae constantemente, driver inestable","Diagnóstico general: Conexión WiFi se cae constantemente, driver inestable. Se requiere revisión técnica especializada.",Alta,Reinstalar drivers. Verificar antenas internas. Reemplazar módulo M.2 si aplica.,Reparable,80.39,8.9
793,Computadora,ASUS,ROG Strix G35,Mini PC,RAM,RAM causa corrupción de archivos en disco,Inestabilidad por RAM defectuosa. RAM causa corrupción de archivos en disco. Probar módulos individualmente para aislar el dañado.,Baja,Ejecutar diagnóstico de memoria extendido. Monitorear en próximos días.,En diagnóstico,68.0,3.5
794,Tablet,Amazon,Fire Max 11,Económica,Disco Duro/SSD,"Pantalla azul UNMOUNTABLE_BOOT_VOLUME, disco corrupto","Display con defecto. Pantalla azul UNMOUNTABLE_BOOT_VOLUME, disco corrupto. Reemplazo de panel recomendado si costo es viable.",Baja,Ejecutar optimización de disco. Liberar espacio en SSD para mejorar rendimiento.,Garantía vigente,165.54,2.2
795,Tablet,Huawei,MatePad T10,Profesional,Teclado,"Teclado escribe caracteres incorrectos, layout mal configurado","Teclado con malfunction. Teclado escribe caracteres incorrectos, layout mal configurado. Verificar flex de conexión y controlador.",Crítica,"Reemplazo completo del teclado. Si es por líquido, evaluar daño a motherboard.",Fuera de servicio,73.81,10.6
796,Laptop,Samsung,Galaxy Book2 Pro,Gaming,Motherboard,"No hay vídeo, GPU integrada de motherboard fallida","Problema en circuito de motherboard. No hay vídeo, GPU integrada de motherboard fallida. Medir voltajes en puntos de test para localizar falla.",Alta,Reparación especializada de microsoldadura. Reemplazar componentes SMD dañados.,Reparable,496.47,6.7
797,Computadora,Custom/Genérica,PC Gamer RTX 3060,Workstation,Motherboard,"Filtro de EMI dañado, interferencia en audio/video","Diagnóstico: Circuito de audio defectuoso. Filtro de EMI dañado, interferencia en audio/video. Verificar codec de audio y conexiones.",Media,Reparar pista o componente específico. Verificar todos los circuitos de alimentación.,Reparable,282.12,6.2
798,Tablet,ASUS,ZenPad Z8s,eReader,Fuente de Poder,"Olor a quemado desde la fuente, componente quemado","Diagnóstico general: Olor a quemado desde la fuente, componente quemado. Se requiere revisión técnica especializada.",Alta,Reemplazar fuente con certificación adecuada. Verificar potencia necesaria.,Reparable,39.68,18.5
799,Computadora,Huawei,MateStation S,Workstation,Pantalla,"Pantalla externa no detectada, puerto HDMI dañado","Fallo en sistema de visualización. Pantalla externa no detectada, puerto HDMI dañado. Verificar cable flex y controlador de backlight.",Alta,Reemplazar panel o componente de backlight. Cotizar reparación vs equipo nuevo.,En diagnóstico,207.45,21.0
800,Laptop,Samsung,Galaxy Book3 Ultra,2 en 1,RAM,"Pitidos continuos al encender, módulo RAM defectuoso","Diagnóstico: Memoria RAM con errores. Pitidos continuos al encender, módulo RAM defectuoso. Ejecutar MemTest86 para confirmar sector dañado.",Media,Limpiar contactos con alcohol isopropílico. Reubicar módulos en slots diferentes.,Garantía vigente,69.91,7.2
801,Computadora,Acer,Nitro 50,SFF,Motherboard,"Motherboard con condensadores inflados, inestabilidad","Problema en circuito de motherboard. Motherboard con condensadores inflados, inestabilidad. Medir voltajes en puntos de test para localizar falla.",Baja,Limpieza profunda y rethermal. Verificar conexiones y reseat de componentes.,Garantía vigente,112.96,2.8
802,Computadora,Huawei,MateStation S,All-in-One,Disco Duro/SSD,Error de formato al intentar reparar disco,Diagnóstico general: Error de formato al intentar reparar disco. Se requiere revisión técnica especializada.,Media,Ejecutar CHKDSK y reparación de sectores. Monitorear SMART diariamente.,En diagnóstico,152.65,4.2
803,Laptop,MSI,Prestige 14,Económica,Motherboard,Motherboard con corrosión por líquido derramado,Problema de memoria. Motherboard con corrosión por líquido derramado. Revisar slots y limpieza de contactos con alcohol isopropílico.,Baja,Limpieza profunda y rethermal. Verificar conexiones y reseat de componentes.,Garantía vigente,149.56,1.4
804,Laptop,Samsung,Galaxy Book2 Pro,Workstation,RAM,Pantalla azul MEMORY_MANAGEMENT al usar múltiples aplicaciones,Pantalla defectuosa. Pantalla azul MEMORY_MANAGEMENT al usar múltiples aplicaciones. Inspeccionar conexiones y testear con pantalla externa.,Media,Limpiar contactos con alcohol isopropílico. Reubicar módulos en slots diferentes.,En diagnóstico,37.23,3.6
805,Computadora,ASUS,ProArt Station PD5,Micro,RAM,Reinicios aleatorios por errores de memoria RAM,Diagnóstico: Memoria RAM con errores. Reinicios aleatorios por errores de memoria RAM. Ejecutar MemTest86 para confirmar sector dañado.,Baja,Ejecutar diagnóstico de memoria extendido. Monitorear en próximos días.,En diagnóstico,26.81,1.6
806,Computadora,Lenovo,Legion Tower 5i,SFF,RAM,Memoria insufficient al abrir aplicaciones pesadas,Diagnóstico general: Memoria insufficient al abrir aplicaciones pesadas. Se requiere revisión técnica especializada.,Crítica,Reemplazo inmediato de módulo RAM defectuoso. Verificar compatibilidad con placa madre.,Fuera de servicio,96.18,12.2
807,Computadora,Huawei,MateStation S,Workstation,RAM,Memoria RAM causa artefactos visuales en pantalla,Error de memoria RAM. Memoria RAM causa artefactos visuales en pantalla. Verificar compatibilidad y velocidad de módulos.,Media,Limpiar contactos con alcohol isopropílico. Reubicar módulos en slots diferentes.,Garantía vigente,33.11,7.1
808,Tablet,Samsung,Galaxy Tab S9 Ultra,Educacional,Disco Duro/SSD,Error de formato al intentar reparar disco,Diagnóstico general: Error de formato al intentar reparar disco. Se requiere revisión técnica especializada.,Media,Ejecutar CHKDSK y reparación de sectores. Monitorear SMART diariamente.,En diagnóstico,113.8,4.5
809,Tablet,Xiaomi,Pad 6 Pro,Gaming,Teclado,"Teclado se desconecta aleatoriamente, flex dañado","Diagnóstico: Teclado defectuoso. Teclado se desconecta aleatoriamente, flex dañado. Reemplazo del conjunto recomendado.",Alta,Reemplazar teclado completo. Verificar si hay daño adicional por líquido.,Requiere reemplazo de componente,42.47,13.8
810,Laptop,HP,Pavilion 15,Económica,Teclado,"Fn keys no funcionan, controlador ACPI dañado","Diagnóstico general: Fn keys no funcionan, controlador ACPI dañado. Se requiere revisión técnica especializada.",Alta,Reemplazar teclado completo. Verificar si hay daño adicional por líquido.,Requiere reemplazo de componente,68.85,4.5
811,Tablet,Lenovo,Tab P11 Pro,Económica,Ventilación,"Pasta térmica seca, temperatura CPU sobre 95°C","Diagnóstico general: Pasta térmica seca, temperatura CPU sobre 95°C. Se requiere revisión técnica especializada.",Alta,Limpiar obstrucciones y reaplicar pasta térmica. Verificar heat pipes.,En diagnóstico,22.21,14.2
812,Computadora,MSI,Cubi 5,Servidor,Disco Duro/SSD,"Disco duro no gira, motor spindle fallido","Diagnóstico general: Disco duro no gira, motor spindle fallido. Se requiere revisión técnica especializada.",Media,Ejecutar CHKDSK y reparación de sectores. Monitorear SMART diariamente.,Reparable,134.23,1.4
813,Tablet,Huawei,MatePad 11.5 S,Estándar,RAM,Sistema operativo reporta memoria reservada excesiva,Diagnóstico general: Sistema operativo reporta memoria reservada excesiva. Se requiere revisión técnica especializada.,Alta,Reemplazar módulo RAM dañado. Probar con módulo nuevo en slot afectado.,Requiere reemplazo de componente,50.7,7.0
814,Laptop,Huawei,MateBook 14s,Workstation,Audio,"Audio con estática y crujidos, DAC defectuoso","Diagnóstico: Circuito de audio defectuoso. Audio con estática y crujidos, DAC defectuoso. Verificar codec de audio y conexiones.",Alta,Reinstalar drivers de audio. Verificar jack de audio con multímetro.,Reparable,52.6,8.7
815,Laptop,Toshiba,Tecra A50,Chromebook,Fuente de Poder,"Fuente se apaga después de 10 minutos, sobrecalentamiento","Diagnóstico general: Fuente se apaga después de 10 minutos, sobrecalentamiento. Se requiere revisión técnica especializada.",Crítica,Reemplazo inmediato de fuente. No intentar reparar por riesgo eléctrico.,En diagnóstico,140.54,30.7
816,Laptop,Lenovo,Yoga 7i,Ultrabook,GPU,"Artefactos gráficos en pantalla, memoria VRAM dañada","Problema de memoria. Artefactos gráficos en pantalla, memoria VRAM dañada. Revisar slots y limpieza de contactos con alcohol isopropílico.",Alta,Reflow o reball de GPU. Reemplazar pasta térmica. Verificar alimentación.,Reparable,352.55,14.8
817,Laptop,Dell,Precision 5680,Ultrabook,Motherboard,Motherboard con corrosión por líquido derramado,Problema de memoria. Motherboard con corrosión por líquido derramado. Revisar slots y limpieza de contactos con alcohol isopropílico.,Alta,Reparación especializada de microsoldadura. Reemplazar componentes SMD dañados.,Reparable,464.54,4.2
818,Computadora,Huawei,MateStation B515,Mini PC,Ventilación,"Sistema hace throttle térmico, disipador obstruido","Diagnóstico general: Sistema hace throttle térmico, disipador obstruido. Se requiere revisión técnica especializada.",Media,Limpieza de polvo con aire comprimido. Verificar RPM del ventilador.,En diagnóstico,49.72,8.0
819,Laptop,Acer,Swift 3,Workstation,RAM,"SODIMM RAM con pines dañados, contacto intermitente","Fallo de memoria detectado. SODIMM RAM con pines dañados, contacto intermitente. Se recomienda reemplazar módulo defectuoso.",Baja,Ejecutar diagnóstico de memoria extendido. Monitorear en próximos días.,Garantía vigente,94.19,3.4
820,Computadora,ASUS,ProArt Station PD5,Micro,Pantalla,"Pantalla táctil con calibración desviada, toques imprecisos","Fallo en sistema de visualización. Pantalla táctil con calibración desviada, toques imprecisos. Verificar cable flex y controlador de backlight.",Alta,Reemplazar panel o componente de backlight. Cotizar reparación vs equipo nuevo.,Reparable,299.99,6.1
821,Computadora,Lenovo,Legion Tower 7i,Workstation,Disco Duro/SSD,"SSD no detectado en BIOS, controlador NVMe dañado","Error de inicialización de BIOS detectado. SSD no detectado en BIOS, controlador NVMe dañado. Verificar batería CMOS y versión de firmware.",Alta,Respaldar datos y reemplazar disco. Ejecutar recuperación con herramientas especializadas.,Requiere reemplazo de componente,73.98,15.0
822,Laptop,Acer,Nitro 5,Empresarial,GPU,"Cuelgues al usar aplicaciones 3D, GPU sobrecalentada","Fallo en procesador gráfico. Cuelgues al usar aplicaciones 3D, GPU sobrecalentada. Verificar temperatura y reflow si es BGA.",Crítica,"Reemplazo de GPU dedicada. Si es integrada, reemplazo de motherboard.",Requiere reemplazo de componente,500.89,45.0
823,Laptop,Lenovo,IdeaPad 5 Pro,Empresarial,RAM,Sistema se congela al consumir más del 75% de RAM,Inestabilidad por RAM defectuosa. Sistema se congela al consumir más del 75% de RAM. Probar módulos individualmente para aislar el dañado.,Baja,Ejecutar diagnóstico de memoria extendido. Monitorear en próximos días.,Garantía vigente,77.73,2.6
824,Laptop,MSI,Katana 15,Gaming,Ventilación,"Sistema se apaga por protección térmica, ventilación insuficiente","Sistema de ventilación deficiente. Sistema se apaga por protección térmica, ventilación insuficiente. Reaplicar pasta térmica y limpiar disipador.",Crítica,Reemplazar disipador y ventilador. Reaplicar pasta térmica de calidad. Limpieza completa.,Requiere reemplazo de componente,43.84,42.0
825,Laptop,MSI,Stealth 15M,Premium,Pantalla,"Pantalla parpadea constantemente, inverter defectuoso","Display con defecto. Pantalla parpadea constantemente, inverter defectuoso. Reemplazo de panel recomendado si costo es viable.",Media,Reemplazar cable flex o inverter. Verificar conexión al motherboard.,Reparable,60.31,6.2
826,Laptop,Samsung,Galaxy Book Go,Chromebook,BIOS,BIOS no guarda cambios después de guardar y salir,Diagnóstico: Corrupción de BIOS. BIOS no guarda cambios después de guardar y salir. Procedimiento: Reflashing con método de recuperación del fabricante.,Media,Reset de CMOS y reconfiguración de BIOS. Actualizar a última versión estable.,En diagnóstico,102.07,1.1
827,Laptop,ASUS,ROG Zephyrus G14,Empresarial,Pantalla,"Pantalla con ghosting, retardo de respuesta del panel","Diagnóstico: Panel o componentes de pantalla dañados. Pantalla con ghosting, retardo de respuesta del panel. Probar con monitor externo para descartar GPU.",Baja,Calibrar pantalla y actualizar driver de vídeo. Ajustar perfil de color.,Reparable,109.1,1.6
828,Laptop,Apple,MacBook Air M3,Premium,Ventilación,Acumulación excesiva de polvo en ventilador y disipador,Diagnóstico general: Acumulación excesiva de polvo en ventilador y disipador. Se requiere revisión técnica especializada.,Baja,Limpieza preventiva y monitoreo de temperaturas. Ajustar curva de ventilador.,En diagnóstico,24.72,3.4
829,Laptop,ASUS,ZenBook 14,Gaming,Conectividad,"Conexión Ethernet limitada a 10Mbps, negociación fallida","Diagnóstico general: Conexión Ethernet limitada a 10Mbps, negociación fallida. Se requiere revisión técnica especializada.",Alta,Reinstalar drivers. Verificar antenas internas. Reemplazar módulo M.2 si aplica.,En diagnóstico,24.57,11.6
830,Computadora,ASUS,ProArt Station PD5,All-in-One,RAM,"SODIMM RAM con pines dañados, contacto intermitente","Inestabilidad por RAM defectuosa. SODIMM RAM con pines dañados, contacto intermitente. Probar módulos individualmente para aislar el dañado.",Baja,Ejecutar diagnóstico de memoria extendido. Monitorear en próximos días.,Garantía vigente,70.75,2.6
831,Laptop,Acer,Aspire 5,Premium,Conectividad,"Conexión Ethernet limitada a 10Mbps, negociación fallida","Diagnóstico general: Conexión Ethernet limitada a 10Mbps, negociación fallida. Se requiere revisión técnica especializada.",Crítica,"Reemplazo de módulo WiFi/Bluetooth. Si es integrado, usar adaptador USB.",En diagnóstico,30.24,42.9
832,Computadora,HP,OMEN 25L,Servidor,Disco Duro/SSD,"Disco duro con PCB quemada, no recibe alimentación","Diagnóstico general: Disco duro con PCB quemada, no recibe alimentación. Se requiere revisión técnica especializada.",Baja,Ejecutar optimización de disco. Liberar espacio en SSD para mejorar rendimiento.,Reparable,72.18,0.6
833,Computadora,ASUS,ExpertCenter D5,Servidor,Audio,"Audio funciona solo con auriculares, switch de jack atascado","Sistema de audio dañado. Audio funciona solo con auriculares, switch de jack atascado. Si es hardware, evaluar placa de audio USB como alternativa.",Media,Limpiar jack de audio. Verificar configuración de dispositivos de sonido.,En diagnóstico,50.95,3.2
834,Laptop,Samsung,Galaxy Book Go,Chromebook,Motherboard,"VRM de motherboard sobrecalentado, throttling severo","Motherboard con daño eléctrico. VRM de motherboard sobrecalentado, throttling severo. Inspeccionar con microscopio y multímetro.",Media,Reparar pista o componente específico. Verificar todos los circuitos de alimentación.,Garantía vigente,319.64,3.2
835,Computadora,Lenovo,IdeaCentre 5i,SFF,Sistema Operativo,"Kernel panic en macOS, extensión incompatible","Diagnóstico general: Kernel panic en macOS, extensión incompatible. Se requiere revisión técnica especializada.",Baja,Actualizar Windows/macOS. Ejecutar Windows Update y reparación de archivos.,En diagnóstico,37.16,2.6
836,Tablet,Lenovo,Tab M10 Plus,Gaming,RAM,RAM causa corrupción de archivos en disco,Problema de memoria. RAM causa corrupción de archivos en disco. Revisar slots y limpieza de contactos con alcohol isopropílico.,Media,Limpiar contactos con alcohol isopropílico. Reubicar módulos en slots diferentes.,En diagnóstico,79.86,3.6
837,Computadora,HP,Pavilion Desktop,Gaming,Puertos,"Puerto SD card no lee tarjetas, slot dañado","Diagnóstico general: Puerto SD card no lee tarjetas, slot dañado. Se requiere revisión técnica especializada.",Baja,Usar puerto alternativo. Monitorear funcionamiento del puerto afectado.,En diagnóstico,71.64,3.1
838,Computadora,ASUS,ROG Strix G10,All-in-One,Disco Duro/SSD,"Error CRC en disco, datos corruptos al copiar archivos","Diagnóstico general: Error CRC en disco, datos corruptos al copiar archivos. Se requiere revisión técnica especializada.",Alta,Respaldar datos y reemplazar disco. Ejecutar recuperación con herramientas especializadas.,En diagnóstico,154.06,10.5
839,Tablet,Microsoft,Surface Pro 9,Económica,Batería,"Batería inflada, deformación visible del chasis","Diagnóstico: Batería defectuosa. Batería inflada, deformación visible del chasis. Reemplazar con batería original certificada.",Alta,Reemplazar batería con original de fabricante. No usar baterías genéricas.,Requiere reemplazo de componente,96.19,5.0
840,Computadora,Custom/Genérica,PC Gaming RTX 4070,Mini PC,Motherboard,"Motherboard con pista dañada, circuito abierto","Componente de motherboard dañado. Motherboard con pista dañada, circuito abierto. Se requiere microsoldadura especializada.",Alta,Reparación especializada de microsoldadura. Reemplazar componentes SMD dañados.,Reparable,320.34,3.7
841,Computadora,Gigabyte,B550 Vision D,Gaming,Batería,"Advertencia de batería genuina, chip de autenticación dañado","Diagnóstico: Batería defectuosa. Advertencia de batería genuina, chip de autenticación dañado. Reemplazar con batería original certificada.",Alta,Reemplazar batería con original de fabricante. No usar baterías genéricas.,Reparable,127.35,18.9
842,Computadora,HP,Pavilion Desktop,Torre,Conectividad,"WiFi no enciende, switch físico o función FN dañada","Diagnóstico general: WiFi no enciende, switch físico o función FN dañada. Se requiere revisión técnica especializada.",Crítica,"Reemplazo de módulo WiFi/Bluetooth. Si es integrado, usar adaptador USB.",En diagnóstico,90.08,25.4
843,Computadora,MSI,Aegis RS 13th,Micro,Audio,"Zumbido constante en altavoces, filtrado de ruido eléctrico","Diagnóstico general: Zumbido constante en altavoces, filtrado de ruido eléctrico. Se requiere revisión técnica especializada.",Baja,Actualizar drivers de audio. Verificar configuración de volumen y dispositivos.,Reparable,110.71,1.2
844,Computadora,ASUS,ProArt Station PD5,Workstation,BIOS,BIOS bloqueada con contraseña desconocida,Se requiere flashear la BIOS para restaurar funcionalidad. BIOS bloqueada con contraseña desconocida,Alta,Flashear BIOS desde USB con método de recuperación del fabricante. Verificar versión actual.,Requiere reemplazo de componente,43.86,19.4
845,Laptop,Samsung,Galaxy Book2 Pro,Gaming,Motherboard,"No hay vídeo, GPU integrada de motherboard fallida","Problema en circuito de motherboard. No hay vídeo, GPU integrada de motherboard fallida. Medir voltajes en puntos de test para localizar falla.",Media,Reparar pista o componente específico. Verificar todos los circuitos de alimentación.,En diagnóstico,258.92,6.1
846,Computadora,Lenovo,IdeaCentre AIO 3,Servidor,Pantalla,"Brillo de pantalla no ajusta, sensor ALS dañado","Fallo en sistema de visualización. Brillo de pantalla no ajusta, sensor ALS dañado. Verificar cable flex y controlador de backlight.",Alta,Reemplazar panel o componente de backlight. Cotizar reparación vs equipo nuevo.,En diagnóstico,247.3,2.5
847,Laptop,ASUS,ExpertBook B5,Económica,Sistema Operativo,"Servicio de Windows no inicia, dependencia rota","Diagnóstico general: Servicio de Windows no inicia, dependencia rota. Se requiere revisión técnica especializada.",Baja,Actualizar Windows/macOS. Ejecutar Windows Update y reparación de archivos.,En diagnóstico,18.87,2.7
848,Laptop,Acer,ConceptD 3,Workstation,Batería,Batería no suministra energía suficiente bajo carga,Diagnóstico: Batería defectuosa. Batería no suministra energía suficiente bajo carga. Reemplazar con batería original certificada.,Baja,Reemplazar batería cuando sea conveniente. Funciona con limitaciones.,Reparable,148.42,0.7
849,Laptop,MSI,Summit E16,Premium,Pantalla,"Pantalla con color amarillento, perfil de color corrupto","Pantalla defectuosa. Pantalla con color amarillento, perfil de color corrupto. Inspeccionar conexiones y testear con pantalla externa.",Alta,Reemplazar panel o componente de backlight. Cotizar reparación vs equipo nuevo.,Requiere reemplazo de componente,192.22,4.8
850,Laptop,ASUS,VivoBook S14,Premium,Teclado,"Teclado retroiluminado no enciende, LED defectuoso","Teclado con malfunction. Teclado retroiluminado no enciende, LED defectuoso. Verificar flex de conexión y controlador.",Alta,Reemplazar teclado completo. Verificar si hay daño adicional por líquido.,En diagnóstico,144.43,2.0
851,Computadora,Gigabyte,B550 Vision D,Torre,Disco Duro/SSD,"Disco muestra capacidad incorrecta, tabla de particiones dañada","Diagnóstico general: Disco muestra capacidad incorrecta, tabla de particiones dañada. Se requiere revisión técnica especializada.",Crítica,Clonar disco inmediatamente si es posible. Reemplazo urgente de unidad. Recuperación de datos profesional.,En diagnóstico,163.16,4.8
852,Laptop,Toshiba,Satellite C55,Workstation,Pantalla,"Pantalla con artefactos coloridos, GPU o panel defectuoso","Fallo en sistema de visualización. Pantalla con artefactos coloridos, GPU o panel defectuoso. Verificar cable flex y controlador de backlight.",Alta,Reemplazar panel o componente de backlight. Cotizar reparación vs equipo nuevo.,Requiere reemplazo de componente,265.56,10.9
853,Computadora,ASUS,ProArt Station PD5,Servidor,Conectividad,"Velocidad WiFi muy lenta, antena interna dañada","Diagnóstico general: Velocidad WiFi muy lenta, antena interna dañada. Se requiere revisión técnica especializada.",Media,Actualizar drivers y firmware. Verificar configuración de red.,En diagnóstico,99.96,4.5
854,Tablet,ASUS,ROG Flow Z13,eReader,Disco Duro/SSD,"SSD con firmware corrupto, no monta partición","Diagnóstico general: SSD con firmware corrupto, no monta partición. Se requiere revisión técnica especializada.",Media,Ejecutar CHKDSK y reparación de sectores. Monitorear SMART diariamente.,Garantía vigente,81.55,6.2
855,Laptop,Lenovo,Legion Pro 7,2 en 1,Ventilación,"Ventilador siempre al 100%, sensor de temperatura defectuoso","Diagnóstico general: Ventilador siempre al 100%, sensor de temperatura defectuoso. Se requiere revisión técnica especializada.",Media,Limpieza de polvo con aire comprimido. Verificar RPM del ventilador.,Reparable,76.14,6.6
856,Computadora,Apple,Mac Pro 2023,Gaming,BIOS,Temperatura CPU no reportada correctamente por BIOS,Error de inicialización de BIOS detectado. Temperatura CPU no reportada correctamente por BIOS. Verificar batería CMOS y versión de firmware.,Crítica,"Retroflash de BIOS con programador externo SPI. Si no es posible, reemplazo de placa madre.",En diagnóstico,45.08,44.4
857,Computadora,ASUS,ExpertCenter D5,SFF,RAM,Sistema se congela al consumir más del 75% de RAM,Fallo de memoria detectado. Sistema se congela al consumir más del 75% de RAM. Se recomienda reemplazar módulo defectuoso.,Baja,Ejecutar diagnóstico de memoria extendido. Monitorear en próximos días.,Garantía vigente,103.22,1.5
858,Tablet,Lenovo,Tab P11 Pro,Estándar,RAM,RAM DDR4 no arranca a la velocidad XMP especificada,Fallo de memoria detectado. RAM DDR4 no arranca a la velocidad XMP especificada. Se recomienda reemplazar módulo defectuoso.,Baja,Ejecutar diagnóstico de memoria extendido. Monitorear en próximos días.,En diagnóstico,72.94,2.8
859,Laptop,Samsung,Galaxy Book Go,Chromebook,Ventilación,Acumulación excesiva de polvo en ventilador y disipador,Diagnóstico general: Acumulación excesiva de polvo en ventilador y disipador. Se requiere revisión técnica especializada.,Media,Limpieza de polvo con aire comprimido. Verificar RPM del ventilador.,En diagnóstico,65.06,2.9
860,Computadora,ASUS,Chromebox 4,Torre,Disco Duro/SSD,SSD con escritura lenta después de 80% de capacidad,Diagnóstico general: SSD con escritura lenta después de 80% de capacidad. Se requiere revisión técnica especializada.,Alta,Respaldar datos y reemplazar disco. Ejecutar recuperación con herramientas especializadas.,En diagnóstico,223.09,22.9
861,Laptop,Acer,Aspire 5,Premium,Pantalla,"Pantalla parpadea constantemente, inverter defectuoso","Problema de display detectado. Pantalla parpadea constantemente, inverter defectuoso. Evaluar reemplazo de panel o componentes asociados.",Alta,Reemplazar panel o componente de backlight. Cotizar reparación vs equipo nuevo.,En diagnóstico,352.91,20.9
862,Laptop,Dell,G15 Gaming,2 en 1,Pantalla,"Pantalla táctil con calibración desviada, toques imprecisos","Fallo en sistema de visualización. Pantalla táctil con calibración desviada, toques imprecisos. Verificar cable flex y controlador de backlight.",Alta,Reemplazar panel o componente de backlight. Cotizar reparación vs equipo nuevo.,Requiere reemplazo de componente,237.56,19.4
863,Computadora,Dell,Precision 3650,All-in-One,RAM,"Pantalla azul IRQL_NOT_LESS_OR_EQUAL, corrupción en RAM","Fallo de memoria detectado. Pantalla azul IRQL_NOT_LESS_OR_EQUAL, corrupción en RAM. Se recomienda reemplazar módulo defectuoso.",Media,Limpiar contactos con alcohol isopropílico. Reubicar módulos en slots diferentes.,Garantía vigente,26.99,3.4
864,Laptop,ASUS,VivoBook S14,2 en 1,RAM,Error de memoria al instalar nuevo módulo RAM,Inestabilidad por RAM defectuosa. Error de memoria al instalar nuevo módulo RAM. Probar módulos individualmente para aislar el dañado.,Baja,Ejecutar diagnóstico de memoria extendido. Monitorear en próximos días.,Reparable,117.67,3.0
865,Laptop,Huawei,MateBook D15,Gaming,Pantalla,"Pantalla con dead zones, zonas que no responden al tacto","Diagnóstico: Panel o componentes de pantalla dañados. Pantalla con dead zones, zonas que no responden al tacto. Probar con monitor externo para descartar GPU.",Alta,Reemplazar panel o componente de backlight. Cotizar reparación vs equipo nuevo.,Requiere reemplazo de componente,354.55,14.2
866,Tablet,ASUS,ROG Flow Z13,eReader,Batería,Batería no detectada por el sistema operativo,Diagnóstico: Batería defectuosa. Batería no detectada por el sistema operativo. Reemplazar con batería original certificada.,Media,Calibrar batería siguiendo procedimiento del fabricante. Verificar ciclo de carga.,En diagnóstico,144.69,3.6
867,Laptop,Lenovo,ThinkBook 15,2 en 1,Ventilación,"Ventilador hace ruido excesivo, rodamiento dañado","Diagnóstico general: Ventilador hace ruido excesivo, rodamiento dañado. Se requiere revisión técnica especializada.",Crítica,Reemplazar disipador y ventilador. Reaplicar pasta térmica de calidad. Limpieza completa.,En diagnóstico,79.3,6.1
868,Laptop,Dell,G15 Gaming,Ultrabook,Puertos,"Puerto de carga suelto, conexión intermitente","Diagnóstico general: Puerto de carga suelto, conexión intermitente. Se requiere revisión técnica especializada.",Crítica,Reemplazo de placa de puertos o motherboard. Daño irreparable en múltiples puertos.,Requiere reemplazo de componente,101.3,16.1
869,Tablet,Xiaomi,Pad 6 Pro,Gaming,Batería,Sistema entra en hibernación repentino por batería,Problema de energía de batería. Sistema entra en hibernación repentino por batería. Evaluar seguridad de uso continuo.,Baja,Reemplazar batería cuando sea conveniente. Funciona con limitaciones.,Garantía vigente,59.38,2.2
870,Computadora,Apple,Mac Studio M2 Max,Gaming,Motherboard,Placa madre con cortocircuito en sección de alimentación,Diagnóstico general: Placa madre con cortocircuito en sección de alimentación. Se requiere revisión técnica especializada.,Media,Reparar pista o componente específico. Verificar todos los circuitos de alimentación.,En diagnóstico,221.89,1.3
871,Computadora,Apple,Mac Studio M2 Max,Mini PC,Ventilación,"Heat pipe dañado, calor no se disipa correctamente","Diagnóstico general: Heat pipe dañado, calor no se disipa correctamente. Se requiere revisión técnica especializada.",Alta,Limpiar obstrucciones y reaplicar pasta térmica. Verificar heat pipes.,En diagnóstico,64.56,8.4
872,Laptop,HP,Pavilion Gaming 15,Chromebook,Ventilación,"Heat pipe dañado, calor no se disipa correctamente","Diagnóstico general: Heat pipe dañado, calor no se disipa correctamente. Se requiere revisión técnica especializada.",Alta,Limpiar obstrucciones y reaplicar pasta térmica. Verificar heat pipes.,Reparable,40.61,19.0
873,Laptop,Toshiba,Satellite Pro R50,2 en 1,RAM,"SODIMM RAM con pines dañados, contacto intermitente","Inestabilidad por RAM defectuosa. SODIMM RAM con pines dañados, contacto intermitente. Probar módulos individualmente para aislar el dañado.",Alta,Reemplazar módulo RAM dañado. Probar con módulo nuevo en slot afectado.,En diagnóstico,104.86,19.3
874,Tablet,Huawei,MatePad Pro 12.6,Profesional,Batería,Error de comunicación entre batería y ACPI,Fallo en sistema de alimentación por batería. Error de comunicación entre batería y ACPI. Reemplazo de batería necesario.,Alta,Reemplazar batería con original de fabricante. No usar baterías genéricas.,Requiere reemplazo de componente,135.03,2.6
875,Laptop,HP,Spectre x360,Económica,BIOS,"Error de POST en BIOS, código de beep 1 largo 2 cortos","Error de inicialización de BIOS detectado. Error de POST en BIOS, código de beep 1 largo 2 cortos. Verificar batería CMOS y versión de firmware.",Alta,Flashear BIOS desde USB con método de recuperación del fabricante. Verificar versión actual.,Reparable,136.88,8.6
876,Computadora,Acer,Veriton X2680G,All-in-One,Puertos,"Puerto Thunderbolt no funciona, controlador dañado","Diagnóstico general: Puerto Thunderbolt no funciona, controlador dañado. Se requiere revisión técnica especializada.",Media,Limpiar puerto con aire comprimido. Verificar drivers del controlador USB.,Garantía vigente,145.69,7.1
877,Computadora,Custom/Genérica,PC Gaming RTX 4070,Workstation,GPU,"Cuelgues al usar aplicaciones 3D, GPU sobrecalentada","Diagnóstico: Tarjeta gráfica defectuosa. Cuelgues al usar aplicaciones 3D, GPU sobrecalentada. Testear con FurMark para reproducir fallo.",Media,Reinstalar drivers con DDU. Verificar temperatura y ventilación de GPU.,Reparable,355.72,5.2
878,Laptop,Apple,MacBook Pro 13 M2,Workstation,Disco Duro/SSD,SSD con escritura lenta después de 80% de capacidad,Diagnóstico general: SSD con escritura lenta después de 80% de capacidad. Se requiere revisión técnica especializada.,Media,Ejecutar CHKDSK y reparación de sectores. Monitorear SMART diariamente.,Reparable,199.15,3.5
879,Laptop,ASUS,ROG Strix G16,Gaming,GPU,GPU integrada causa parpadeo en pantalla,Fallo en sistema de visualización. GPU integrada causa parpadeo en pantalla. Verificar cable flex y controlador de backlight.,Baja,Actualizar drivers de GPU. Ajustar configuración de rendimiento.,Reparable,592.25,1.8
880,Computadora,Acer,Aspire TC,Gaming,Disco Duro/SSD,Error INACCESSIBLE_BOOT_DEVICE al iniciar Windows,Diagnóstico general: Error INACCESSIBLE_BOOT_DEVICE al iniciar Windows. Se requiere revisión técnica especializada.,Media,Ejecutar CHKDSK y reparación de sectores. Monitorear SMART diariamente.,En diagnóstico,102.02,3.6
881,Computadora,Huawei,MateStation X,SFF,Audio,"Altavoces con distorsión, membrana dañada","Diagnóstico general: Altavoces con distorsión, membrana dañada. Se requiere revisión técnica especializada.",Baja,Actualizar drivers de audio. Verificar configuración de volumen y dispositivos.,Reparable,16.64,1.8
882,Tablet,Amazon,Fire HD 8,Estándar,Disco Duro/SSD,"SSD con firmware corrupto, no monta partición","Diagnóstico general: SSD con firmware corrupto, no monta partición. Se requiere revisión técnica especializada.",Media,Ejecutar CHKDSK y reparación de sectores. Monitorear SMART diariamente.,Garantía vigente,73.1,2.0
883,Tablet,Apple,iPad mini 6,Económica,RAM,Memoria RAM causa artefactos visuales en pantalla,Diagnóstico: Memoria RAM con errores. Memoria RAM causa artefactos visuales en pantalla. Ejecutar MemTest86 para confirmar sector dañado.,Media,Limpiar contactos con alcohol isopropílico. Reubicar módulos en slots diferentes.,Garantía vigente,28.82,5.9
884,Laptop,Acer,ConceptD 3,Ultrabook,GPU,GPU no detectada en Administrador de dispositivos,Problema de vídeo por GPU. GPU no detectada en Administrador de dispositivos. Verificar alimentación PCIe y conectores de poder.,Media,Reinstalar drivers con DDU. Verificar temperatura y ventilación de GPU.,Reparable,508.62,3.6
885,Computadora,MSI,Modern AM241,Workstation,Puertos,"Puerto Thunderbolt no funciona, controlador dañado","Diagnóstico general: Puerto Thunderbolt no funciona, controlador dañado. Se requiere revisión técnica especializada.",Media,Limpiar puerto con aire comprimido. Verificar drivers del controlador USB.,Reparable,85.29,7.1
886,Tablet,Microsoft,Surface Pro 8,eReader,Pantalla,"Pantalla parpadea constantemente, inverter defectuoso","Display con defecto. Pantalla parpadea constantemente, inverter defectuoso. Reemplazo de panel recomendado si costo es viable.",Media,Reemplazar cable flex o inverter. Verificar conexión al motherboard.,Garantía vigente,168.14,3.0
887,Computadora,Acer,Nitro 50,Servidor,Disco Duro/SSD,SSD con escritura lenta después de 80% de capacidad,Diagnóstico general: SSD con escritura lenta después de 80% de capacidad. Se requiere revisión técnica especializada.,Media,Ejecutar CHKDSK y reparación de sectores. Monitorear SMART diariamente.,Garantía vigente,247.18,4.8
888,Laptop,Apple,MacBook Pro 14 M3,Empresarial,Disco Duro/SSD,"Disco duro con PCB quemada, no recibe alimentación","Diagnóstico general: Disco duro con PCB quemada, no recibe alimentación. Se requiere revisión técnica especializada.",Alta,Respaldar datos y reemplazar disco. Ejecutar recuperación con herramientas especializadas.,Requiere reemplazo de componente,136.66,7.1
889,Laptop,HP,Spectre x360,Gaming,RAM,"RAM no funciona en dual channel, módulo incompatible","Diagnóstico: Memoria RAM con errores. RAM no funciona en dual channel, módulo incompatible. Ejecutar MemTest86 para confirmar sector dañado.",Alta,Reemplazar módulo RAM dañado. Probar con módulo nuevo en slot afectado.,Reparable,38.78,9.9
890,Computadora,Apple,Mac Studio M2 Max,Torre,Sistema Operativo,Error CRITICAL_PROCESS_DIED al iniciar,Diagnóstico general: Error CRITICAL_PROCESS_DIED al iniciar. Se requiere revisión técnica especializada.,Media,Restaurar sistema a punto anterior. Eliminar software problemático.,Garantía vigente,0.18,6.9
891,Laptop,HP,Spectre x360,Gaming,RAM,RAM DDR4 no arranca a la velocidad XMP especificada,Error de memoria RAM. RAM DDR4 no arranca a la velocidad XMP especificada. Verificar compatibilidad y velocidad de módulos.,Baja,Ejecutar diagnóstico de memoria extendido. Monitorear en próximos días.,Garantía vigente,74.18,1.3
892,Tablet,Huawei,MatePad T10,Educacional,Conectividad,"Interferencia WiFi por tarjeta gráfica, antena mal posicionada","Diagnóstico general: Interferencia WiFi por tarjeta gráfica, antena mal posicionada. Se requiere revisión técnica especializada.",Media,Actualizar drivers y firmware. Verificar configuración de red.,Garantía vigente,35.41,2.3
893,Tablet,Huawei,MatePad 11.5 S,eReader,Disco Duro/SSD,"SSD con error de sobretemperatura, throttle de escritura","Diagnóstico general: SSD con error de sobretemperatura, throttle de escritura. Se requiere revisión técnica especializada.",Alta,Respaldar datos y reemplazar disco. Ejecutar recuperación con herramientas especializadas.,Requiere reemplazo de componente,173.94,13.4
894,Tablet,Huawei,MatePad 11.5 S,Gaming,BIOS,"Boot device not found, BIOS no lista ningún dispositivo arrancable","Error de inicialización de BIOS detectado. Boot device not found, BIOS no lista ningún dispositivo arrancable. Verificar batería CMOS y versión de firmware.",Alta,Flashear BIOS desde USB con método de recuperación del fabricante. Verificar versión actual.,Requiere reemplazo de componente,21.35,12.7
895,Laptop,Dell,Latitude 5540,Premium,RAM,RAM causa corrupción de archivos en disco,Error de memoria RAM. RAM causa corrupción de archivos en disco. Verificar compatibilidad y velocidad de módulos.,Media,Limpiar contactos con alcohol isopropílico. Reubicar módulos en slots diferentes.,Garantía vigente,30.95,7.6
896,Computadora,Huawei,MateStation B515,SFF,BIOS,"Configuración BIOS se resetea al apagar, batería CMOS agotada","Fallo en firmware BIOS. Configuración BIOS se resetea al apagar, batería CMOS agotada. Se recomienda reemplazo de chip BIOS.",Media,Reset de CMOS y reconfiguración de BIOS. Actualizar a última versión estable.,Garantía vigente,38.98,7.8
897,Laptop,Samsung,Galaxy Book Go,Empresarial,BIOS,"BIOS corrupción parcial, funciona en modo seguro únicamente","Se requiere flashear la BIOS para restaurar funcionalidad. BIOS corrupción parcial, funciona en modo seguro únicamente",Alta,Flashear BIOS desde USB con método de recuperación del fabricante. Verificar versión actual.,Requiere reemplazo de componente,127.46,22.0
898,Computadora,HP,EliteDesk Mini,Torre,Disco Duro/SSD,"Disco lento, tiempos de lectura excesivos y errores SMART","Diagnóstico general: Disco lento, tiempos de lectura excesivos y errores SMART. Se requiere revisión técnica especializada.",Baja,Ejecutar optimización de disco. Liberar espacio en SSD para mejorar rendimiento.,Reparable,148.45,1.3
899,Tablet,Lenovo,Tab P12 Pro,Económica,Sistema Operativo,Blue screen SYSTEM_SERVICE_EXCEPTION en Windows 11,Diagnóstico general: Blue screen SYSTEM_SERVICE_EXCEPTION en Windows 11. Se requiere revisión técnica especializada.,Baja,Actualizar Windows/macOS. Ejecutar Windows Update y reparación de archivos.,Reparable,4.72,0.9
900,Tablet,Amazon,Fire Max 11,2 en 1,Fuente de Poder,"Voltaje de 5V fuera de especificación, USB inestable","Diagnóstico general: Voltaje de 5V fuera de especificación, USB inestable. Se requiere revisión técnica especializada.",Media,Verificar conexiones y cables. Probar con fuente de respaldo.,En diagnóstico,48.63,7.7
901,Computadora,MSI,All-in-One PC AG271,Micro,RAM,"Pantalla azul IRQL_NOT_LESS_OR_EQUAL, corrupción en RAM","Diagnóstico: Memoria RAM con errores. Pantalla azul IRQL_NOT_LESS_OR_EQUAL, corrupción en RAM. Ejecutar MemTest86 para confirmar sector dañado.",Baja,Ejecutar diagnóstico de memoria extendido. Monitorear en próximos días.,En diagnóstico,90.5,1.8
902,Computadora,HP,ProDesk 400 G7,Workstation,RAM,RAM causa corrupción de archivos en disco,Inestabilidad por RAM defectuosa. RAM causa corrupción de archivos en disco. Probar módulos individualmente para aislar el dañado.,Media,Limpiar contactos con alcohol isopropílico. Reubicar módulos en slots diferentes.,En diagnóstico,85.38,3.6
903,Laptop,Toshiba,Tecra A50,Empresarial,BIOS,"BIOS muestra pantalla de error al iniciar, sector de arranque dañado","Error de inicialización de BIOS detectado. BIOS muestra pantalla de error al iniciar, sector de arranque dañado. Verificar batería CMOS y versión de firmware.",Alta,Flashear BIOS desde USB con método de recuperación del fabricante. Verificar versión actual.,Reparable,145.74,21.5
904,Computadora,Gigabyte,AORUS Model S,Mini PC,Audio,"Audio funciona solo con auriculares, switch de jack atascado","Audio no funcional. Audio funciona solo con auriculares, switch de jack atascado. Reinstalar drivers Realtek/AMD y verificar servicios de audio.",Crítica,Reemplazo de codec de audio o usar tarjeta de sonido USB externa.,En diagnóstico,112.75,12.4
905,Computadora,Apple,iMac 24 M3,Gaming,RAM,Pantalla azul MEMORY_MANAGEMENT al usar múltiples aplicaciones,Pantalla defectuosa. Pantalla azul MEMORY_MANAGEMENT al usar múltiples aplicaciones. Inspeccionar conexiones y testear con pantalla externa.,Baja,Ejecutar diagnóstico de memoria extendido. Monitorear en próximos días.,En diagnóstico,65.48,3.0
906,Tablet,Huawei,MatePad 11,eReader,Ventilación,"Pasta térmica seca, temperatura CPU sobre 95°C","Diagnóstico general: Pasta térmica seca, temperatura CPU sobre 95°C. Se requiere revisión técnica especializada.",Media,Limpieza de polvo con aire comprimido. Verificar RPM del ventilador.,Garantía vigente,16.31,1.2
907,Laptop,HP,EliteBook 650,Premium,Disco Duro/SSD,"SSD M.2 no hace contacto, slot dañado","Diagnóstico general: SSD M.2 no hace contacto, slot dañado. Se requiere revisión técnica especializada.",Alta,Respaldar datos y reemplazar disco. Ejecutar recuperación con herramientas especializadas.,En diagnóstico,107.59,14.1
908,Laptop,Acer,Aspire 7,Económica,Batería,Controlador de carga de batería defectuoso,Fallo en sistema de alimentación por batería. Controlador de carga de batería defectuoso. Reemplazo de batería necesario.,Baja,Reemplazar batería cuando sea conveniente. Funciona con limitaciones.,En diagnóstico,147.06,3.3
909,Tablet,Xiaomi,Pad 6,Estándar,RAM,Sistema no arranca con los dos módulos RAM instalados,Error de memoria RAM. Sistema no arranca con los dos módulos RAM instalados. Verificar compatibilidad y velocidad de módulos.,Media,Limpiar contactos con alcohol isopropílico. Reubicar módulos en slots diferentes.,Garantía vigente,100.65,5.8
910,Computadora,HP,EliteDesk 800 G8,Workstation,Disco Duro/SSD,"Ruidos de raspado en disco duro, cabezal dañado","Diagnóstico general: Ruidos de raspado en disco duro, cabezal dañado. Se requiere revisión técnica especializada.",Baja,Ejecutar optimización de disco. Liberar espacio en SSD para mejorar rendimiento.,Reparable,196.52,3.5
911,Tablet,Samsung,Galaxy Tab A8,Económica,BIOS,"Fan speed no controlado por BIOS, ventilador a máxima velocidad","Se requiere flashear la BIOS para restaurar funcionalidad. Fan speed no controlado por BIOS, ventilador a máxima velocidad",Baja,Actualizar BIOS a la última versión disponible. Reemplazar batería CMOS si es necesario.,Garantía vigente,25.0,3.8
912,Computadora,Apple,Mac mini M2,Mini PC,Disco Duro/SSD,Partición de recuperación inaccesible en disco,Diagnóstico general: Partición de recuperación inaccesible en disco. Se requiere revisión técnica especializada.,Baja,Ejecutar optimización de disco. Liberar espacio en SSD para mejorar rendimiento.,Reparable,49.24,1.7
913,Tablet,Samsung,Galaxy Tab S9 Ultra,Gaming,Ventilación,"Ventilador siempre al 100%, sensor de temperatura defectuoso","Diagnóstico general: Ventilador siempre al 100%, sensor de temperatura defectuoso. Se requiere revisión técnica especializada.",Media,Limpieza de polvo con aire comprimido. Verificar RPM del ventilador.,En diagnóstico,17.52,7.8
914,Computadora,Acer,Nitro 50,Servidor,Conectividad,"Conexión Ethernet limitada a 10Mbps, negociación fallida","Diagnóstico general: Conexión Ethernet limitada a 10Mbps, negociación fallida. Se requiere revisión técnica especializada.",Baja,Resetear adaptador de red. Olvidar y reconectar redes WiFi.,Garantía vigente,68.19,2.9
915,Tablet,Microsoft,Surface Go 3,Estándar,Pantalla,"Pantalla con manchas oscuras, daño por presión","Display con defecto. Pantalla con manchas oscuras, daño por presión. Reemplazo de panel recomendado si costo es viable.",Alta,Reemplazar panel o componente de backlight. Cotizar reparación vs equipo nuevo.,En diagnóstico,146.52,15.6
916,Laptop,Acer,Nitro 5,Gaming,Motherboard,Circuito de protección de sobretensión activado permanentemente,Diagnóstico general: Circuito de protección de sobretensión activado permanentemente. Se requiere revisión técnica especializada.,Media,Reparar pista o componente específico. Verificar todos los circuitos de alimentación.,Reparable,184.3,2.5
917,Computadora,Lenovo,ThinkCentre M90q,SFF,RAM,RAM causa corrupción de archivos en disco,Error de memoria RAM. RAM causa corrupción de archivos en disco. Verificar compatibilidad y velocidad de módulos.,Media,Limpiar contactos con alcohol isopropílico. Reubicar módulos en slots diferentes.,Reparable,113.96,3.4
918,Laptop,Samsung,Galaxy Book Go,Empresarial,Teclado,"Teclado repite caracteres, debounce defectuoso","Problema de teclado. Teclado repite caracteres, debounce defectuoso. Probar con teclado externo para confirmar diagnóstico.",Media,Limpiar contacto de teclas afectadas. Verificar flex de conexión.,Garantía vigente,108.63,6.7
919,Tablet,Microsoft,Surface Pro 10,eReader,BIOS,"BIOS no detecta RAM nueva, módulos no compatibles","Problema de configuración BIOS. BIOS no detecta RAM nueva, módulos no compatibles. Solución: Reset de configuración y actualización de firmware.",Crítica,"Retroflash de BIOS con programador externo SPI. Si no es posible, reemplazo de placa madre.",Fuera de servicio,24.34,15.7
920,Computadora,ASUS,VivoBook 22 Desktop,Gaming,BIOS,"BIOS corrupción parcial, funciona en modo seguro únicamente","Fallo en firmware BIOS. BIOS corrupción parcial, funciona en modo seguro únicamente. Se recomienda reemplazo de chip BIOS.",Media,Reset de CMOS y reconfiguración de BIOS. Actualizar a última versión estable.,En diagnóstico,147.09,7.7
921,Tablet,Apple,iPad Air M1,Educacional,Batería,Batería se calienta excesivamente durante la carga,Batería degradada. Batería se calienta excesivamente durante la carga. Verificar con diagnóstico de fabricante.,Baja,Reemplazar batería cuando sea conveniente. Funciona con limitaciones.,Garantía vigente,102.24,2.2
922,Computadora,Dell,XPS Desktop 8960,Servidor,Pantalla,"Backlight no enciende, pantalla muy oscura","Display con defecto. Backlight no enciende, pantalla muy oscura. Reemplazo de panel recomendado si costo es viable.",Media,Reemplazar cable flex o inverter. Verificar conexión al motherboard.,En diagnóstico,91.25,3.0
923,Laptop,Apple,MacBook Pro 16 M3 Pro,Económica,Pantalla,"Pantalla con color amarillento, perfil de color corrupto","Fallo en sistema de visualización. Pantalla con color amarillento, perfil de color corrupto. Verificar cable flex y controlador de backlight.",Media,Reemplazar cable flex o inverter. Verificar conexión al motherboard.,En diagnóstico,307.71,7.2
924,Computadora,HP,Pavilion Desktop,SFF,Batería,Batería no suministra energía suficiente bajo carga,Fallo en sistema de alimentación por batería. Batería no suministra energía suficiente bajo carga. Reemplazo de batería necesario.,Media,Calibrar batería siguiendo procedimiento del fabricante. Verificar ciclo de carga.,Reparable,146.76,7.6
925,Laptop,Lenovo,IdeaPad 3,Económica,BIOS,"Boot device not found, BIOS no lista ningún dispositivo arrancable","Diagnóstico: Corrupción de BIOS. Boot device not found, BIOS no lista ningún dispositivo arrancable. Procedimiento: Reflashing con método de recuperación del fabricante.",Alta,Flashear BIOS desde USB con método de recuperación del fabricante. Verificar versión actual.,Reparable,117.15,9.0
926,Computadora,Dell,G5 Gaming Desktop,All-in-One,Motherboard,"Motherboard no reconoce batería, circuito de carga roto","Motherboard con daño eléctrico. Motherboard no reconoce batería, circuito de carga roto. Inspeccionar con microscopio y multímetro.",Baja,Limpieza profunda y rethermal. Verificar conexiones y reseat de componentes.,Reparable,280.63,1.2
927,Tablet,Amazon,Fire Max 11,Económica,Sistema Operativo,"Servicio de Windows no inicia, dependencia rota","Diagnóstico general: Servicio de Windows no inicia, dependencia rota. Se requiere revisión técnica especializada.",Alta,Reparación de arranque con herramientas de recuperación. SFC y DISM.,Reparable,30.48,14.1
928,Laptop,MSI,Creator Z16,Ultrabook,Conectividad,"Bluetooth no empareja dispositivos, stack dañado","Diagnóstico general: Bluetooth no empareja dispositivos, stack dañado. Se requiere revisión técnica especializada.",Media,Actualizar drivers y firmware. Verificar configuración de red.,En diagnóstico,70.55,3.1
929,Laptop,Samsung,Galaxy Book2 Pro,2 en 1,Ventilación,"Ventilador hace ruido excesivo, rodamiento dañado","Diagnóstico general: Ventilador hace ruido excesivo, rodamiento dañado. Se requiere revisión técnica especializada.",Media,Limpieza de polvo con aire comprimido. Verificar RPM del ventilador.,Garantía vigente,61.33,6.5
930,Computadora,Apple,iMac 24 M3,All-in-One,Pantalla,"Pantalla parpadea constantemente, inverter defectuoso","Display con defecto. Pantalla parpadea constantemente, inverter defectuoso. Reemplazo de panel recomendado si costo es viable.",Media,Reemplazar cable flex o inverter. Verificar conexión al motherboard.,Reparable,268.56,3.1
931,Tablet,Apple,iPad mini 6,Económica,GPU,GPU integrada causa parpadeo en pantalla,Diagnóstico: Panel o componentes de pantalla dañados. GPU integrada causa parpadeo en pantalla. Probar con monitor externo para descartar GPU.,Media,Reinstalar drivers con DDU. Verificar temperatura y ventilación de GPU.,Garantía vigente,589.62,4.4
932,Computadora,MSI,Infinite RS 13th,All-in-One,Puertos,"Puerto Ethernet no detecta cable, LED no enciende","Diagnóstico general: Puerto Ethernet no detecta cable, LED no enciende. Se requiere revisión técnica especializada.",Alta,Reparar soldadura de puerto dañado. Usar adaptador temporal mientras se repara.,Reparable,137.48,5.4
933,Computadora,ASUS,ROG Strix G10,Torre,Disco Duro/SSD,"Sistema no arranca, sector de arranque dañado en disco","Diagnóstico general: Sistema no arranca, sector de arranque dañado en disco. Se requiere revisión técnica especializada.",Alta,Respaldar datos y reemplazar disco. Ejecutar recuperación con herramientas especializadas.,En diagnóstico,214.33,2.6
934,Laptop,Acer,ConceptD 3,Chromebook,Puertos,"Puerto Ethernet no detecta cable, LED no enciende","Diagnóstico general: Puerto Ethernet no detecta cable, LED no enciende. Se requiere revisión técnica especializada.",Crítica,Reemplazo de placa de puertos o motherboard. Daño irreparable en múltiples puertos.,Fuera de servicio,25.83,10.3
935,Computadora,HP,HP 290 G9,Gaming,Puertos,"Puerto de carga suelto, conexión intermitente","Diagnóstico general: Puerto de carga suelto, conexión intermitente. Se requiere revisión técnica especializada.",Crítica,Reemplazo de placa de puertos o motherboard. Daño irreparable en múltiples puertos.,En diagnóstico,52.17,35.3
936,Laptop,Huawei,MateBook D15,Workstation,RAM,"Aplicaciones se cierran solas, RAM con sectores defectuosos","Diagnóstico: Memoria RAM con errores. Aplicaciones se cierran solas, RAM con sectores defectuosos. Ejecutar MemTest86 para confirmar sector dañado.",Alta,Reemplazar módulo RAM dañado. Probar con módulo nuevo en slot afectado.,En diagnóstico,80.8,12.9
937,Laptop,Samsung,Galaxy Book3 Ultra,Empresarial,Disco Duro/SSD,"Disco con latencia alta, sectores lentos detectados","Diagnóstico general: Disco con latencia alta, sectores lentos detectados. Se requiere revisión técnica especializada.",Alta,Respaldar datos y reemplazar disco. Ejecutar recuperación con herramientas especializadas.,Requiere reemplazo de componente,72.89,17.4
938,Laptop,Apple,MacBook Pro 14 M3,Ultrabook,Puertos,"Puerto Thunderbolt no funciona, controlador dañado","Diagnóstico general: Puerto Thunderbolt no funciona, controlador dañado. Se requiere revisión técnica especializada.",Media,Limpiar puerto con aire comprimido. Verificar drivers del controlador USB.,Garantía vigente,110.3,5.2
939,Laptop,Huawei,MateBook X Pro,Premium,Ventilación,"Heat pipe dañado, calor no se disipa correctamente","Diagnóstico general: Heat pipe dañado, calor no se disipa correctamente. Se requiere revisión técnica especializada.",Alta,Limpiar obstrucciones y reaplicar pasta térmica. Verificar heat pipes.,Requiere reemplazo de componente,57.11,14.6
940,Laptop,ASUS,ROG Strix G16,Empresarial,Pantalla,"Pantalla táctil con calibración desviada, toques imprecisos","Pantalla defectuosa. Pantalla táctil con calibración desviada, toques imprecisos. Inspeccionar conexiones y testear con pantalla externa.",Crítica,Reemplazo completo de panel LCD/LED. Verificar disponibilidad de repuesto.,En diagnóstico,117.04,37.1
941,Laptop,Apple,MacBook Air M1,Premium,Pantalla,"Pantalla con ghosting, retardo de respuesta del panel","Pantalla defectuosa. Pantalla con ghosting, retardo de respuesta del panel. Inspeccionar conexiones y testear con pantalla externa.",Media,Reemplazar cable flex o inverter. Verificar conexión al motherboard.,Garantía vigente,255.43,2.1
942,Laptop,MSI,Creator Z16,Ultrabook,Motherboard,Circuito de protección de sobretensión activado permanentemente,Diagnóstico general: Circuito de protección de sobretensión activado permanentemente. Se requiere revisión técnica especializada.,Alta,Reparación especializada de microsoldadura. Reemplazar componentes SMD dañados.,Reparable,219.47,21.8
943,Laptop,HP,Spectre x360,Económica,Disco Duro/SSD,"Disco muestra capacidad incorrecta, tabla de particiones dañada","Diagnóstico general: Disco muestra capacidad incorrecta, tabla de particiones dañada. Se requiere revisión técnica especializada.",Baja,Ejecutar optimización de disco. Liberar espacio en SSD para mejorar rendimiento.,Reparable,201.02,3.7
944,Laptop,Toshiba,Satellite Pro R50,Chromebook,Batería,"Ciclos de carga excedidos, salud de batería crítica","Batería degradada. Ciclos de carga excedidos, salud de batería crítica. Verificar con diagnóstico de fabricante.",Baja,Reemplazar batería cuando sea conveniente. Funciona con limitaciones.,En diagnóstico,38.03,1.7
945,Computadora,HP,EliteDesk 800 G8,Workstation,Puertos,"Puerto USB no reconoce dispositivos, controlador dañado","Diagnóstico general: Puerto USB no reconoce dispositivos, controlador dañado. Se requiere revisión técnica especializada.",Media,Limpiar puerto con aire comprimido. Verificar drivers del controlador USB.,Garantía vigente,108.31,2.3
946,Computadora,Gigabyte,Aero D1 Desktop,Workstation,Puertos,"Puerto HDMI no da señal de video, pin dañado","Diagnóstico general: Puerto HDMI no da señal de video, pin dañado. Se requiere revisión técnica especializada.",Baja,Usar puerto alternativo. Monitorear funcionamiento del puerto afectado.,Garantía vigente,180.29,1.9
947,Computadora,Apple,Mac mini M2,All-in-One,BIOS,"Bucle de reinicio por error en BIOS, reinicio continuo","Diagnóstico: Corrupción de BIOS. Bucle de reinicio por error en BIOS, reinicio continuo. Procedimiento: Reflashing con método de recuperación del fabricante.",Alta,Flashear BIOS desde USB con método de recuperación del fabricante. Verificar versión actual.,Reparable,133.27,18.6
948,Tablet,Xiaomi,Pad 5 Pro 5G,Estándar,Conectividad,Módulo WiFi/Bluetooth no detectado en BIOS,Diagnóstico: Corrupción de BIOS. Módulo WiFi/Bluetooth no detectado en BIOS. Procedimiento: Reflashing con método de recuperación del fabricante.,Baja,Resetear adaptador de red. Olvidar y reconectar redes WiFi.,Garantía vigente,46.52,2.7
949,Computadora,Custom/Genérica,PC Oficina i5-12400,All-in-One,Conectividad,"Interferencia WiFi por tarjeta gráfica, antena mal posicionada","Diagnóstico general: Interferencia WiFi por tarjeta gráfica, antena mal posicionada. Se requiere revisión técnica especializada.",Media,Actualizar drivers y firmware. Verificar configuración de red.,En diagnóstico,65.5,5.0
950,Computadora,ASUS,Chromebox 4,SFF,Disco Duro/SSD,"Error CRC en disco, datos corruptos al copiar archivos","Diagnóstico general: Error CRC en disco, datos corruptos al copiar archivos. Se requiere revisión técnica especializada.",Crítica,Clonar disco inmediatamente si es posible. Reemplazo urgente de unidad. Recuperación de datos profesional.,Requiere reemplazo de componente,228.8,31.6
951,Laptop,Dell,Inspiron 15 3000,Gaming,Disco Duro/SSD,"SSD no detectado en BIOS, controlador NVMe dañado","Diagnóstico: Corrupción de BIOS. SSD no detectado en BIOS, controlador NVMe dañado. Procedimiento: Reflashing con método de recuperación del fabricante.",Media,Ejecutar CHKDSK y reparación de sectores. Monitorear SMART diariamente.,En diagnóstico,94.84,7.0
952,Laptop,Huawei,MateBook D15,Económica,Disco Duro/SSD,"Error CRC en disco, datos corruptos al copiar archivos","Diagnóstico general: Error CRC en disco, datos corruptos al copiar archivos. Se requiere revisión técnica especializada.",Baja,Ejecutar optimización de disco. Liberar espacio en SSD para mejorar rendimiento.,Reparable,79.46,2.9
953,Laptop,Samsung,Galaxy Book Go,Workstation,Audio,"Audio funciona solo con auriculares, switch de jack atascado","Audio no funcional. Audio funciona solo con auriculares, switch de jack atascado. Reinstalar drivers Realtek/AMD y verificar servicios de audio.",Media,Limpiar jack de audio. Verificar configuración de dispositivos de sonido.,En diagnóstico,101.88,1.6
954,Laptop,Dell,Precision 5680,Chromebook,RAM,"Pantalla azul IRQL_NOT_LESS_OR_EQUAL, corrupción en RAM","Fallo de memoria detectado. Pantalla azul IRQL_NOT_LESS_OR_EQUAL, corrupción en RAM. Se recomienda reemplazar módulo defectuoso.",Crítica,Reemplazo inmediato de módulo RAM defectuoso. Verificar compatibilidad con placa madre.,Fuera de servicio,50.9,9.3
955,Laptop,HP,Pavilion Gaming 15,2 en 1,RAM,"Sistema lento, RAM al 100% con pocas aplicaciones abiertas","Inestabilidad por RAM defectuosa. Sistema lento, RAM al 100% con pocas aplicaciones abiertas. Probar módulos individualmente para aislar el dañado.",Crítica,Reemplazo inmediato de módulo RAM defectuoso. Verificar compatibilidad con placa madre.,En diagnóstico,85.35,23.0
956,Laptop,Apple,MacBook Air M2,Chromebook,Disco Duro/SSD,"Disco duro con sectores dañados, CHKDSK reporta errores","Diagnóstico general: Disco duro con sectores dañados, CHKDSK reporta errores. Se requiere revisión técnica especializada.",Media,Ejecutar CHKDSK y reparación de sectores. Monitorear SMART diariamente.,Reparable,103.92,5.3
957,Computadora,Gigabyte,AORUS Model S,Mini PC,RAM,RAM causa corrupción de archivos en disco,Error de memoria RAM. RAM causa corrupción de archivos en disco. Verificar compatibilidad y velocidad de módulos.,Media,Limpiar contactos con alcohol isopropílico. Reubicar módulos en slots diferentes.,Garantía vigente,28.11,3.3
958,Computadora,Dell,Inspiron 3881,Mini PC,Disco Duro/SSD,"SSD con vida útil agotada, escrituras fallidas","Diagnóstico general: SSD con vida útil agotada, escrituras fallidas. Se requiere revisión técnica especializada.",Media,Ejecutar CHKDSK y reparación de sectores. Monitorear SMART diariamente.,En diagnóstico,61.85,3.9
959,Tablet,Samsung,Galaxy Tab S9,eReader,RAM,Pantalla azul MEMORY_MANAGEMENT al usar múltiples aplicaciones,Display con defecto. Pantalla azul MEMORY_MANAGEMENT al usar múltiples aplicaciones. Reemplazo de panel recomendado si costo es viable.,Baja,Ejecutar diagnóstico de memoria extendido. Monitorear en próximos días.,Reparable,91.73,4.0
960,Tablet,Xiaomi,Pad 6,Profesional,Teclado,"Tecla se queda presionada, contacto pegajoso","Diagnóstico general: Tecla se queda presionada, contacto pegajoso. Se requiere revisión técnica especializada.",Alta,Reemplazar teclado completo. Verificar si hay daño adicional por líquido.,Requiere reemplazo de componente,87.21,11.4
961,Tablet,Lenovo,Tab M11,Estándar,Conectividad,"WiFi no detecta redes, adaptador inalámbrico dañado","Diagnóstico general: WiFi no detecta redes, adaptador inalámbrico dañado. Se requiere revisión técnica especializada.",Media,Actualizar drivers y firmware. Verificar configuración de red.,En diagnóstico,24.92,1.6
962,Computadora,MSI,Aegis RS 13th,Mini PC,Batería,"Batería inflada, deformación visible del chasis","Fallo en sistema de alimentación por batería. Batería inflada, deformación visible del chasis. Reemplazo de batería necesario.",Media,Calibrar batería siguiendo procedimiento del fabricante. Verificar ciclo de carga.,En diagnóstico,135.42,1.7
963,Computadora,Custom/Genérica,PC Oficina i5-12400,SFF,RAM,"SODIMM RAM con pines dañados, contacto intermitente","Diagnóstico: Memoria RAM con errores. SODIMM RAM con pines dañados, contacto intermitente. Ejecutar MemTest86 para confirmar sector dañado.",Alta,Reemplazar módulo RAM dañado. Probar con módulo nuevo en slot afectado.,Requiere reemplazo de componente,39.32,10.5
964,Tablet,Huawei,MatePad Pro 12.6,2 en 1,Ventilación,"Sistema se apaga por protección térmica, ventilación insuficiente","Diagnóstico: Sobrecalentamiento. Sistema se apaga por protección térmica, ventilación insuficiente. Verificar ventilador y reemplazar si es necesario.",Media,Limpieza de polvo con aire comprimido. Verificar RPM del ventilador.,En diagnóstico,44.94,2.9
965,Laptop,Huawei,MateBook E Go,Gaming,Ventilación,"Sistema se apaga por protección térmica, ventilación insuficiente","Problema de enfriamiento detectado. Sistema se apaga por protección térmica, ventilación insuficiente. Limpieza y mantenimiento preventivo requerido.",Alta,Limpiar obstrucciones y reaplicar pasta térmica. Verificar heat pipes.,Requiere reemplazo de componente,49.87,15.0
966,Tablet,Samsung,Galaxy Tab S9 FE,Educacional,Pantalla,"Bisagra rota daña cable de pantalla, imagen se corta","Problema de display detectado. Bisagra rota daña cable de pantalla, imagen se corta. Evaluar reemplazo de panel o componentes asociados.",Baja,Calibrar pantalla y actualizar driver de vídeo. Ajustar perfil de color.,En diagnóstico,234.34,3.5
967,Laptop,Lenovo,Yoga 7i,2 en 1,Pantalla,"Resolución atascada en modo seguro, driver de pantalla corrupto","Diagnóstico: Panel o componentes de pantalla dañados. Resolución atascada en modo seguro, driver de pantalla corrupto. Probar con monitor externo para descartar GPU.",Crítica,Reemplazo completo de panel LCD/LED. Verificar disponibilidad de repuesto.,Requiere reemplazo de componente,211.84,33.8
968,Computadora,Acer,Predator Orion 3000,All-in-One,Teclado,"Teclado se desconecta aleatoriamente, flex dañado","Teclado dañado. Teclado se desconecta aleatoriamente, flex dañado. Si es por líquido, evaluar limpieza ultrasonido o reemplazo.",Media,Limpiar contacto de teclas afectadas. Verificar flex de conexión.,Reparable,141.99,1.7
969,Laptop,HP,EliteBook 650,Chromebook,Motherboard,"Chip de audio dañado en motherboard, sin sonido","Problema en circuito de motherboard. Chip de audio dañado en motherboard, sin sonido. Medir voltajes en puntos de test para localizar falla.",Media,Reparar pista o componente específico. Verificar todos los circuitos de alimentación.,Garantía vigente,120.68,7.4
970,Computadora,Lenovo,ThinkCentre M90q,SFF,Disco Duro/SSD,"Disco duro con sectores dañados, CHKDSK reporta errores","Diagnóstico general: Disco duro con sectores dañados, CHKDSK reporta errores. Se requiere revisión técnica especializada.",Media,Ejecutar CHKDSK y reparación de sectores. Monitorear SMART diariamente.,Garantía vigente,227.55,6.7
971,Computadora,Huawei,MateStation B515,Servidor,GPU,GPU no detectada en Administrador de dispositivos,Fallo en procesador gráfico. GPU no detectada en Administrador de dispositivos. Verificar temperatura y reflow si es BGA.,Crítica,"Reemplazo de GPU dedicada. Si es integrada, reemplazo de motherboard.",En diagnóstico,115.28,27.7
972,Laptop,Apple,MacBook Air M3,Empresarial,Puertos,"Puerto de carga USB-C no funciona, PD dañado","Diagnóstico general: Puerto de carga USB-C no funciona, PD dañado. Se requiere revisión técnica especializada.",Media,Limpiar puerto con aire comprimido. Verificar drivers del controlador USB.,Reparable,79.22,4.4
973,Laptop,Huawei,MateBook D15,Empresarial,Disco Duro/SSD,"Disco duro externo no monta, controlador USB-SATA fallido","Diagnóstico general: Disco duro externo no monta, controlador USB-SATA fallido. Se requiere revisión técnica especializada.",Baja,Ejecutar optimización de disco. Liberar espacio en SSD para mejorar rendimiento.,Reparable,147.7,0.9
974,Computadora,Lenovo,IdeaCentre 5i,Torre,Pantalla,"Pantalla táctil con calibración desviada, toques imprecisos","Diagnóstico: Panel o componentes de pantalla dañados. Pantalla táctil con calibración desviada, toques imprecisos. Probar con monitor externo para descartar GPU.",Media,Reemplazar cable flex o inverter. Verificar conexión al motherboard.,Garantía vigente,167.66,4.2
975,Computadora,ASUS,ExpertCenter D5,Gaming,Conectividad,"WiFi no detecta redes, adaptador inalámbrico dañado","Diagnóstico general: WiFi no detecta redes, adaptador inalámbrico dañado. Se requiere revisión técnica especializada.",Alta,Reinstalar drivers. Verificar antenas internas. Reemplazar módulo M.2 si aplica.,Requiere reemplazo de componente,94.38,6.6
976,Laptop,ASUS,VivoBook S14,Workstation,RAM,"Aplicaciones se cierran solas, RAM con sectores defectuosos","Fallo de memoria detectado. Aplicaciones se cierran solas, RAM con sectores defectuosos. Se recomienda reemplazar módulo defectuoso.",Alta,Reemplazar módulo RAM dañado. Probar con módulo nuevo en slot afectado.,Reparable,85.85,13.2
977,Laptop,Toshiba,Portege Z30,Premium,Disco Duro/SSD,"Disco muestra capacidad incorrecta, tabla de particiones dañada","Diagnóstico general: Disco muestra capacidad incorrecta, tabla de particiones dañada. Se requiere revisión técnica especializada.",Media,Ejecutar CHKDSK y reparación de sectores. Monitorear SMART diariamente.,Reparable,46.03,3.5
978,Laptop,Apple,MacBook Pro 14 M3 Max,Ultrabook,RAM,Error de memoria al instalar nuevo módulo RAM,Diagnóstico: Memoria RAM con errores. Error de memoria al instalar nuevo módulo RAM. Ejecutar MemTest86 para confirmar sector dañado.,Media,Limpiar contactos con alcohol isopropílico. Reubicar módulos en slots diferentes.,En diagnóstico,51.01,7.4
979,Tablet,ASUS,Chromebook Detachable CZ1,Gaming,Batería,"Batería con celda dañada, voltaje desequilibrado","Problema de energía de batería. Batería con celda dañada, voltaje desequilibrado. Evaluar seguridad de uso continuo.",Baja,Reemplazar batería cuando sea conveniente. Funciona con limitaciones.,Garantía vigente,123.03,3.6
980,Laptop,Lenovo,IdeaPad 5 Pro,Gaming,Teclado,"Teclado retroiluminado no enciende, LED defectuoso","Teclado dañado. Teclado retroiluminado no enciende, LED defectuoso. Si es por líquido, evaluar limpieza ultrasonido o reemplazo.",Media,Limpiar contacto de teclas afectadas. Verificar flex de conexión.,Reparable,88.61,4.7
981,Computadora,Lenovo,ThinkCentre M90q,All-in-One,Teclado,"Fn keys no funcionan, controlador ACPI dañado","Diagnóstico general: Fn keys no funcionan, controlador ACPI dañado. Se requiere revisión técnica especializada.",Media,Limpiar contacto de teclas afectadas. Verificar flex de conexión.,Reparable,83.61,5.5
982,Computadora,MSI,All-in-One PC AG271,All-in-One,Sistema Operativo,"DLL faltante, aplicaciones no abren","Diagnóstico general: DLL faltante, aplicaciones no abren. Se requiere revisión técnica especializada.",Crítica,Reinstalación limpia del sistema operativo. Backup completo de datos primero.,Fuera de servicio,36.24,46.0
983,Computadora,Acer,Chromebox CXI5,SFF,Motherboard,"Motherboard no reconoce batería, circuito de carga roto","Problema en circuito de motherboard. Motherboard no reconoce batería, circuito de carga roto. Medir voltajes en puntos de test para localizar falla.",Media,Reparar pista o componente específico. Verificar todos los circuitos de alimentación.,Reparable,497.68,1.6
984,Tablet,Amazon,Fire Max 11,2 en 1,Conectividad,"Bluetooth no funciona, módulo no detectado","Diagnóstico general: Bluetooth no funciona, módulo no detectado. Se requiere revisión técnica especializada.",Media,Actualizar drivers y firmware. Verificar configuración de red.,En diagnóstico,21.65,6.8
985,Computadora,HP,Pavilion Desktop,All-in-One,Sistema Operativo,"DLL faltante, aplicaciones no abren","Diagnóstico general: DLL faltante, aplicaciones no abren. Se requiere revisión técnica especializada.",Alta,Reparación de arranque con herramientas de recuperación. SFC y DISM.,En diagnóstico,70.37,7.8
986,Computadora,MSI,All-in-One PC AG271,Workstation,GPU,"GPU con throttling térmico severo, rendimiento reducido","Problema de vídeo por GPU. GPU con throttling térmico severo, rendimiento reducido. Verificar alimentación PCIe y conectores de poder.",Media,Reinstalar drivers con DDU. Verificar temperatura y ventilación de GPU.,Garantía vigente,480.46,2.5
987,Laptop,Dell,Precision 5680,Ultrabook,Pantalla,"Pantalla parpadea constantemente, inverter defectuoso","Fallo en sistema de visualización. Pantalla parpadea constantemente, inverter defectuoso. Verificar cable flex y controlador de backlight.",Baja,Calibrar pantalla y actualizar driver de vídeo. Ajustar perfil de color.,Garantía vigente,349.64,2.0
988,Laptop,Toshiba,Satellite Pro R50,Premium,Teclado,Tecla espacio no responde en zona central,Diagnóstico general: Tecla espacio no responde en zona central. Se requiere revisión técnica especializada.,Crítica,"Reemplazo completo del teclado. Si es por líquido, evaluar daño a motherboard.",En diagnóstico,102.01,11.6
989,Laptop,MSI,Modern 14,Empresarial,Pantalla,"Brillo de pantalla no ajusta, sensor ALS dañado","Display con defecto. Brillo de pantalla no ajusta, sensor ALS dañado. Reemplazo de panel recomendado si costo es viable.",Alta,Reemplazar panel o componente de backlight. Cotizar reparación vs equipo nuevo.,Requiere reemplazo de componente,146.32,11.8
990,Tablet,Amazon,Fire HD 8,Educacional,Ventilación,"Ventilador siempre al 100%, sensor de temperatura defectuoso","Diagnóstico general: Ventilador siempre al 100%, sensor de temperatura defectuoso. Se requiere revisión técnica especializada.",Crítica,Reemplazar disipador y ventilador. Reaplicar pasta térmica de calidad. Limpieza completa.,Requiere reemplazo de componente,66.14,38.1
991,Computadora,ASUS,VivoBook 22 Desktop,Mini PC,Ventilación,"Ventilador no arranca al encender, motor quemado","Diagnóstico general: Ventilador no arranca al encender, motor quemado. Se requiere revisión técnica especializada.",Media,Limpieza de polvo con aire comprimido. Verificar RPM del ventilador.,En diagnóstico,45.66,3.0
992,Computadora,ASUS,ExpertCenter D5,All-in-One,Puertos,"Puerto SD card no lee tarjetas, slot dañado","Diagnóstico general: Puerto SD card no lee tarjetas, slot dañado. Se requiere revisión técnica especializada.",Media,Limpiar puerto con aire comprimido. Verificar drivers del controlador USB.,En diagnóstico,141.06,3.3
993,Laptop,Samsung,Galaxy Book3 Ultra,Workstation,RAM,Error de memoria al instalar nuevo módulo RAM,Problema de memoria. Error de memoria al instalar nuevo módulo RAM. Revisar slots y limpieza de contactos con alcohol isopropílico.,Media,Limpiar contactos con alcohol isopropílico. Reubicar módulos en slots diferentes.,Reparable,40.45,4.1
994,Computadora,Apple,Mac Pro 2023,Workstation,Sistema Operativo,"Arranque lento, más de 5 minutos para iniciar sesión","Diagnóstico general: Arranque lento, más de 5 minutos para iniciar sesión. Se requiere revisión técnica especializada.",Crítica,Reinstalación limpia del sistema operativo. Backup completo de datos primero.,Requiere reemplazo de componente,42.11,5.9
995,Computadora,Dell,OptiPlex 7090,Mini PC,Disco Duro/SSD,"SSD M.2 no hace contacto, slot dañado","Diagnóstico general: SSD M.2 no hace contacto, slot dañado. Se requiere revisión técnica especializada.",Media,Ejecutar CHKDSK y reparación de sectores. Monitorear SMART diariamente.,Garantía vigente,122.09,1.5
996,Laptop,ASUS,VivoBook S14,Premium,Teclado,"Tecla Enter no funciona, membrana dañada","Diagnóstico general: Tecla Enter no funciona, membrana dañada. Se requiere revisión técnica especializada.",Media,Limpiar contacto de teclas afectadas. Verificar flex de conexión.,En diagnóstico,31.33,7.5
997,Computadora,Gigabyte,Aero D1 Desktop,SFF,Batería,"Laptop se apaga al desconectar el cargador, batería muerta","Batería degradada. Laptop se apaga al desconectar el cargador, batería muerta. Verificar con diagnóstico de fabricante.",Crítica,Retirar batería inmediatamente por seguridad (inflamación). Usar solo con cargador.,Fuera de servicio,55.78,13.5
998,Computadora,HP,HP 290 G9,Servidor,Batería,"Batería no carga al 100%, se detiene en 80%","Problema de energía de batería. Batería no carga al 100%, se detiene en 80%. Evaluar seguridad de uso continuo.",Media,Calibrar batería siguiendo procedimiento del fabricante. Verificar ciclo de carga.,Garantía vigente,82.6,2.2
999,Tablet,Microsoft,Surface Pro 9,2 en 1,Conectividad,"Conexión Ethernet limitada a 10Mbps, negociación fallida","Diagnóstico general: Conexión Ethernet limitada a 10Mbps, negociación fallida. Se requiere revisión técnica especializada.",Baja,Resetear adaptador de red. Olvidar y reconectar redes WiFi.,En diagnóstico,68.84,2.7
1000,Computadora,MSI,All-in-One PC AG271,Gaming,RAM,"Fallo intermitente en slot de RAM, módulo no hace contacto","Diagnóstico: Memoria RAM con errores. Fallo intermitente en slot de RAM, módulo no hace contacto. Ejecutar MemTest86 para confirmar sector dañado.",Media,Limpiar contactos con alcohol isopropílico. Reubicar módulos en slots diferentes.,Reparable,98.66,4.2
1001,Tablet,Xiaomi,Pad 5,Educacional,Puertos,"Puerto USB no reconoce dispositivos, controlador dañado","Diagnóstico general: Puerto USB no reconoce dispositivos, controlador dañado. Se requiere revisión técnica especializada.",Crítica,Reemplazo de placa de puertos o motherboard. Daño irreparable en múltiples puertos.,Requiere reemplazo de componente,179.02,23.8
1002,Computadora,Apple,Mac mini M2,Workstation,Batería,"Batería no carga al 100%, se detiene en 80%","Batería en estado crítico. Batería no carga al 100%, se detiene en 80%. Retirar si está inflada por riesgo de seguridad.",Alta,Reemplazar batería con original de fabricante. No usar baterías genéricas.,En diagnóstico,80.74,21.6
1003,Laptop,MSI,Summit E16,Económica,Conectividad,"Velocidad WiFi muy lenta, antena interna dañada","Diagnóstico general: Velocidad WiFi muy lenta, antena interna dañada. Se requiere revisión técnica especializada.",Baja,Resetear adaptador de red. Olvidar y reconectar redes WiFi.,Garantía vigente,32.81,2.4
1004,Laptop,Toshiba,Dynabook E10,Económica,Pantalla,"Pantalla con líneas verticales, panel LCD dañado","Fallo en sistema de visualización. Pantalla con líneas verticales, panel LCD dañado. Verificar cable flex y controlador de backlight.",Media,Reemplazar cable flex o inverter. Verificar conexión al motherboard.,Garantía vigente,331.3,5.3
1005,Laptop,Huawei,MateBook E Go,2 en 1,RAM,"Aplicaciones se cierran solas, RAM con sectores defectuosos","Error de memoria RAM. Aplicaciones se cierran solas, RAM con sectores defectuosos. Verificar compatibilidad y velocidad de módulos.",Baja,Ejecutar diagnóstico de memoria extendido. Monitorear en próximos días.,Garantía vigente,34.06,1.9
1006,Laptop,Samsung,Galaxy Book Go,Gaming,BIOS,"BIOS no detecta RAM nueva, módulos no compatibles","Diagnóstico: Corrupción de BIOS. BIOS no detecta RAM nueva, módulos no compatibles. Procedimiento: Reflashing con método de recuperación del fabricante.",Baja,Actualizar BIOS a la última versión disponible. Reemplazar batería CMOS si es necesario.,En diagnóstico,53.39,0.7
1007,Laptop,Acer,Aspire 5,Gaming,Motherboard,Motherboard no entra en suspensión correctamente,Fallo en placa madre. Motherboard no entra en suspensión correctamente. Evaluar viabilidad de reparación vs reemplazo.,Alta,Reparación especializada de microsoldadura. Reemplazar componentes SMD dañados.,Reparable,122.85,16.5
1008,Tablet,ASUS,ZenPad Z8s,Económica,RAM,"SODIMM RAM con pines dañados, contacto intermitente","Diagnóstico: Memoria RAM con errores. SODIMM RAM con pines dañados, contacto intermitente. Ejecutar MemTest86 para confirmar sector dañado.",Crítica,Reemplazo inmediato de módulo RAM defectuoso. Verificar compatibilidad con placa madre.,Requiere reemplazo de componente,54.05,10.9
1009,Laptop,ASUS,ZenBook 14,Premium,Ventilación,"Ventilador siempre al 100%, sensor de temperatura defectuoso","Diagnóstico general: Ventilador siempre al 100%, sensor de temperatura defectuoso. Se requiere revisión técnica especializada.",Alta,Limpiar obstrucciones y reaplicar pasta térmica. Verificar heat pipes.,Reparable,60.27,4.7
1010,Laptop,Apple,MacBook Pro 14 M3 Max,Workstation,Disco Duro/SSD,Error INACCESSIBLE_BOOT_DEVICE al iniciar Windows,Diagnóstico general: Error INACCESSIBLE_BOOT_DEVICE al iniciar Windows. Se requiere revisión técnica especializada.,Alta,Respaldar datos y reemplazar disco. Ejecutar recuperación con herramientas especializadas.,En diagnóstico,201.04,19.6
1011,Laptop,ASUS,ZenBook Pro 16,2 en 1,Ventilación,Acumulación excesiva de polvo en ventilador y disipador,Diagnóstico general: Acumulación excesiva de polvo en ventilador y disipador. Se requiere revisión técnica especializada.,Media,Limpieza de polvo con aire comprimido. Verificar RPM del ventilador.,Garantía vigente,18.23,1.3
1012,Tablet,Apple,iPad Air M2,eReader,Batería,"Laptop se apaga al desconectar el cargador, batería muerta","Batería degradada. Laptop se apaga al desconectar el cargador, batería muerta. Verificar con diagnóstico de fabricante.",Baja,Reemplazar batería cuando sea conveniente. Funciona con limitaciones.,Reparable,141.33,2.9
1013,Laptop,Acer,Swift 3,2 en 1,Disco Duro/SSD,"SSD no detectado en BIOS, controlador NVMe dañado","Diagnóstico: Corrupción de BIOS. SSD no detectado en BIOS, controlador NVMe dañado. Procedimiento: Reflashing con método de recuperación del fabricante.",Baja,Ejecutar optimización de disco. Liberar espacio en SSD para mejorar rendimiento.,Garantía vigente,54.69,3.9
1014,Laptop,ASUS,VivoBook 15,Ultrabook,Puertos,"Puerto de audio con estática, jack dañado","Audio no funcional. Puerto de audio con estática, jack dañado. Reinstalar drivers Realtek/AMD y verificar servicios de audio.",Media,Limpiar puerto con aire comprimido. Verificar drivers del controlador USB.,Garantía vigente,30.28,7.9
1015,Laptop,Toshiba,Satellite C55,Ultrabook,Batería,"Batería no carga al 100%, se detiene en 80%","Diagnóstico: Batería defectuosa. Batería no carga al 100%, se detiene en 80%. Reemplazar con batería original certificada.",Media,Calibrar batería siguiendo procedimiento del fabricante. Verificar ciclo de carga.,Garantía vigente,143.02,2.0
1016,Laptop,Apple,MacBook Pro 14 M3 Max,Empresarial,Motherboard,MOSFET de alimentación del CPU quemado en motherboard,Motherboard con daño eléctrico. MOSFET de alimentación del CPU quemado en motherboard. Inspeccionar con microscopio y multímetro.,Media,Reparar pista o componente específico. Verificar todos los circuitos de alimentación.,Garantía vigente,378.56,4.3
1017,Computadora,MSI,Modern AM241,Mini PC,BIOS,"BIOS muestra pantalla de error al iniciar, sector de arranque dañado","Diagnóstico: Corrupción de BIOS. BIOS muestra pantalla de error al iniciar, sector de arranque dañado. Procedimiento: Reflashing con método de recuperación del fabricante.",Alta,Flashear BIOS desde USB con método de recuperación del fabricante. Verificar versión actual.,En diagnóstico,125.29,14.7
1018,Computadora,Apple,Mac Studio M2 Max,SFF,Ventilación,"Sistema se apaga por protección térmica, ventilación insuficiente","Fallo en sistema térmico. Sistema se apaga por protección térmica, ventilación insuficiente. Limpiar obstrucciones y verificar RPM del ventilador.",Alta,Limpiar obstrucciones y reaplicar pasta térmica. Verificar heat pipes.,Reparable,37.17,13.5
1019,Tablet,Apple,iPad 9th Gen,eReader,Pantalla,"Pantalla con artefactos coloridos, GPU o panel defectuoso","Diagnóstico: Panel o componentes de pantalla dañados. Pantalla con artefactos coloridos, GPU o panel defectuoso. Probar con monitor externo para descartar GPU.",Baja,Calibrar pantalla y actualizar driver de vídeo. Ajustar perfil de color.,Reparable,344.02,3.5
1020,Laptop,MSI,Stealth 15M,2 en 1,Sistema Operativo,"Error de registro, sistema no carga perfil de usuario","Diagnóstico general: Error de registro, sistema no carga perfil de usuario. Se requiere revisión técnica especializada.",Media,Restaurar sistema a punto anterior. Eliminar software problemático.,Reparable,24.33,5.6
1021,Laptop,Dell,Inspiron 15 3000,Workstation,Motherboard,Motherboard no entra en suspensión correctamente,Componente de motherboard dañado. Motherboard no entra en suspensión correctamente. Se requiere microsoldadura especializada.,Crítica,Reemplazo de placa madre. Evaluar costo vs equipo nuevo. Rescatar componentes reutilizables.,En diagnóstico,235.84,41.2
1022,Laptop,Lenovo,Legion 5,Gaming,Puertos,"Puerto de carga USB-C no funciona, PD dañado","Diagnóstico general: Puerto de carga USB-C no funciona, PD dañado. Se requiere revisión técnica especializada.",Baja,Usar puerto alternativo. Monitorear funcionamiento del puerto afectado.,Reparable,33.19,1.5
1023,Laptop,HP,EliteBook 840,Chromebook,Pantalla,"Screen tearing constante, VSync no funciona","Diagnóstico general: Screen tearing constante, VSync no funciona. Se requiere revisión técnica especializada.",Media,Reemplazar cable flex o inverter. Verificar conexión al motherboard.,Garantía vigente,381.69,6.3
1024,Laptop,Acer,Chromebook Spin 514,Ultrabook,Conectividad,"WiFi muestra redes pero no conecta, error de autenticación","Diagnóstico general: WiFi muestra redes pero no conecta, error de autenticación. Se requiere revisión técnica especializada.",Crítica,"Reemplazo de módulo WiFi/Bluetooth. Si es integrado, usar adaptador USB.",En diagnóstico,47.7,12.9
1025,Laptop,Toshiba,Satellite Pro R50,2 en 1,RAM,Memoria insufficient al abrir aplicaciones pesadas,Diagnóstico general: Memoria insufficient al abrir aplicaciones pesadas. Se requiere revisión técnica especializada.,Crítica,Reemplazo inmediato de módulo RAM defectuoso. Verificar compatibilidad con placa madre.,En diagnóstico,51.05,5.1
1026,Laptop,HP,Pavilion Gaming 15,Económica,Disco Duro/SSD,"SSD con firmware corrupto, no monta partición","Diagnóstico general: SSD con firmware corrupto, no monta partición. Se requiere revisión técnica especializada.",Media,Ejecutar CHKDSK y reparación de sectores. Monitorear SMART diariamente.,En diagnóstico,224.11,6.7
1027,Laptop,Lenovo,IdeaPad Gaming 3,2 en 1,Puertos,"Puerto SD card no lee tarjetas, slot dañado","Diagnóstico general: Puerto SD card no lee tarjetas, slot dañado. Se requiere revisión técnica especializada.",Media,Limpiar puerto con aire comprimido. Verificar drivers del controlador USB.,En diagnóstico,107.33,3.1
1028,Computadora,Custom/Genérica,PC Workstation Xeon,All-in-One,Ventilación,"Heat pipe dañado, calor no se disipa correctamente","Diagnóstico general: Heat pipe dañado, calor no se disipa correctamente. Se requiere revisión técnica especializada.",Crítica,Reemplazar disipador y ventilador. Reaplicar pasta térmica de calidad. Limpieza completa.,Fuera de servicio,28.85,9.6
1029,Laptop,ASUS,TUF Gaming A15,Workstation,Pantalla,"Pantalla con bandas de color, conexión LVDS dañada","Pantalla defectuosa. Pantalla con bandas de color, conexión LVDS dañada. Inspeccionar conexiones y testear con pantalla externa.",Media,Reemplazar cable flex o inverter. Verificar conexión al motherboard.,Garantía vigente,218.67,3.9
1030,Tablet,Xiaomi,Pad 6 Pro,eReader,RAM,"Pitidos continuos al encender, módulo RAM defectuoso","Problema de memoria. Pitidos continuos al encender, módulo RAM defectuoso. Revisar slots y limpieza de contactos con alcohol isopropílico.",Baja,Ejecutar diagnóstico de memoria extendido. Monitorear en próximos días.,Garantía vigente,118.99,2.9
1031,Computadora,ASUS,ROG Strix G10,SFF,Puertos,"Puerto Thunderbolt no funciona, controlador dañado","Diagnóstico general: Puerto Thunderbolt no funciona, controlador dañado. Se requiere revisión técnica especializada.",Alta,Reparar soldadura de puerto dañado. Usar adaptador temporal mientras se repara.,Reparable,110.08,9.6
1032,Laptop,ASUS,ROG Strix G16,Premium,Teclado,"Tecla se queda presionada, contacto pegajoso","Diagnóstico general: Tecla se queda presionada, contacto pegajoso. Se requiere revisión técnica especializada.",Alta,Reemplazar teclado completo. Verificar si hay daño adicional por líquido.,Reparable,65.8,21.3
1033,Computadora,Acer,Nitro 50,All-in-One,Motherboard,"Southbridge dañado, puertos SATA no responden","Diagnóstico: Puerto defectuoso. Southbridge dañado, puertos SATA no responden. Inspeccionar pines y soldaduras con lupa.",Crítica,Reemplazo de placa madre. Evaluar costo vs equipo nuevo. Rescatar componentes reutilizables.,En diagnóstico,457.18,11.4
1034,Tablet,Microsoft,Surface Pro 9,Económica,Batería,"Batería no carga al 100%, se detiene en 80%","Fallo en sistema de alimentación por batería. Batería no carga al 100%, se detiene en 80%. Reemplazo de batería necesario.",Baja,Reemplazar batería cuando sea conveniente. Funciona con limitaciones.,En diagnóstico,109.1,2.0
1035,Laptop,Samsung,Galaxy Book2 360,Empresarial,Teclado,Tecla espacio no responde en zona central,Diagnóstico general: Tecla espacio no responde en zona central. Se requiere revisión técnica especializada.,Media,Limpiar contacto de teclas afectadas. Verificar flex de conexión.,Garantía vigente,56.43,6.6
1036,Laptop,Huawei,MateBook X Pro,Workstation,Audio,"Audio con estática y crujidos, DAC defectuoso","Sistema de audio dañado. Audio con estática y crujidos, DAC defectuoso. Si es hardware, evaluar placa de audio USB como alternativa.",Baja,Actualizar drivers de audio. Verificar configuración de volumen y dispositivos.,En diagnóstico,79.97,3.7
1037,Tablet,Microsoft,Surface Pro 8,Gaming,BIOS,"BIOS no reconoce puertos USB, controlador dañado","Error de inicialización de BIOS detectado. BIOS no reconoce puertos USB, controlador dañado. Verificar batería CMOS y versión de firmware.",Media,Reset de CMOS y reconfiguración de BIOS. Actualizar a última versión estable.,Garantía vigente,70.29,7.0
1038,Tablet,Microsoft,Surface Pro 9,Gaming,BIOS,"Actualización de BIOS fallida, sistema no arranca","Fallo en firmware BIOS. Actualización de BIOS fallida, sistema no arranca. Se recomienda reemplazo de chip BIOS.",Alta,Flashear BIOS desde USB con método de recuperación del fabricante. Verificar versión actual.,Requiere reemplazo de componente,93.72,14.5
1039,Tablet,Microsoft,Surface Pro 9,Gaming,Pantalla,"Flex de pantalla dañado, imagen intermitente","Problema de display detectado. Flex de pantalla dañado, imagen intermitente. Evaluar reemplazo de panel o componentes asociados.",Baja,Calibrar pantalla y actualizar driver de vídeo. Ajustar perfil de color.,En diagnóstico,207.07,3.2
1040,Computadora,Lenovo,IdeaCentre Gaming 5,Mini PC,Teclado,"Tecla Enter no funciona, membrana dañada","Diagnóstico general: Tecla Enter no funciona, membrana dañada. Se requiere revisión técnica especializada.",Media,Limpiar contacto de teclas afectadas. Verificar flex de conexión.,Garantía vigente,35.22,2.0
1041,Laptop,Samsung,Galaxy Book2 Pro,Premium,Pantalla,"Bisagra rota daña cable de pantalla, imagen se corta","Display con defecto. Bisagra rota daña cable de pantalla, imagen se corta. Reemplazo de panel recomendado si costo es viable.",Crítica,Reemplazo completo de panel LCD/LED. Verificar disponibilidad de repuesto.,En diagnóstico,168.36,41.0
1042,Computadora,Gigabyte,B550 Vision D,Mini PC,Sistema Operativo,"DLL faltante, aplicaciones no abren","Diagnóstico general: DLL faltante, aplicaciones no abren. Se requiere revisión técnica especializada.",Media,Restaurar sistema a punto anterior. Eliminar software problemático.,Reparable,16.15,4.4
1043,Laptop,MSI,Katana 15,Ultrabook,GPU,"Pantalla azul VIDEO_TDR_FAILURE, GPU dedicada fallida","Fallo en sistema de visualización. Pantalla azul VIDEO_TDR_FAILURE, GPU dedicada fallida. Verificar cable flex y controlador de backlight.",Alta,Reflow o reball de GPU. Reemplazar pasta térmica. Verificar alimentación.,Requiere reemplazo de componente,311.08,8.2
1044,Laptop,Toshiba,Satellite Pro R50,Ultrabook,Ventilación,"Sistema se apaga por protección térmica, ventilación insuficiente","Fallo en sistema térmico. Sistema se apaga por protección térmica, ventilación insuficiente. Limpiar obstrucciones y verificar RPM del ventilador.",Media,Limpieza de polvo con aire comprimido. Verificar RPM del ventilador.,En diagnóstico,78.6,3.8
1045,Computadora,ASUS,ProArt Station PD5,Gaming,Batería,Error de comunicación entre batería y ACPI,Batería en estado crítico. Error de comunicación entre batería y ACPI. Retirar si está inflada por riesgo de seguridad.,Alta,Reemplazar batería con original de fabricante. No usar baterías genéricas.,En diagnóstico,123.56,15.6
1046,Computadora,Dell,Vostro 3710,Micro,Pantalla,"Pantalla externa no detectada, puerto HDMI dañado","Fallo en sistema de visualización. Pantalla externa no detectada, puerto HDMI dañado. Verificar cable flex y controlador de backlight.",Alta,Reemplazar panel o componente de backlight. Cotizar reparación vs equipo nuevo.,En diagnóstico,176.97,3.5
1047,Laptop,Lenovo,ThinkPad X1 Carbon,Ultrabook,Disco Duro/SSD,"Disco lento, tiempos de lectura excesivos y errores SMART","Diagnóstico general: Disco lento, tiempos de lectura excesivos y errores SMART. Se requiere revisión técnica especializada.",Alta,Respaldar datos y reemplazar disco. Ejecutar recuperación con herramientas especializadas.,Reparable,121.36,22.3
1048,Laptop,Samsung,Galaxy Book Go,Económica,Motherboard,Conector de pantalla dañado en motherboard de laptop,Componente de motherboard dañado. Conector de pantalla dañado en motherboard de laptop. Se requiere microsoldadura especializada.,Media,Reparar pista o componente específico. Verificar todos los circuitos de alimentación.,Reparable,177.71,4.2
1049,Laptop,Samsung,Galaxy Book2 Pro,Económica,Disco Duro/SSD,"Disco lento, tiempos de lectura excesivos y errores SMART","Diagnóstico general: Disco lento, tiempos de lectura excesivos y errores SMART. Se requiere revisión técnica especializada.",Crítica,Clonar disco inmediatamente si es posible. Reemplazo urgente de unidad. Recuperación de datos profesional.,Requiere reemplazo de componente,86.7,40.8
1050,Tablet,Amazon,Fire HD 10,Educacional,RAM,"Beep code 2 pitidos, error de parity check en RAM","Diagnóstico: Memoria RAM con errores. Beep code 2 pitidos, error de parity check en RAM. Ejecutar MemTest86 para confirmar sector dañado.",Media,Limpiar contactos con alcohol isopropílico. Reubicar módulos en slots diferentes.,Reparable,99.55,3.0
1051,Laptop,Apple,MacBook Air M3,Chromebook,Audio,"Audio funciona solo con auriculares, switch de jack atascado","Diagnóstico: Circuito de audio defectuoso. Audio funciona solo con auriculares, switch de jack atascado. Verificar codec de audio y conexiones.",Alta,Reinstalar drivers de audio. Verificar jack de audio con multímetro.,Requiere reemplazo de componente,94.91,11.6
1052,Computadora,Acer,Aspire XC,All-in-One,Pantalla,"Brillo de pantalla no ajusta, sensor ALS dañado","Problema de display detectado. Brillo de pantalla no ajusta, sensor ALS dañado. Evaluar reemplazo de panel o componentes asociados.",Crítica,Reemplazo completo de panel LCD/LED. Verificar disponibilidad de repuesto.,Fuera de servicio,109.71,37.9
1053,Tablet,Samsung,Galaxy Tab S7 FE,Estándar,Sistema Operativo,"DLL faltante, aplicaciones no abren","Diagnóstico general: DLL faltante, aplicaciones no abren. Se requiere revisión técnica especializada.",Media,Restaurar sistema a punto anterior. Eliminar software problemático.,Garantía vigente,47.21,1.2
1054,Laptop,Huawei,MateBook E Go,Empresarial,Motherboard,Motherboard no entra en suspensión correctamente,Motherboard con daño eléctrico. Motherboard no entra en suspensión correctamente. Inspeccionar con microscopio y multímetro.,Baja,Limpieza profunda y rethermal. Verificar conexiones y reseat de componentes.,Garantía vigente,115.96,3.5
1055,Computadora,Dell,Alienware Aurora R16,Mini PC,Disco Duro/SSD,"Disco duro externo no monta, controlador USB-SATA fallido","Diagnóstico general: Disco duro externo no monta, controlador USB-SATA fallido. Se requiere revisión técnica especializada.",Baja,Ejecutar optimización de disco. Liberar espacio en SSD para mejorar rendimiento.,En diagnóstico,83.47,3.8
1056,Tablet,Samsung,Galaxy Tab A9,Estándar,Motherboard,"Motherboard con pista dañada, circuito abierto","Motherboard con daño eléctrico. Motherboard con pista dañada, circuito abierto. Inspeccionar con microscopio y multímetro.",Baja,Limpieza profunda y rethermal. Verificar conexiones y reseat de componentes.,Reparable,350.14,2.4
1057,Tablet,Lenovo,Tab M10 Plus,Gaming,Motherboard,"Power button connector suelto, motherboard no arranca","Diagnóstico: Motherboard defectuosa. Power button connector suelto, motherboard no arranca. Verificar todas las pistas y componentes SMD.",Media,Reparar pista o componente específico. Verificar todos los circuitos de alimentación.,Reparable,297.03,6.3
1058,Laptop,Huawei,MateBook D15,Gaming,Disco Duro/SSD,"Disco duro con sectores dañados, CHKDSK reporta errores","Diagnóstico general: Disco duro con sectores dañados, CHKDSK reporta errores. Se requiere revisión técnica especializada.",Media,Ejecutar CHKDSK y reparación de sectores. Monitorear SMART diariamente.,Garantía vigente,116.27,3.8
1059,Computadora,Gigabyte,B550 Vision D,All-in-One,Teclado,Tecla espacio no responde en zona central,Diagnóstico general: Tecla espacio no responde en zona central. Se requiere revisión técnica especializada.,Media,Limpiar contacto de teclas afectadas. Verificar flex de conexión.,En diagnóstico,97.19,4.8
1060,Computadora,Gigabyte,AORUS Model S,Mini PC,GPU,"Artefactos gráficos en pantalla, memoria VRAM dañada","Inestabilidad por RAM defectuosa. Artefactos gráficos en pantalla, memoria VRAM dañada. Probar módulos individualmente para aislar el dañado.",Crítica,"Reemplazo de GPU dedicada. Si es integrada, reemplazo de motherboard.",Requiere reemplazo de componente,313.31,16.4
1061,Laptop,Toshiba,Portege Z30,2 en 1,Ventilación,"Heat pipe dañado, calor no se disipa correctamente","Diagnóstico general: Heat pipe dañado, calor no se disipa correctamente. Se requiere revisión técnica especializada.",Media,Limpieza de polvo con aire comprimido. Verificar RPM del ventilador.,Garantía vigente,44.06,5.2
1062,Laptop,ASUS,ZenBook 14,Gaming,Batería,Batería no detectada por el sistema operativo,Batería en estado crítico. Batería no detectada por el sistema operativo. Retirar si está inflada por riesgo de seguridad.,Crítica,Retirar batería inmediatamente por seguridad (inflamación). Usar solo con cargador.,Requiere reemplazo de componente,53.81,25.3
1063,Tablet,Apple,iPad mini 6,2 en 1,Pantalla,"Backlight no enciende, pantalla muy oscura","Diagnóstico: Panel o componentes de pantalla dañados. Backlight no enciende, pantalla muy oscura. Probar con monitor externo para descartar GPU.",Baja,Calibrar pantalla y actualizar driver de vídeo. Ajustar perfil de color.,En diagnóstico,82.71,3.9
1064,Laptop,Huawei,MateBook D15,Workstation,GPU,"Error CODE 43 en GPU, Windows deshabilitó el dispositivo","Fallo en procesador gráfico. Error CODE 43 en GPU, Windows deshabilitó el dispositivo. Verificar temperatura y reflow si es BGA.",Media,Reinstalar drivers con DDU. Verificar temperatura y ventilación de GPU.,En diagnóstico,432.06,4.6
1065,Laptop,ASUS,TUF Gaming A15,Workstation,Batería,Batería se calienta excesivamente durante la carga,Batería degradada. Batería se calienta excesivamente durante la carga. Verificar con diagnóstico de fabricante.,Baja,Reemplazar batería cuando sea conveniente. Funciona con limitaciones.,En diagnóstico,116.31,1.1
1066,Laptop,Samsung,Galaxy Book2 Pro,Económica,Teclado,"Varias teclas no funcionan, daño por líquido derramado","Problema de memoria. Varias teclas no funcionan, daño por líquido derramado. Revisar slots y limpieza de contactos con alcohol isopropílico.",Alta,Reemplazar teclado completo. Verificar si hay daño adicional por líquido.,Reparable,147.17,18.9
1067,Tablet,Amazon,Fire HD 8,Económica,Pantalla,"Pantalla con ghosting, retardo de respuesta del panel","Display con defecto. Pantalla con ghosting, retardo de respuesta del panel. Reemplazo de panel recomendado si costo es viable.",Crítica,Reemplazo completo de panel LCD/LED. Verificar disponibilidad de repuesto.,Requiere reemplazo de componente,79.14,24.2
1068,Computadora,MSI,Modern AM241,All-in-One,Audio,"Altavoces con distorsión, membrana dañada","Diagnóstico general: Altavoces con distorsión, membrana dañada. Se requiere revisión técnica especializada.",Media,Limpiar jack de audio. Verificar configuración de dispositivos de sonido.,En diagnóstico,118.82,4.7
1069,Tablet,Xiaomi,Pad 5 Pro 5G,Gaming,RAM,"Beep code 2 pitidos, error de parity check en RAM","Inestabilidad por RAM defectuosa. Beep code 2 pitidos, error de parity check en RAM. Probar módulos individualmente para aislar el dañado.",Media,Limpiar contactos con alcohol isopropílico. Reubicar módulos en slots diferentes.,Garantía vigente,29.17,4.8
1070,Tablet,Amazon,Fire Max 11,Económica,Disco Duro/SSD,Disco con Bad Blocks en zona crítica del sistema,Diagnóstico general: Disco con Bad Blocks en zona crítica del sistema. Se requiere revisión técnica especializada.,Baja,Ejecutar optimización de disco. Liberar espacio en SSD para mejorar rendimiento.,En diagnóstico,40.83,1.6
1071,Tablet,Huawei,MatePad T10,Estándar,Motherboard,"Filtro de EMI dañado, interferencia en audio/video","Fallo en sistema de audio. Filtro de EMI dañado, interferencia en audio/video. Verificar controlador y hardware.",Alta,Reparación especializada de microsoldadura. Reemplazar componentes SMD dañados.,Requiere reemplazo de componente,302.13,3.2
1072,Tablet,ASUS,Chromebook Detachable CZ1,2 en 1,Disco Duro/SSD,Disco con Bad Blocks en zona crítica del sistema,Diagnóstico general: Disco con Bad Blocks en zona crítica del sistema. Se requiere revisión técnica especializada.,Media,Ejecutar CHKDSK y reparación de sectores. Monitorear SMART diariamente.,Reparable,212.55,5.6
1073,Computadora,ASUS,ROG Strix G10,All-in-One,Motherboard,MOSFET de alimentación del CPU quemado en motherboard,Diagnóstico: Motherboard defectuosa. MOSFET de alimentación del CPU quemado en motherboard. Verificar todas las pistas y componentes SMD.,Alta,Reparación especializada de microsoldadura. Reemplazar componentes SMD dañados.,En diagnóstico,259.77,20.5
1074,Laptop,HP,Spectre x360,Premium,Disco Duro/SSD,"Disco duro con PCB quemada, no recibe alimentación","Diagnóstico general: Disco duro con PCB quemada, no recibe alimentación. Se requiere revisión técnica especializada.",Baja,Ejecutar optimización de disco. Liberar espacio en SSD para mejorar rendimiento.,Garantía vigente,160.66,0.9
1075,Laptop,Huawei,MateBook X Pro,2 en 1,Batería,Batería no detectada por el sistema operativo,Fallo en sistema de alimentación por batería. Batería no detectada por el sistema operativo. Reemplazo de batería necesario.,Alta,Reemplazar batería con original de fabricante. No usar baterías genéricas.,En diagnóstico,148.29,7.0
1076,Laptop,Acer,TravelMate P2,Gaming,Teclado,"Teclado escribe caracteres incorrectos, layout mal configurado","Teclado con malfunction. Teclado escribe caracteres incorrectos, layout mal configurado. Verificar flex de conexión y controlador.",Media,Limpiar contacto de teclas afectadas. Verificar flex de conexión.,Garantía vigente,93.27,1.4
1077,Computadora,Dell,Vostro 3710,Mini PC,Conectividad,"Interferencia WiFi por tarjeta gráfica, antena mal posicionada","Diagnóstico general: Interferencia WiFi por tarjeta gráfica, antena mal posicionada. Se requiere revisión técnica especializada.",Baja,Resetear adaptador de red. Olvidar y reconectar redes WiFi.,Garantía vigente,74.73,3.7
1078,Computadora,Custom/Genérica,PC Gaming RTX 4070,Micro,Batería,Batería no suministra energía suficiente bajo carga,Diagnóstico: Batería defectuosa. Batería no suministra energía suficiente bajo carga. Reemplazar con batería original certificada.,Crítica,Retirar batería inmediatamente por seguridad (inflamación). Usar solo con cargador.,En diagnóstico,45.98,11.8
1079,Computadora,Huawei,MateStation X,Mini PC,GPU,"Error CODE 43 en GPU, Windows deshabilitó el dispositivo","Fallo en procesador gráfico. Error CODE 43 en GPU, Windows deshabilitó el dispositivo. Verificar temperatura y reflow si es BGA.",Baja,Actualizar drivers de GPU. Ajustar configuración de rendimiento.,Garantía vigente,150.29,0.9
1080,Tablet,Amazon,Fire HD 8,Económica,Sistema Operativo,"Pantalla azul al iniciar, controlador incompatible","Display con defecto. Pantalla azul al iniciar, controlador incompatible. Reemplazo de panel recomendado si costo es viable.",Media,Restaurar sistema a punto anterior. Eliminar software problemático.,Reparable,57.38,4.9
1081,Computadora,MSI,All-in-One PC AG271,Torre,Disco Duro/SSD,"SSD M.2 no hace contacto, slot dañado","Diagnóstico general: SSD M.2 no hace contacto, slot dañado. Se requiere revisión técnica especializada.",Media,Ejecutar CHKDSK y reparación de sectores. Monitorear SMART diariamente.,En diagnóstico,229.59,5.9
1082,Laptop,MSI,Prestige 14,Ultrabook,Pantalla,"Screen tearing constante, VSync no funciona","Diagnóstico general: Screen tearing constante, VSync no funciona. Se requiere revisión técnica especializada.",Media,Reemplazar cable flex o inverter. Verificar conexión al motherboard.,Garantía vigente,97.57,2.7
1083,Laptop,Apple,MacBook Air M2,Chromebook,Ventilación,"Ventilador hace ruido excesivo, rodamiento dañado","Diagnóstico general: Ventilador hace ruido excesivo, rodamiento dañado. Se requiere revisión técnica especializada.",Baja,Limpieza preventiva y monitoreo de temperaturas. Ajustar curva de ventilador.,En diagnóstico,48.14,2.6
1084,Tablet,Samsung,Galaxy Tab A9,Económica,RAM,RAM DDR4 no arranca a la velocidad XMP especificada,Fallo de memoria detectado. RAM DDR4 no arranca a la velocidad XMP especificada. Se recomienda reemplazar módulo defectuoso.,Media,Limpiar contactos con alcohol isopropílico. Reubicar módulos en slots diferentes.,En diagnóstico,110.65,1.1
1085,Laptop,Lenovo,ThinkBook 15,Económica,RAM,"Fallo en test de memoria Windows, errores detectados","Diagnóstico general: Fallo en test de memoria Windows, errores detectados. Se requiere revisión técnica especializada.",Alta,Reemplazar módulo RAM dañado. Probar con módulo nuevo en slot afectado.,En diagnóstico,43.24,14.0
1086,Computadora,Huawei,MateStation S,Torre,Disco Duro/SSD,"SSD M.2 no hace contacto, slot dañado","Diagnóstico general: SSD M.2 no hace contacto, slot dañado. Se requiere revisión técnica especializada.",Alta,Respaldar datos y reemplazar disco. Ejecutar recuperación con herramientas especializadas.,Reparable,190.6,6.8
1087,Tablet,Microsoft,Surface Pro 8,Gaming,Pantalla,"Pantalla con líneas verticales, panel LCD dañado","Problema de display detectado. Pantalla con líneas verticales, panel LCD dañado. Evaluar reemplazo de panel o componentes asociados.",Crítica,Reemplazo completo de panel LCD/LED. Verificar disponibilidad de repuesto.,En diagnóstico,343.9,41.9
1088,Computadora,Lenovo,ThinkCentre M90q,Gaming,Fuente de Poder,Fuente no suministra suficiente energía a GPU dedicada,GPU con errores. Fuente no suministra suficiente energía a GPU dedicada. Probar con drivers limpios usando DDU.,Crítica,Reemplazo inmediato de fuente. No intentar reparar por riesgo eléctrico.,Fuera de servicio,55.86,38.2
1089,Computadora,Gigabyte,B550 Vision D,All-in-One,GPU,"Fan de GPU no gira, temperatura excesiva","GPU fallida. Fan de GPU no gira, temperatura excesiva. Si es integrada, motherboard necesita reemplazo.",Media,Reinstalar drivers con DDU. Verificar temperatura y ventilación de GPU.,En diagnóstico,364.64,5.6
1090,Tablet,Huawei,MatePad 11.5 S,Estándar,Ventilación,"Pasta térmica seca, temperatura CPU sobre 95°C","Diagnóstico general: Pasta térmica seca, temperatura CPU sobre 95°C. Se requiere revisión técnica especializada.",Media,Limpieza de polvo con aire comprimido. Verificar RPM del ventilador.,Garantía vigente,41.46,4.5
1091,Computadora,ASUS,ROG Strix G10,Gaming,BIOS,"BIOS no reconoce puertos USB, controlador dañado","Fallo en firmware BIOS. BIOS no reconoce puertos USB, controlador dañado. Se recomienda reemplazo de chip BIOS.",Media,Reset de CMOS y reconfiguración de BIOS. Actualizar a última versión estable.,Reparable,44.17,2.1
1092,Computadora,Apple,Mac mini M2,Workstation,GPU,"Rayos y artefactos en pantalla al iniciar juegos, GPU dañada","Display con defecto. Rayos y artefactos en pantalla al iniciar juegos, GPU dañada. Reemplazo de panel recomendado si costo es viable.",Media,Reinstalar drivers con DDU. Verificar temperatura y ventilación de GPU.,En diagnóstico,435.75,5.5
1093,Computadora,ASUS,VivoBook 22 Desktop,All-in-One,Sistema Operativo,"Servicio de Windows no inicia, dependencia rota","Diagnóstico general: Servicio de Windows no inicia, dependencia rota. Se requiere revisión técnica especializada.",Crítica,Reinstalación limpia del sistema operativo. Backup completo de datos primero.,Fuera de servicio,37.65,15.4
1094,Laptop,Apple,MacBook Air M1,Ultrabook,Disco Duro/SSD,"Disco duro externo no monta, controlador USB-SATA fallido","Diagnóstico general: Disco duro externo no monta, controlador USB-SATA fallido. Se requiere revisión técnica especializada.",Media,Ejecutar CHKDSK y reparación de sectores. Monitorear SMART diariamente.,En diagnóstico,158.75,5.4
1095,Laptop,Lenovo,ThinkPad T14,Premium,Fuente de Poder,"Fuente de poder no enciende, ventilador sin movimiento","Diagnóstico general: Fuente de poder no enciende, ventilador sin movimiento. Se requiere revisión técnica especializada.",Crítica,Reemplazo inmediato de fuente. No intentar reparar por riesgo eléctrico.,Fuera de servicio,61.54,27.1
1096,Laptop,Toshiba,Portege Z30,Chromebook,Batería,Error de comunicación entre batería y ACPI,Diagnóstico: Batería defectuosa. Error de comunicación entre batería y ACPI. Reemplazar con batería original certificada.,Media,Calibrar batería siguiendo procedimiento del fabricante. Verificar ciclo de carga.,En diagnóstico,137.96,6.5
1097,Tablet,ASUS,ROG Flow Z13,Gaming,GPU,"Error CODE 43 en GPU, Windows deshabilitó el dispositivo","Diagnóstico: Tarjeta gráfica defectuosa. Error CODE 43 en GPU, Windows deshabilitó el dispositivo. Testear con FurMark para reproducir fallo.",Alta,Reflow o reball de GPU. Reemplazar pasta térmica. Verificar alimentación.,Reparable,533.22,10.1
1098,Laptop,ASUS,VivoBook 15,2 en 1,BIOS,BIOS legacy no soporta arranque UEFI,Fallo en firmware BIOS. BIOS legacy no soporta arranque UEFI. Se recomienda reemplazo de chip BIOS.,Media,Reset de CMOS y reconfiguración de BIOS. Actualizar a última versión estable.,Garantía vigente,66.14,4.2
1099,Laptop,Lenovo,Legion 5,Premium,RAM,Reinicios aleatorios por errores de memoria RAM,Diagnóstico: Memoria RAM con errores. Reinicios aleatorios por errores de memoria RAM. Ejecutar MemTest86 para confirmar sector dañado.,Alta,Reemplazar módulo RAM dañado. Probar con módulo nuevo en slot afectado.,En diagnóstico,119.17,8.7
1100,Tablet,Microsoft,Surface Go 3,2 en 1,Audio,"Audio con estática y crujidos, DAC defectuoso","Diagnóstico: Circuito de audio defectuoso. Audio con estática y crujidos, DAC defectuoso. Verificar codec de audio y conexiones.",Baja,Actualizar drivers de audio. Verificar configuración de volumen y dispositivos.,En diagnóstico,84.69,2.0
1101,Computadora,HP,ProDesk 600 G6,All-in-One,RAM,"Pitidos continuos al encender, módulo RAM defectuoso","Problema de memoria. Pitidos continuos al encender, módulo RAM defectuoso. Revisar slots y limpieza de contactos con alcohol isopropílico.",Media,Limpiar contactos con alcohol isopropílico. Reubicar módulos en slots diferentes.,Reparable,35.23,3.9
1102,Laptop,MSI,Stealth 15M,Chromebook,Teclado,"Varias teclas no funcionan, daño por líquido derramado","Error de memoria RAM. Varias teclas no funcionan, daño por líquido derramado. Verificar compatibilidad y velocidad de módulos.",Baja,Limpiar tecla específica o reemplazar keycap. Verificar configuración de idioma.,Garantía vigente,108.08,3.6
1103,Laptop,Samsung,Galaxy Book2 Pro,Económica,Pantalla,"Pantalla con artefactos coloridos, GPU o panel defectuoso","Fallo en sistema de visualización. Pantalla con artefactos coloridos, GPU o panel defectuoso. Verificar cable flex y controlador de backlight.",Alta,Reemplazar panel o componente de backlight. Cotizar reparación vs equipo nuevo.,En diagnóstico,102.03,19.1
1104,Laptop,Huawei,MateBook D15,Empresarial,RAM,Memoria RAM causa artefactos visuales en pantalla,Fallo de memoria detectado. Memoria RAM causa artefactos visuales en pantalla. Se recomienda reemplazar módulo defectuoso.,Media,Limpiar contactos con alcohol isopropílico. Reubicar módulos en slots diferentes.,En diagnóstico,47.13,4.6
1105,Tablet,Amazon,Fire 7,2 en 1,Disco Duro/SSD,"Disco duro con sectores dañados, CHKDSK reporta errores","Diagnóstico general: Disco duro con sectores dañados, CHKDSK reporta errores. Se requiere revisión técnica especializada.",Crítica,Clonar disco inmediatamente si es posible. Reemplazo urgente de unidad. Recuperación de datos profesional.,Requiere reemplazo de componente,247.61,42.4
1106,Computadora,HP,OMEN 25L,Gaming,GPU,GPU no detectada en Administrador de dispositivos,Diagnóstico: Tarjeta gráfica defectuosa. GPU no detectada en Administrador de dispositivos. Testear con FurMark para reproducir fallo.,Baja,Actualizar drivers de GPU. Ajustar configuración de rendimiento.,Garantía vigente,104.56,1.2
1107,Laptop,HP,ZBook Firefly,Gaming,Disco Duro/SSD,"Sistema no arranca, sector de arranque dañado en disco","Diagnóstico general: Sistema no arranca, sector de arranque dañado en disco. Se requiere revisión técnica especializada.",Media,Ejecutar CHKDSK y reparación de sectores. Monitorear SMART diariamente.,Reparable,78.15,6.5
1108,Laptop,ASUS,ROG Zephyrus G14,Workstation,Disco Duro/SSD,"Disco duro con PCB quemada, no recibe alimentación","Diagnóstico general: Disco duro con PCB quemada, no recibe alimentación. Se requiere revisión técnica especializada.",Alta,Respaldar datos y reemplazar disco. Ejecutar recuperación con herramientas especializadas.,Requiere reemplazo de componente,121.65,15.8
1109,Tablet,Xiaomi,Pad 6 Pro,Educacional,Teclado,Tecla espacio no responde en zona central,Diagnóstico general: Tecla espacio no responde en zona central. Se requiere revisión técnica especializada.,Media,Limpiar contacto de teclas afectadas. Verificar flex de conexión.,En diagnóstico,47.18,6.3
1110,Computadora,Gigabyte,B550 Vision D,Servidor,Pantalla,"Pantalla con artefactos coloridos, GPU o panel defectuoso","Diagnóstico: Panel o componentes de pantalla dañados. Pantalla con artefactos coloridos, GPU o panel defectuoso. Probar con monitor externo para descartar GPU.",Crítica,Reemplazo completo de panel LCD/LED. Verificar disponibilidad de repuesto.,En diagnóstico,159.52,39.7
1111,Laptop,Samsung,Galaxy Book2 Pro,Gaming,RAM,"Pitidos continuos al encender, módulo RAM defectuoso","Inestabilidad por RAM defectuosa. Pitidos continuos al encender, módulo RAM defectuoso. Probar módulos individualmente para aislar el dañado.",Alta,Reemplazar módulo RAM dañado. Probar con módulo nuevo en slot afectado.,En diagnóstico,74.39,7.1
1112,Tablet,Samsung,Galaxy Tab S9 FE,Estándar,Disco Duro/SSD,Error de formato al intentar reparar disco,Diagnóstico general: Error de formato al intentar reparar disco. Se requiere revisión técnica especializada.,Baja,Ejecutar optimización de disco. Liberar espacio en SSD para mejorar rendimiento.,Garantía vigente,168.57,1.1
1113,Tablet,Apple,iPad Air M2,Educacional,Ventilación,Acumulación excesiva de polvo en ventilador y disipador,Diagnóstico general: Acumulación excesiva de polvo en ventilador y disipador. Se requiere revisión técnica especializada.,Alta,Limpiar obstrucciones y reaplicar pasta térmica. Verificar heat pipes.,En diagnóstico,19.59,6.3
1114,Computadora,Apple,iMac 24 M3,Torre,Disco Duro/SSD,"SSD con error de sobretemperatura, throttle de escritura","Diagnóstico general: SSD con error de sobretemperatura, throttle de escritura. Se requiere revisión técnica especializada.",Baja,Ejecutar optimización de disco. Liberar espacio en SSD para mejorar rendimiento.,En diagnóstico,238.27,3.3
1115,Computadora,Custom/Genérica,PC Workstation Xeon,Servidor,Disco Duro/SSD,"Disco duro con sectores dañados, CHKDSK reporta errores","Diagnóstico general: Disco duro con sectores dañados, CHKDSK reporta errores. Se requiere revisión técnica especializada.",Media,Ejecutar CHKDSK y reparación de sectores. Monitorear SMART diariamente.,En diagnóstico,162.67,5.2
1116,Computadora,MSI,All-in-One PC AG271,All-in-One,Pantalla,"Bisagra rota daña cable de pantalla, imagen se corta","Pantalla defectuosa. Bisagra rota daña cable de pantalla, imagen se corta. Inspeccionar conexiones y testear con pantalla externa.",Alta,Reemplazar panel o componente de backlight. Cotizar reparación vs equipo nuevo.,Reparable,243.95,23.6
1117,Laptop,HP,Omen 16,Económica,GPU,GPU no detectada en Administrador de dispositivos,Problema de vídeo por GPU. GPU no detectada en Administrador de dispositivos. Verificar alimentación PCIe y conectores de poder.,Baja,Actualizar drivers de GPU. Ajustar configuración de rendimiento.,Garantía vigente,230.3,3.9
1118,Computadora,MSI,All-in-One PC AG271,Servidor,GPU,"Fan de GPU no gira, temperatura excesiva","GPU fallida. Fan de GPU no gira, temperatura excesiva. Si es integrada, motherboard necesita reemplazo.",Media,Reinstalar drivers con DDU. Verificar temperatura y ventilación de GPU.,Reparable,406.17,5.0
1119,Laptop,Toshiba,Satellite Pro R50,Chromebook,Pantalla,"Backlight no enciende, pantalla muy oscura","Display con defecto. Backlight no enciende, pantalla muy oscura. Reemplazo de panel recomendado si costo es viable.",Media,Reemplazar cable flex o inverter. Verificar conexión al motherboard.,En diagnóstico,346.11,2.6
1120,Computadora,Gigabyte,B550 Vision D,Micro,Teclado,"Fn keys no funcionan, controlador ACPI dañado","Diagnóstico general: Fn keys no funcionan, controlador ACPI dañado. Se requiere revisión técnica especializada.",Crítica,"Reemplazo completo del teclado. Si es por líquido, evaluar daño a motherboard.",Fuera de servicio,49.7,26.5
1121,Laptop,Apple,MacBook Air M1,Gaming,Puertos,"Puerto Ethernet no detecta cable, LED no enciende","Diagnóstico general: Puerto Ethernet no detecta cable, LED no enciende. Se requiere revisión técnica especializada.",Baja,Usar puerto alternativo. Monitorear funcionamiento del puerto afectado.,Reparable,84.28,2.1
1122,Laptop,Acer,Swift X,Premium,Disco Duro/SSD,Error de formato al intentar reparar disco,Diagnóstico general: Error de formato al intentar reparar disco. Se requiere revisión técnica especializada.,Baja,Ejecutar optimización de disco. Liberar espacio en SSD para mejorar rendimiento.,Reparable,108.4,3.7
1123,Tablet,Xiaomi,Pad 6 Pro,Profesional,Motherboard,MOSFET de alimentación del CPU quemado en motherboard,Motherboard con daño eléctrico. MOSFET de alimentación del CPU quemado en motherboard. Inspeccionar con microscopio y multímetro.,Crítica,Reemplazo de placa madre. Evaluar costo vs equipo nuevo. Rescatar componentes reutilizables.,En diagnóstico,247.52,17.5
1124,Computadora,HP,Pavilion Desktop,Workstation,Motherboard,Motherboard no entra en suspensión correctamente,Componente de motherboard dañado. Motherboard no entra en suspensión correctamente. Se requiere microsoldadura especializada.,Media,Reparar pista o componente específico. Verificar todos los circuitos de alimentación.,Garantía vigente,112.64,6.9
1125,Computadora,Custom/Genérica,PC Oficina i5-12400,Workstation,Disco Duro/SSD,"Sistema no arranca, sector de arranque dañado en disco","Diagnóstico general: Sistema no arranca, sector de arranque dañado en disco. Se requiere revisión técnica especializada.",Crítica,Clonar disco inmediatamente si es posible. Reemplazo urgente de unidad. Recuperación de datos profesional.,Requiere reemplazo de componente,72.96,18.6
1126,Laptop,MSI,Creator Z16,Económica,Teclado,"Tecla se queda presionada, contacto pegajoso","Diagnóstico general: Tecla se queda presionada, contacto pegajoso. Se requiere revisión técnica especializada.",Baja,Limpiar tecla específica o reemplazar keycap. Verificar configuración de idioma.,Reparable,143.85,3.2
1127,Laptop,ASUS,ProArt StudioBook,Ultrabook,Puertos,"Puerto Thunderbolt no funciona, controlador dañado","Diagnóstico general: Puerto Thunderbolt no funciona, controlador dañado. Se requiere revisión técnica especializada.",Baja,Usar puerto alternativo. Monitorear funcionamiento del puerto afectado.,Reparable,197.77,0.8
1128,Tablet,Apple,iPad Pro 12.9 M2,2 en 1,Disco Duro/SSD,"Disco se desconecta aleatoriamente, cable SATA defectuoso","Diagnóstico general: Disco se desconecta aleatoriamente, cable SATA defectuoso. Se requiere revisión técnica especializada.",Media,Ejecutar CHKDSK y reparación de sectores. Monitorear SMART diariamente.,Garantía vigente,110.18,1.2
1129,Tablet,Lenovo,Tab M11,eReader,Batería,Sistema entra en hibernación repentino por batería,Diagnóstico: Batería defectuosa. Sistema entra en hibernación repentino por batería. Reemplazar con batería original certificada.,Alta,Reemplazar batería con original de fabricante. No usar baterías genéricas.,En diagnóstico,58.6,23.1
1130,Laptop,Toshiba,Dynabook E10,Empresarial,Puertos,"Puerto Ethernet no detecta cable, LED no enciende","Diagnóstico general: Puerto Ethernet no detecta cable, LED no enciende. Se requiere revisión técnica especializada.",Crítica,Reemplazo de placa de puertos o motherboard. Daño irreparable en múltiples puertos.,En diagnóstico,21.82,19.6
1131,Laptop,Toshiba,Dynabook E10,Premium,Batería,"Batería no carga, indica 0% permanentemente","Batería en estado crítico. Batería no carga, indica 0% permanentemente. Retirar si está inflada por riesgo de seguridad.",Media,Calibrar batería siguiendo procedimiento del fabricante. Verificar ciclo de carga.,Reparable,83.23,2.9
1132,Computadora,Apple,Mac Studio M2 Max,SFF,Puertos,"Puerto de audio con estática, jack dañado","Audio no funcional. Puerto de audio con estática, jack dañado. Reinstalar drivers Realtek/AMD y verificar servicios de audio.",Media,Limpiar puerto con aire comprimido. Verificar drivers del controlador USB.,Reparable,181.78,2.0
1133,Tablet,Huawei,MatePad 11,Gaming,BIOS,BIOS bloqueada con contraseña desconocida,Error de inicialización de BIOS detectado. BIOS bloqueada con contraseña desconocida. Verificar batería CMOS y versión de firmware.,Crítica,"Retroflash de BIOS con programador externo SPI. Si no es posible, reemplazo de placa madre.",En diagnóstico,79.01,11.7
1134,Laptop,HP,ZBook Firefly,Ultrabook,Pantalla,"Bisagra rota daña cable de pantalla, imagen se corta","Fallo en sistema de visualización. Bisagra rota daña cable de pantalla, imagen se corta. Verificar cable flex y controlador de backlight.",Media,Reemplazar cable flex o inverter. Verificar conexión al motherboard.,Reparable,271.8,7.8
1135,Laptop,HP,Omen 16,Gaming,Fuente de Poder,"Voltaje inestable en riel de 12V, componentes fallan","Diagnóstico general: Voltaje inestable en riel de 12V, componentes fallan. Se requiere revisión técnica especializada.",Alta,Reemplazar fuente con certificación adecuada. Verificar potencia necesaria.,En diagnóstico,129.36,20.5
1136,Laptop,Acer,ConceptD 3,Chromebook,Sistema Operativo,"Windows no arranca, BCD corrupto","Diagnóstico general: Windows no arranca, BCD corrupto. Se requiere revisión técnica especializada.",Alta,Reparación de arranque con herramientas de recuperación. SFC y DISM.,Reparable,73.29,6.6
1137,Computadora,HP,OMEN 25L,All-in-One,Pantalla,"Pantalla con imagen residual, burn-in en panel OLED","Display con defecto. Pantalla con imagen residual, burn-in en panel OLED. Reemplazo de panel recomendado si costo es viable.",Alta,Reemplazar panel o componente de backlight. Cotizar reparación vs equipo nuevo.,En diagnóstico,396.17,3.0
1138,Laptop,Lenovo,IdeaPad 3,Workstation,Pantalla,"Pantalla con artefactos coloridos, GPU o panel defectuoso","Pantalla defectuosa. Pantalla con artefactos coloridos, GPU o panel defectuoso. Inspeccionar conexiones y testear con pantalla externa.",Media,Reemplazar cable flex o inverter. Verificar conexión al motherboard.,Garantía vigente,128.81,2.9
1139,Tablet,Apple,iPad Air M1,Gaming,Batería,Batería no detectada por el sistema operativo,Fallo en sistema de alimentación por batería. Batería no detectada por el sistema operativo. Reemplazo de batería necesario.,Alta,Reemplazar batería con original de fabricante. No usar baterías genéricas.,Requiere reemplazo de componente,65.95,14.4
1140,Laptop,HP,ZBook Firefly,2 en 1,RAM,RAM DDR4 no arranca a la velocidad XMP especificada,Fallo de memoria detectado. RAM DDR4 no arranca a la velocidad XMP especificada. Se recomienda reemplazar módulo defectuoso.,Crítica,Reemplazo inmediato de módulo RAM defectuoso. Verificar compatibilidad con placa madre.,Requiere reemplazo de componente,25.96,33.8
1141,Computadora,ASUS,Chromebox 4,Workstation,Puertos,"Puerto SD card no lee tarjetas, slot dañado","Diagnóstico general: Puerto SD card no lee tarjetas, slot dañado. Se requiere revisión técnica especializada.",Alta,Reparar soldadura de puerto dañado. Usar adaptador temporal mientras se repara.,Requiere reemplazo de componente,37.19,21.4
1142,Computadora,Custom/Genérica,PC Economica Ryzen 5,Torre,Disco Duro/SSD,"SSD M.2 no hace contacto, slot dañado","Diagnóstico general: SSD M.2 no hace contacto, slot dañado. Se requiere revisión técnica especializada.",Alta,Respaldar datos y reemplazar disco. Ejecutar recuperación con herramientas especializadas.,Requiere reemplazo de componente,148.19,20.4
1143,Tablet,Microsoft,Surface Pro 10,Educacional,RAM,Error BAD_POOL_HEADER por corrupción de pool de memoria,Diagnóstico general: Error BAD_POOL_HEADER por corrupción de pool de memoria. Se requiere revisión técnica especializada.,Alta,Reemplazar módulo RAM dañado. Probar con módulo nuevo en slot afectado.,En diagnóstico,65.8,21.8
1144,Tablet,Xiaomi,Pad 5 Pro 5G,eReader,Conectividad,"WiFi no enciende, switch físico o función FN dañada","Diagnóstico general: WiFi no enciende, switch físico o función FN dañada. Se requiere revisión técnica especializada.",Alta,Reinstalar drivers. Verificar antenas internas. Reemplazar módulo M.2 si aplica.,Reparable,44.46,22.6
1145,Laptop,MSI,Modern 14,Workstation,Puertos,Puertos USB dan descarga estática al conectar,Fallo en conectividad de puertos. Puertos USB dan descarga estática al conectar. Verificar controlador I/O y soldaduras.,Baja,Usar puerto alternativo. Monitorear funcionamiento del puerto afectado.,En diagnóstico,149.31,2.1
1146,Laptop,Lenovo,ThinkPad T14,Gaming,GPU,"Fan de GPU no gira, temperatura excesiva","Problema de vídeo por GPU. Fan de GPU no gira, temperatura excesiva. Verificar alimentación PCIe y conectores de poder.",Media,Reinstalar drivers con DDU. Verificar temperatura y ventilación de GPU.,En diagnóstico,457.65,4.4
1147,Tablet,Apple,iPad Pro 11 M4,Estándar,Ventilación,"Pasta térmica seca, temperatura CPU sobre 95°C","Diagnóstico general: Pasta térmica seca, temperatura CPU sobre 95°C. Se requiere revisión técnica especializada.",Media,Limpieza de polvo con aire comprimido. Verificar RPM del ventilador.,En diagnóstico,30.62,1.8
1148,Laptop,Toshiba,Dynabook E10,Workstation,GPU,"Fan de GPU no gira, temperatura excesiva","Diagnóstico: Tarjeta gráfica defectuosa. Fan de GPU no gira, temperatura excesiva. Testear con FurMark para reproducir fallo.",Alta,Reflow o reball de GPU. Reemplazar pasta térmica. Verificar alimentación.,Reparable,485.3,21.9
1149,Tablet,Xiaomi,Pad 5,2 en 1,Ventilación,"CPU se sobrecalienta, ventilador no gira","Diagnóstico general: CPU se sobrecalienta, ventilador no gira. Se requiere revisión técnica especializada.",Crítica,Reemplazar disipador y ventilador. Reaplicar pasta térmica de calidad. Limpieza completa.,Fuera de servicio,30.53,32.2
1150,Laptop,Toshiba,Satellite Pro R50,Workstation,Motherboard,"Motherboard con condensadores inflados, inestabilidad","Fallo en placa madre. Motherboard con condensadores inflados, inestabilidad. Evaluar viabilidad de reparación vs reemplazo.",Alta,Reparación especializada de microsoldadura. Reemplazar componentes SMD dañados.,Requiere reemplazo de componente,200.39,7.1
1151,Laptop,MSI,Bravo 15,Gaming,RAM,"Fallo en test de memoria Windows, errores detectados","Diagnóstico general: Fallo en test de memoria Windows, errores detectados. Se requiere revisión técnica especializada.",Media,Limpiar contactos con alcohol isopropílico. Reubicar módulos en slots diferentes.,Garantía vigente,111.04,3.4
1152,Laptop,HP,EliteBook 840,Chromebook,BIOS,"Error ACPI en BIOS, sistema no entra en suspensión","Error de inicialización de BIOS detectado. Error ACPI en BIOS, sistema no entra en suspensión. Verificar batería CMOS y versión de firmware.",Baja,Actualizar BIOS a la última versión disponible. Reemplazar batería CMOS si es necesario.,En diagnóstico,31.17,3.2
1153,Laptop,HP,EliteBook 840,2 en 1,Motherboard,Motherboard con corrosión por líquido derramado,Diagnóstico: Memoria RAM con errores. Motherboard con corrosión por líquido derramado. Ejecutar MemTest86 para confirmar sector dañado.,Baja,Limpieza profunda y rethermal. Verificar conexiones y reseat de componentes.,En diagnóstico,202.34,2.8
1154,Tablet,ASUS,ZenPad Z8s,2 en 1,Motherboard,Circuito de protección de sobretensión activado permanentemente,Diagnóstico general: Circuito de protección de sobretensión activado permanentemente. Se requiere revisión técnica especializada.,Crítica,Reemplazo de placa madre. Evaluar costo vs equipo nuevo. Rescatar componentes reutilizables.,Fuera de servicio,447.32,12.0
1155,Tablet,Xiaomi,Pad 6,2 en 1,Conectividad,"WiFi no enciende, switch físico o función FN dañada","Diagnóstico general: WiFi no enciende, switch físico o función FN dañada. Se requiere revisión técnica especializada.",Media,Actualizar drivers y firmware. Verificar configuración de red.,En diagnóstico,37.38,7.2
1156,Laptop,Huawei,MateBook 14s,Empresarial,Batería,Batería se calienta excesivamente durante la carga,Fallo en sistema de alimentación por batería. Batería se calienta excesivamente durante la carga. Reemplazo de batería necesario.,Media,Calibrar batería siguiendo procedimiento del fabricante. Verificar ciclo de carga.,Reparable,84.46,3.5
1157,Tablet,Samsung,Galaxy Tab S9 FE,Económica,Ventilación,"Heat pipe dañado, calor no se disipa correctamente","Diagnóstico general: Heat pipe dañado, calor no se disipa correctamente. Se requiere revisión técnica especializada.",Alta,Limpiar obstrucciones y reaplicar pasta térmica. Verificar heat pipes.,En diagnóstico,60.2,23.8
1158,Computadora,Apple,iMac 24 M3,All-in-One,RAM,"BSOD PAGE_FAULT_IN_NONPAGED_AREA, fallo en módulo RAM","Error de memoria RAM. BSOD PAGE_FAULT_IN_NONPAGED_AREA, fallo en módulo RAM. Verificar compatibilidad y velocidad de módulos.",Media,Limpiar contactos con alcohol isopropílico. Reubicar módulos en slots diferentes.,En diagnóstico,74.75,5.7
1159,Laptop,Lenovo,IdeaPad 3,Gaming,Motherboard,"VRM de motherboard sobrecalentado, throttling severo","Diagnóstico: Motherboard defectuosa. VRM de motherboard sobrecalentado, throttling severo. Verificar todas las pistas y componentes SMD.",Baja,Limpieza profunda y rethermal. Verificar conexiones y reseat de componentes.,Reparable,283.18,1.5
1160,Laptop,Acer,ConceptD 3,2 en 1,RAM,"Pantalla azul IRQL_NOT_LESS_OR_EQUAL, corrupción en RAM","Fallo de memoria detectado. Pantalla azul IRQL_NOT_LESS_OR_EQUAL, corrupción en RAM. Se recomienda reemplazar módulo defectuoso.",Crítica,Reemplazo inmediato de módulo RAM defectuoso. Verificar compatibilidad con placa madre.,Requiere reemplazo de componente,60.94,6.3
1161,Computadora,HP,ProDesk 600 G6,Workstation,Ventilación,"Ventilador siempre al 100%, sensor de temperatura defectuoso","Diagnóstico general: Ventilador siempre al 100%, sensor de temperatura defectuoso. Se requiere revisión técnica especializada.",Alta,Limpiar obstrucciones y reaplicar pasta térmica. Verificar heat pipes.,Requiere reemplazo de componente,48.15,7.1
1162,Laptop,Dell,Precision 5680,Económica,Motherboard,"VRM de motherboard sobrecalentado, throttling severo","Problema en circuito de motherboard. VRM de motherboard sobrecalentado, throttling severo. Medir voltajes en puntos de test para localizar falla.",Media,Reparar pista o componente específico. Verificar todos los circuitos de alimentación.,Garantía vigente,394.57,6.9
1163,Laptop,HP,Pavilion Gaming 15,Ultrabook,Ventilación,"Heat pipe dañado, calor no se disipa correctamente","Diagnóstico general: Heat pipe dañado, calor no se disipa correctamente. Se requiere revisión técnica especializada.",Alta,Limpiar obstrucciones y reaplicar pasta térmica. Verificar heat pipes.,Reparable,60.41,13.4
1164,Laptop,Apple,MacBook Pro 14 M3 Max,Económica,Motherboard,"Placa madre no enciende, sin luz de power","Diagnóstico general: Placa madre no enciende, sin luz de power. Se requiere revisión técnica especializada.",Baja,Limpieza profunda y rethermal. Verificar conexiones y reseat de componentes.,En diagnóstico,162.34,3.7
1165,Tablet,Microsoft,Surface Pro 9,Económica,BIOS,BIOS legacy no soporta arranque UEFI,Problema de configuración BIOS. BIOS legacy no soporta arranque UEFI. Solución: Reset de configuración y actualización de firmware.,Alta,Flashear BIOS desde USB con método de recuperación del fabricante. Verificar versión actual.,Requiere reemplazo de componente,103.97,4.9
1166,Computadora,MSI,Cubi 5,SFF,Batería,"Batería se descarga muy rápido, capacidad reducida","Diagnóstico: Batería defectuosa. Batería se descarga muy rápido, capacidad reducida. Reemplazar con batería original certificada.",Alta,Reemplazar batería con original de fabricante. No usar baterías genéricas.,Requiere reemplazo de componente,73.15,16.5
1167,Computadora,Gigabyte,AORUS Model S,SFF,Disco Duro/SSD,Partición de recuperación inaccesible en disco,Diagnóstico general: Partición de recuperación inaccesible en disco. Se requiere revisión técnica especializada.,Crítica,Clonar disco inmediatamente si es posible. Reemplazo urgente de unidad. Recuperación de datos profesional.,En diagnóstico,52.49,44.6
1168,Laptop,Toshiba,Portege Z30,Premium,RAM,"Fallo intermitente en slot de RAM, módulo no hace contacto","Diagnóstico: Memoria RAM con errores. Fallo intermitente en slot de RAM, módulo no hace contacto. Ejecutar MemTest86 para confirmar sector dañado.",Crítica,Reemplazo inmediato de módulo RAM defectuoso. Verificar compatibilidad con placa madre.,Fuera de servicio,101.08,9.2
1169,Laptop,ASUS,ZenBook 14,Premium,Batería,"Batería con celda dañada, voltaje desequilibrado","Diagnóstico: Batería defectuosa. Batería con celda dañada, voltaje desequilibrado. Reemplazar con batería original certificada.",Alta,Reemplazar batería con original de fabricante. No usar baterías genéricas.,Requiere reemplazo de componente,47.58,23.1
1170,Tablet,Amazon,Fire HD 10,Profesional,Disco Duro/SSD,"Sistema no arranca, sector de arranque dañado en disco","Diagnóstico general: Sistema no arranca, sector de arranque dañado en disco. Se requiere revisión técnica especializada.",Crítica,Clonar disco inmediatamente si es posible. Reemplazo urgente de unidad. Recuperación de datos profesional.,Requiere reemplazo de componente,76.35,5.6
1171,Computadora,Lenovo,ThinkCentre M90q,Servidor,Batería,"Ciclos de carga excedidos, salud de batería crítica","Batería degradada. Ciclos de carga excedidos, salud de batería crítica. Verificar con diagnóstico de fabricante.",Alta,Reemplazar batería con original de fabricante. No usar baterías genéricas.,Requiere reemplazo de componente,99.98,2.7
1172,Tablet,Apple,iPad Air M2,Profesional,Disco Duro/SSD,"Disco duro con sectores dañados, CHKDSK reporta errores","Diagnóstico general: Disco duro con sectores dañados, CHKDSK reporta errores. Se requiere revisión técnica especializada.",Alta,Respaldar datos y reemplazar disco. Ejecutar recuperación con herramientas especializadas.,Requiere reemplazo de componente,240.53,14.6
1173,Tablet,Xiaomi,Pad 5 Pro 5G,Profesional,Pantalla,"Pantalla parpadea constantemente, inverter defectuoso","Display con defecto. Pantalla parpadea constantemente, inverter defectuoso. Reemplazo de panel recomendado si costo es viable.",Alta,Reemplazar panel o componente de backlight. Cotizar reparación vs equipo nuevo.,Requiere reemplazo de componente,333.22,12.0
1174,Computadora,Gigabyte,B550 Vision D,Micro,GPU,GPU integrada causa parpadeo en pantalla,Problema de display detectado. GPU integrada causa parpadeo en pantalla. Evaluar reemplazo de panel o componentes asociados.,Alta,Reflow o reball de GPU. Reemplazar pasta térmica. Verificar alimentación.,Reparable,382.04,7.7
1175,Computadora,HP,Pavilion Desktop,Torre,Teclado,"Varias teclas no funcionan, daño por líquido derramado","Problema de memoria. Varias teclas no funcionan, daño por líquido derramado. Revisar slots y limpieza de contactos con alcohol isopropílico.",Alta,Reemplazar teclado completo. Verificar si hay daño adicional por líquido.,Reparable,127.56,2.8
1176,Laptop,Samsung,Galaxy Book Go,Económica,Batería,"Batería con celda dañada, voltaje desequilibrado","Batería degradada. Batería con celda dañada, voltaje desequilibrado. Verificar con diagnóstico de fabricante.",Media,Calibrar batería siguiendo procedimiento del fabricante. Verificar ciclo de carga.,Garantía vigente,76.13,5.8
1177,Tablet,Huawei,MatePad Paper,2 en 1,RAM,"BSOD PAGE_FAULT_IN_NONPAGED_AREA, fallo en módulo RAM","Diagnóstico: Memoria RAM con errores. BSOD PAGE_FAULT_IN_NONPAGED_AREA, fallo en módulo RAM. Ejecutar MemTest86 para confirmar sector dañado.",Alta,Reemplazar módulo RAM dañado. Probar con módulo nuevo en slot afectado.,Requiere reemplazo de componente,87.47,12.0
1178,Computadora,Acer,Veriton X2680G,Mini PC,Disco Duro/SSD,"SSD con error de sobretemperatura, throttle de escritura","Diagnóstico general: SSD con error de sobretemperatura, throttle de escritura. Se requiere revisión técnica especializada.",Alta,Respaldar datos y reemplazar disco. Ejecutar recuperación con herramientas especializadas.,Reparable,88.66,17.2
1179,Tablet,Lenovo,Tab M8,2 en 1,Ventilación,"Sistema hace throttle térmico, disipador obstruido","Diagnóstico general: Sistema hace throttle térmico, disipador obstruido. Se requiere revisión técnica especializada.",Baja,Limpieza preventiva y monitoreo de temperaturas. Ajustar curva de ventilador.,En diagnóstico,78.32,2.3
1180,Computadora,Apple,Mac Pro 2023,Torre,RAM,"Beep code 2 pitidos, error de parity check en RAM","Fallo de memoria detectado. Beep code 2 pitidos, error de parity check en RAM. Se recomienda reemplazar módulo defectuoso.",Media,Limpiar contactos con alcohol isopropílico. Reubicar módulos en slots diferentes.,Garantía vigente,29.01,7.5
1181,Tablet,Xiaomi,Pad 5,Económica,RAM,"SODIMM RAM con pines dañados, contacto intermitente","Error de memoria RAM. SODIMM RAM con pines dañados, contacto intermitente. Verificar compatibilidad y velocidad de módulos.",Baja,Ejecutar diagnóstico de memoria extendido. Monitorear en próximos días.,En diagnóstico,94.69,1.0
1182,Laptop,Dell,Inspiron 14 5000,Empresarial,Batería,Batería se calienta excesivamente durante la carga,Batería degradada. Batería se calienta excesivamente durante la carga. Verificar con diagnóstico de fabricante.,Media,Calibrar batería siguiendo procedimiento del fabricante. Verificar ciclo de carga.,Reparable,84.79,7.5
1183,Tablet,Lenovo,Tab P12 Pro,eReader,Motherboard,"Power button connector suelto, motherboard no arranca","Componente de motherboard dañado. Power button connector suelto, motherboard no arranca. Se requiere microsoldadura especializada.",Crítica,Reemplazo de placa madre. Evaluar costo vs equipo nuevo. Rescatar componentes reutilizables.,En diagnóstico,179.57,34.4
1184,Tablet,Amazon,Fire HD 8,Económica,BIOS,"Fan speed no controlado por BIOS, ventilador a máxima velocidad","Fallo en firmware BIOS. Fan speed no controlado por BIOS, ventilador a máxima velocidad. Se recomienda reemplazo de chip BIOS.",Media,Reset de CMOS y reconfiguración de BIOS. Actualizar a última versión estable.,En diagnóstico,85.26,7.9
1185,Computadora,MSI,Cubi 5,Torre,Ventilación,"Heat pipe dañado, calor no se disipa correctamente","Diagnóstico general: Heat pipe dañado, calor no se disipa correctamente. Se requiere revisión técnica especializada.",Alta,Limpiar obstrucciones y reaplicar pasta térmica. Verificar heat pipes.,Requiere reemplazo de componente,62.84,17.6
1186,Laptop,Acer,Aspire 7,Premium,Puertos,"Múltiples puertos USB no funcionan, hub interno dañado","Problema en interfaz de puertos. Múltiples puertos USB no funcionan, hub interno dañado. Probar con dispositivos conocidos como buenos.",Media,Limpiar puerto con aire comprimido. Verificar drivers del controlador USB.,En diagnóstico,187.81,6.6
1187,Computadora,HP,EliteDesk 800 G8,All-in-One,Conectividad,"WiFi no enciende, switch físico o función FN dañada","Diagnóstico general: WiFi no enciende, switch físico o función FN dañada. Se requiere revisión técnica especializada.",Baja,Resetear adaptador de red. Olvidar y reconectar redes WiFi.,Garantía vigente,67.21,2.4
1188,Computadora,HP,Z4 G5 Workstation,Torre,BIOS,"Boot device not found, BIOS no lista ningún dispositivo arrancable","Fallo en firmware BIOS. Boot device not found, BIOS no lista ningún dispositivo arrancable. Se recomienda reemplazo de chip BIOS.",Alta,Flashear BIOS desde USB con método de recuperación del fabricante. Verificar versión actual.,En diagnóstico,35.84,20.1
1189,Computadora,MSI,Infinite RS 13th,Workstation,RAM,"Beep code 2 pitidos, error de parity check en RAM","Diagnóstico: Memoria RAM con errores. Beep code 2 pitidos, error de parity check en RAM. Ejecutar MemTest86 para confirmar sector dañado.",Media,Limpiar contactos con alcohol isopropílico. Reubicar módulos en slots diferentes.,Garantía vigente,39.24,3.3
1190,Computadora,Gigabyte,B550 Vision D,Mini PC,RAM,Sistema no arranca con los dos módulos RAM instalados,Error de memoria RAM. Sistema no arranca con los dos módulos RAM instalados. Verificar compatibilidad y velocidad de módulos.,Alta,Reemplazar módulo RAM dañado. Probar con módulo nuevo en slot afectado.,Reparable,38.19,12.5
1191,Computadora,Acer,Chromebox CXI5,Servidor,RAM,RAM DDR4 no arranca a la velocidad XMP especificada,Diagnóstico: Memoria RAM con errores. RAM DDR4 no arranca a la velocidad XMP especificada. Ejecutar MemTest86 para confirmar sector dañado.,Media,Limpiar contactos con alcohol isopropílico. Reubicar módulos en slots diferentes.,En diagnóstico,73.31,6.5
1192,Computadora,Acer,Aspire TC,Workstation,BIOS,"BIOS muestra pantalla de error al iniciar, sector de arranque dañado","Diagnóstico: Corrupción de BIOS. BIOS muestra pantalla de error al iniciar, sector de arranque dañado. Procedimiento: Reflashing con método de recuperación del fabricante.",Baja,Actualizar BIOS a la última versión disponible. Reemplazar batería CMOS si es necesario.,En diagnóstico,106.54,2.5
1193,Tablet,Huawei,MatePad 11.5 S,Estándar,GPU,"Artefactos gráficos en pantalla, memoria VRAM dañada","Diagnóstico: Memoria RAM con errores. Artefactos gráficos en pantalla, memoria VRAM dañada. Ejecutar MemTest86 para confirmar sector dañado.",Baja,Actualizar drivers de GPU. Ajustar configuración de rendimiento.,Garantía vigente,247.18,1.7
1194,Computadora,Lenovo,ThinkCentre M90q,Micro,Motherboard,"Fan header dañado, ventilador no gira","Diagnóstico general: Fan header dañado, ventilador no gira. Se requiere revisión técnica especializada.",Baja,Limpieza profunda y rethermal. Verificar conexiones y reseat de componentes.,En diagnóstico,380.49,1.5
1195,Computadora,HP,OMEN 25L,Torre,Fuente de Poder,"PC no arranca, protección de sobrecorriente activada","Diagnóstico general: PC no arranca, protección de sobrecorriente activada. Se requiere revisión técnica especializada.",Baja,Monitorear voltajes. Considerar reemplazo preventivo.,Reparable,119.18,3.7
1196,Computadora,Gigabyte,B550 Vision D,Mini PC,GPU,"Fan de GPU no gira, temperatura excesiva","Fallo en procesador gráfico. Fan de GPU no gira, temperatura excesiva. Verificar temperatura y reflow si es BGA.",Media,Reinstalar drivers con DDU. Verificar temperatura y ventilación de GPU.,Garantía vigente,281.27,5.2
1197,Tablet,Microsoft,Surface Pro 8,Estándar,RAM,Memoria insufficient al abrir aplicaciones pesadas,Diagnóstico general: Memoria insufficient al abrir aplicaciones pesadas. Se requiere revisión técnica especializada.,Crítica,Reemplazo inmediato de módulo RAM defectuoso. Verificar compatibilidad con placa madre.,Requiere reemplazo de componente,44.27,21.4
1198,Computadora,Custom/Genérica,PC Oficina i5-12400,SFF,Disco Duro/SSD,"SSD M.2 no hace contacto, slot dañado","Diagnóstico general: SSD M.2 no hace contacto, slot dañado. Se requiere revisión técnica especializada.",Alta,Respaldar datos y reemplazar disco. Ejecutar recuperación con herramientas especializadas.,Reparable,46.12,15.0
1199,Laptop,Huawei,MateBook D15,Económica,Batería,"Batería con celda dañada, voltaje desequilibrado","Batería degradada. Batería con celda dañada, voltaje desequilibrado. Verificar con diagnóstico de fabricante.",Alta,Reemplazar batería con original de fabricante. No usar baterías genéricas.,En diagnóstico,67.75,9.7
1200,Laptop,Acer,Nitro 5,Chromebook,Fuente de Poder,Ruido de bobina en fuente bajo carga pesada,Diagnóstico general: Ruido de bobina en fuente bajo carga pesada. Se requiere revisión técnica especializada.,Alta,Reemplazar fuente con certificación adecuada. Verificar potencia necesaria.,Requiere reemplazo de componente,107.61,15.5
1201,Tablet,Samsung,Galaxy Tab A9,Educacional,BIOS,"BIOS emite 3 pitidos largos, error de memoria base","Diagnóstico: Corrupción de BIOS. BIOS emite 3 pitidos largos, error de memoria base. Procedimiento: Reflashing con método de recuperación del fabricante.",Media,Reset de CMOS y reconfiguración de BIOS. Actualizar a última versión estable.,En diagnóstico,54.82,2.0
1202,Computadora,Custom/Genérica,PC Oficina i5-12400,Servidor,RAM,"Aplicaciones se cierran solas, RAM con sectores defectuosos","Problema de memoria. Aplicaciones se cierran solas, RAM con sectores defectuosos. Revisar slots y limpieza de contactos con alcohol isopropílico.",Crítica,Reemplazo inmediato de módulo RAM defectuoso. Verificar compatibilidad con placa madre.,Requiere reemplazo de componente,86.16,25.9
1203,Computadora,HP,HP 290 G9,Mini PC,Batería,"Laptop se apaga al desconectar el cargador, batería muerta","Fallo en sistema de alimentación por batería. Laptop se apaga al desconectar el cargador, batería muerta. Reemplazo de batería necesario.",Alta,Reemplazar batería con original de fabricante. No usar baterías genéricas.,Requiere reemplazo de componente,64.39,20.2
1204,Tablet,Amazon,Fire 7,Profesional,Motherboard,"PCIe slot dañado, tarjeta gráfica no detectada","Diagnóstico general: PCIe slot dañado, tarjeta gráfica no detectada. Se requiere revisión técnica especializada.",Alta,Reparación especializada de microsoldadura. Reemplazar componentes SMD dañados.,Reparable,126.99,20.8
1205,Tablet,Xiaomi,Pad 5,2 en 1,Motherboard,Motherboard con corrosión por líquido derramado,Fallo de memoria detectado. Motherboard con corrosión por líquido derramado. Se recomienda reemplazar módulo defectuoso.,Crítica,Reemplazo de placa madre. Evaluar costo vs equipo nuevo. Rescatar componentes reutilizables.,Fuera de servicio,467.21,38.2
1206,Computadora,Dell,Precision 3650,SFF,GPU,"Driver de GPU no instala, hardware no compatible","GPU fallida. Driver de GPU no instala, hardware no compatible. Si es integrada, motherboard necesita reemplazo.",Media,Reinstalar drivers con DDU. Verificar temperatura y ventilación de GPU.,Garantía vigente,276.17,6.0
1207,Laptop,Huawei,MateBook 14s,2 en 1,Ventilación,"Sistema hace throttle térmico, disipador obstruido","Diagnóstico general: Sistema hace throttle térmico, disipador obstruido. Se requiere revisión técnica especializada.",Baja,Limpieza preventiva y monitoreo de temperaturas. Ajustar curva de ventilador.,Garantía vigente,55.36,1.9
1208,Tablet,Huawei,MatePad Pro 12.6,Educacional,Motherboard,"Filtro de EMI dañado, interferencia en audio/video","Fallo en sistema de audio. Filtro de EMI dañado, interferencia en audio/video. Verificar controlador y hardware.",Media,Reparar pista o componente específico. Verificar todos los circuitos de alimentación.,En diagnóstico,136.8,3.0
1209,Laptop,Lenovo,ThinkBook 15,Gaming,Ventilación,"Ventilador vibra anormalmente, aspas desbalanceadas","Diagnóstico general: Ventilador vibra anormalmente, aspas desbalanceadas. Se requiere revisión técnica especializada.",Alta,Limpiar obstrucciones y reaplicar pasta térmica. Verificar heat pipes.,Reparable,65.61,11.8
1210,Laptop,Lenovo,IdeaPad Gaming 3,2 en 1,Batería,Batería no suministra energía suficiente bajo carga,Diagnóstico: Batería defectuosa. Batería no suministra energía suficiente bajo carga. Reemplazar con batería original certificada.,Media,Calibrar batería siguiendo procedimiento del fabricante. Verificar ciclo de carga.,Garantía vigente,45.14,1.7
1211,Computadora,Apple,Mac Studio M2 Max,All-in-One,Batería,"Batería no carga al 100%, se detiene en 80%","Batería degradada. Batería no carga al 100%, se detiene en 80%. Verificar con diagnóstico de fabricante.",Media,Calibrar batería siguiendo procedimiento del fabricante. Verificar ciclo de carga.,Reparable,94.39,7.4
1212,Computadora,Huawei,MateStation X,Torre,RAM,Error de memoria al instalar nuevo módulo RAM,Fallo de memoria detectado. Error de memoria al instalar nuevo módulo RAM. Se recomienda reemplazar módulo defectuoso.,Media,Limpiar contactos con alcohol isopropílico. Reubicar módulos en slots diferentes.,En diagnóstico,71.93,3.0
1213,Laptop,Samsung,Galaxy Book2 Pro,Workstation,Disco Duro/SSD,SMART warning: Reallocated Sector Count excedido,Diagnóstico general: SMART warning: Reallocated Sector Count excedido. Se requiere revisión técnica especializada.,Baja,Ejecutar optimización de disco. Liberar espacio en SSD para mejorar rendimiento.,Reparable,138.38,2.0
1214,Laptop,Lenovo,Legion 5,Gaming,RAM,Error MEMORY_READ_EXCEPTION en tareas pesadas,Diagnóstico general: Error MEMORY_READ_EXCEPTION en tareas pesadas. Se requiere revisión técnica especializada.,Alta,Reemplazar módulo RAM dañado. Probar con módulo nuevo en slot afectado.,Requiere reemplazo de componente,111.81,3.8
1215,Computadora,Huawei,MateStation S,SFF,Teclado,"Tecla Enter no funciona, membrana dañada","Diagnóstico general: Tecla Enter no funciona, membrana dañada. Se requiere revisión técnica especializada.",Media,Limpiar contacto de teclas afectadas. Verificar flex de conexión.,Reparable,124.9,6.1
1216,Computadora,Custom/Genérica,PC Economica Ryzen 5,All-in-One,Conectividad,"WiFi no detecta redes, adaptador inalámbrico dañado","Diagnóstico general: WiFi no detecta redes, adaptador inalámbrico dañado. Se requiere revisión técnica especializada.",Alta,Reinstalar drivers. Verificar antenas internas. Reemplazar módulo M.2 si aplica.,Reparable,65.17,13.9
1217,Laptop,Huawei,MateBook D15,Chromebook,Batería,"Ciclos de carga excedidos, salud de batería crítica","Fallo en sistema de alimentación por batería. Ciclos de carga excedidos, salud de batería crítica. Reemplazo de batería necesario.",Alta,Reemplazar batería con original de fabricante. No usar baterías genéricas.,Reparable,121.37,16.4
1218,Laptop,Huawei,MateBook X Pro,2 en 1,RAM,"Sistema lento, RAM al 100% con pocas aplicaciones abiertas","Problema de memoria. Sistema lento, RAM al 100% con pocas aplicaciones abiertas. Revisar slots y limpieza de contactos con alcohol isopropílico.",Media,Limpiar contactos con alcohol isopropílico. Reubicar módulos en slots diferentes.,Garantía vigente,94.59,4.4
1219,Laptop,ASUS,VivoBook 15,Chromebook,Fuente de Poder,"Fuente se apaga después de 10 minutos, sobrecalentamiento","Diagnóstico general: Fuente se apaga después de 10 minutos, sobrecalentamiento. Se requiere revisión técnica especializada.",Crítica,Reemplazo inmediato de fuente. No intentar reparar por riesgo eléctrico.,En diagnóstico,139.2,5.0
1220,Laptop,Acer,Aspire 5,Empresarial,Fuente de Poder,Ruido de bobina en fuente bajo carga pesada,Diagnóstico general: Ruido de bobina en fuente bajo carga pesada. Se requiere revisión técnica especializada.,Alta,Reemplazar fuente con certificación adecuada. Verificar potencia necesaria.,Requiere reemplazo de componente,99.33,12.4
1221,Computadora,Acer,Nitro 50,Mini PC,RAM,"Fallo intermitente en slot de RAM, módulo no hace contacto","Error de memoria RAM. Fallo intermitente en slot de RAM, módulo no hace contacto. Verificar compatibilidad y velocidad de módulos.",Alta,Reemplazar módulo RAM dañado. Probar con módulo nuevo en slot afectado.,Requiere reemplazo de componente,96.83,8.0
1222,Tablet,Xiaomi,Pad 6,Económica,Disco Duro/SSD,"Disco se desconecta aleatoriamente, cable SATA defectuoso","Diagnóstico general: Disco se desconecta aleatoriamente, cable SATA defectuoso. Se requiere revisión técnica especializada.",Media,Ejecutar CHKDSK y reparación de sectores. Monitorear SMART diariamente.,En diagnóstico,152.17,4.0
1223,Laptop,Huawei,MateBook D15,Empresarial,Pantalla,"Backlight no enciende, pantalla muy oscura","Fallo en sistema de visualización. Backlight no enciende, pantalla muy oscura. Verificar cable flex y controlador de backlight.",Alta,Reemplazar panel o componente de backlight. Cotizar reparación vs equipo nuevo.,Requiere reemplazo de componente,61.28,9.4
1224,Laptop,Toshiba,Dynabook E10,Gaming,Disco Duro/SSD,"Disco lento, tiempos de lectura excesivos y errores SMART","Diagnóstico general: Disco lento, tiempos de lectura excesivos y errores SMART. Se requiere revisión técnica especializada.",Media,Ejecutar CHKDSK y reparación de sectores. Monitorear SMART diariamente.,En diagnóstico,165.31,5.6
1225,Laptop,ASUS,ProArt StudioBook,Chromebook,GPU,GPU integrada causa parpadeo en pantalla,Pantalla defectuosa. GPU integrada causa parpadeo en pantalla. Inspeccionar conexiones y testear con pantalla externa.,Alta,Reflow o reball de GPU. Reemplazar pasta térmica. Verificar alimentación.,Requiere reemplazo de componente,354.62,5.8
1226,Laptop,Lenovo,ThinkBook 15,Premium,RAM,Error BAD_POOL_HEADER por corrupción de pool de memoria,Diagnóstico general: Error BAD_POOL_HEADER por corrupción de pool de memoria. Se requiere revisión técnica especializada.,Media,Limpiar contactos con alcohol isopropílico. Reubicar módulos en slots diferentes.,En diagnóstico,26.27,5.6
1227,Laptop,MSI,GF63 Thin,Gaming,RAM,"RAM no detectada, sistema muestra menos memoria de la instalada","Problema de memoria. RAM no detectada, sistema muestra menos memoria de la instalada. Revisar slots y limpieza de contactos con alcohol isopropílico.",Alta,Reemplazar módulo RAM dañado. Probar con módulo nuevo en slot afectado.,En diagnóstico,45.51,21.0
1228,Laptop,Acer,ConceptD 3,2 en 1,Conectividad,"Conexión WiFi se cae constantemente, driver inestable","Diagnóstico general: Conexión WiFi se cae constantemente, driver inestable. Se requiere revisión técnica especializada.",Media,Actualizar drivers y firmware. Verificar configuración de red.,En diagnóstico,49.77,3.7
1229,Computadora,Acer,Aspire XC,All-in-One,Motherboard,"VRM de motherboard sobrecalentado, throttling severo","Fallo en placa madre. VRM de motherboard sobrecalentado, throttling severo. Evaluar viabilidad de reparación vs reemplazo.",Media,Reparar pista o componente específico. Verificar todos los circuitos de alimentación.,Garantía vigente,142.99,5.0
1230,Computadora,Huawei,MateStation X,Mini PC,Disco Duro/SSD,"SSD con error de sobretemperatura, throttle de escritura","Diagnóstico general: SSD con error de sobretemperatura, throttle de escritura. Se requiere revisión técnica especializada.",Baja,Ejecutar optimización de disco. Liberar espacio en SSD para mejorar rendimiento.,Reparable,100.51,0.7
1231,Laptop,Lenovo,Legion 5,Gaming,GPU,GPU no detectada en Administrador de dispositivos,Problema de vídeo por GPU. GPU no detectada en Administrador de dispositivos. Verificar alimentación PCIe y conectores de poder.,Baja,Actualizar drivers de GPU. Ajustar configuración de rendimiento.,En diagnóstico,598.48,3.0
1232,Laptop,Huawei,MateBook D15,Económica,BIOS,"Actualización de BIOS fallida, sistema no arranca","Error de inicialización de BIOS detectado. Actualización de BIOS fallida, sistema no arranca. Verificar batería CMOS y versión de firmware.",Alta,Flashear BIOS desde USB con método de recuperación del fabricante. Verificar versión actual.,Reparable,136.02,17.9
1233,Computadora,Huawei,MateStation X,Workstation,Disco Duro/SSD,"Disco muestra capacidad incorrecta, tabla de particiones dañada","Diagnóstico general: Disco muestra capacidad incorrecta, tabla de particiones dañada. Se requiere revisión técnica especializada.",Crítica,Clonar disco inmediatamente si es posible. Reemplazo urgente de unidad. Recuperación de datos profesional.,Requiere reemplazo de componente,138.57,12.9
1234,Computadora,Custom/Genérica,PC Economica Ryzen 5,Gaming,Disco Duro/SSD,"SSD no detectado en BIOS, controlador NVMe dañado","Fallo en firmware BIOS. SSD no detectado en BIOS, controlador NVMe dañado. Se recomienda reemplazo de chip BIOS.",Media,Ejecutar CHKDSK y reparación de sectores. Monitorear SMART diariamente.,Reparable,87.53,1.7
1235,Laptop,Apple,MacBook Pro 13 M2,Ultrabook,GPU,GPU no detectada en Administrador de dispositivos,Problema de vídeo por GPU. GPU no detectada en Administrador de dispositivos. Verificar alimentación PCIe y conectores de poder.,Media,Reinstalar drivers con DDU. Verificar temperatura y ventilación de GPU.,Garantía vigente,212.77,4.5
1236,Laptop,Huawei,MateBook D15,Económica,Pantalla,"Pantalla con ghosting, retardo de respuesta del panel","Pantalla defectuosa. Pantalla con ghosting, retardo de respuesta del panel. Inspeccionar conexiones y testear con pantalla externa.",Baja,Calibrar pantalla y actualizar driver de vídeo. Ajustar perfil de color.,En diagnóstico,169.1,3.7
1237,Computadora,Huawei,MateStation B515,Gaming,Puertos,"Puerto SD card no lee tarjetas, slot dañado","Diagnóstico general: Puerto SD card no lee tarjetas, slot dañado. Se requiere revisión técnica especializada.",Baja,Usar puerto alternativo. Monitorear funcionamiento del puerto afectado.,Garantía vigente,45.44,3.3
1238,Laptop,HP,Envy 13,Workstation,Disco Duro/SSD,"Disco duro con PCB quemada, no recibe alimentación","Diagnóstico general: Disco duro con PCB quemada, no recibe alimentación. Se requiere revisión técnica especializada.",Media,Ejecutar CHKDSK y reparación de sectores. Monitorear SMART diariamente.,Reparable,183.08,4.7
1239,Laptop,MSI,Katana 15,Chromebook,Ventilación,"Ventilador no arranca al encender, motor quemado","Diagnóstico general: Ventilador no arranca al encender, motor quemado. Se requiere revisión técnica especializada.",Media,Limpieza de polvo con aire comprimido. Verificar RPM del ventilador.,Reparable,15.16,2.0
1240,Laptop,ASUS,ZenBook 14,Ultrabook,Conectividad,"Velocidad WiFi muy lenta, antena interna dañada","Diagnóstico general: Velocidad WiFi muy lenta, antena interna dañada. Se requiere revisión técnica especializada.",Alta,Reinstalar drivers. Verificar antenas internas. Reemplazar módulo M.2 si aplica.,Requiere reemplazo de componente,16.23,12.3
1241,Laptop,Apple,MacBook Pro 14 M3,Gaming,Disco Duro/SSD,"SSD con vida útil agotada, escrituras fallidas","Diagnóstico general: SSD con vida útil agotada, escrituras fallidas. Se requiere revisión técnica especializada.",Crítica,Clonar disco inmediatamente si es posible. Reemplazo urgente de unidad. Recuperación de datos profesional.,Requiere reemplazo de componente,187.65,9.1
1242,Tablet,Amazon,Fire HD 10,Educacional,Ventilación,"Ventilador siempre al 100%, sensor de temperatura defectuoso","Diagnóstico general: Ventilador siempre al 100%, sensor de temperatura defectuoso. Se requiere revisión técnica especializada.",Media,Limpieza de polvo con aire comprimido. Verificar RPM del ventilador.,Reparable,38.7,3.9
1243,Computadora,MSI,Infinite RS 13th,SFF,Motherboard,Circuito de protección de sobretensión activado permanentemente,Diagnóstico general: Circuito de protección de sobretensión activado permanentemente. Se requiere revisión técnica especializada.,Crítica,Reemplazo de placa madre. Evaluar costo vs equipo nuevo. Rescatar componentes reutilizables.,Fuera de servicio,410.93,18.8
1244,Tablet,Amazon,Fire 7,Educacional,RAM,"SODIMM RAM con pines dañados, contacto intermitente","Diagnóstico: Memoria RAM con errores. SODIMM RAM con pines dañados, contacto intermitente. Ejecutar MemTest86 para confirmar sector dañado.",Alta,Reemplazar módulo RAM dañado. Probar con módulo nuevo en slot afectado.,Reparable,105.55,11.3
1245,Tablet,Samsung,Galaxy Tab A8,Educacional,Teclado,Tecla espacio no responde en zona central,Diagnóstico general: Tecla espacio no responde en zona central. Se requiere revisión técnica especializada.,Media,Limpiar contacto de teclas afectadas. Verificar flex de conexión.,Reparable,113.04,3.5
1246,Tablet,Xiaomi,Pad 5 Pro 5G,eReader,GPU,GPU integrada causa parpadeo en pantalla,Fallo en sistema de visualización. GPU integrada causa parpadeo en pantalla. Verificar cable flex y controlador de backlight.,Media,Reinstalar drivers con DDU. Verificar temperatura y ventilación de GPU.,Reparable,572.69,1.2
1247,Laptop,ASUS,Chromebook CX1,Empresarial,Motherboard,"No hay vídeo, GPU integrada de motherboard fallida","Diagnóstico: Motherboard defectuosa. No hay vídeo, GPU integrada de motherboard fallida. Verificar todas las pistas y componentes SMD.",Media,Reparar pista o componente específico. Verificar todos los circuitos de alimentación.,Garantía vigente,440.95,3.4
1248,Computadora,Custom/Genérica,PC Oficina i5-12400,Workstation,Disco Duro/SSD,Disco muestra advertencia de fallo inminente,Diagnóstico general: Disco muestra advertencia de fallo inminente. Se requiere revisión técnica especializada.,Media,Ejecutar CHKDSK y reparación de sectores. Monitorear SMART diariamente.,Garantía vigente,59.58,3.8
1249,Computadora,HP,OMEN 25L,Mini PC,GPU,"Pantalla azul VIDEO_TDR_FAILURE, GPU dedicada fallida","Fallo en sistema de visualización. Pantalla azul VIDEO_TDR_FAILURE, GPU dedicada fallida. Verificar cable flex y controlador de backlight.",Crítica,"Reemplazo de GPU dedicada. Si es integrada, reemplazo de motherboard.",Requiere reemplazo de componente,486.12,28.5
1250,Computadora,Dell,Alienware Aurora R16,Mini PC,Motherboard,"Power button connector suelto, motherboard no arranca","Problema en circuito de motherboard. Power button connector suelto, motherboard no arranca. Medir voltajes en puntos de test para localizar falla.",Alta,Reparación especializada de microsoldadura. Reemplazar componentes SMD dañados.,Requiere reemplazo de componente,340.6,16.2
1251,Computadora,Dell,Alienware Aurora R16,All-in-One,Disco Duro/SSD,SSD con escritura lenta después de 80% de capacidad,Diagnóstico general: SSD con escritura lenta después de 80% de capacidad. Se requiere revisión técnica especializada.,Alta,Respaldar datos y reemplazar disco. Ejecutar recuperación con herramientas especializadas.,En diagnóstico,71.81,23.8
1252,Computadora,Custom/Genérica,PC Oficina i5-12400,All-in-One,Motherboard,"Chip de audio dañado en motherboard, sin sonido","Diagnóstico: Motherboard defectuosa. Chip de audio dañado en motherboard, sin sonido. Verificar todas las pistas y componentes SMD.",Baja,Limpieza profunda y rethermal. Verificar conexiones y reseat de componentes.,Reparable,180.36,2.7
1253,Laptop,MSI,Bravo 15,Empresarial,Pantalla,"Pantalla parpadea constantemente, inverter defectuoso","Problema de display detectado. Pantalla parpadea constantemente, inverter defectuoso. Evaluar reemplazo de panel o componentes asociados.",Baja,Calibrar pantalla y actualizar driver de vídeo. Ajustar perfil de color.,Reparable,338.29,0.9
1254,Computadora,Custom/Genérica,PC Workstation Xeon,Micro,Motherboard,BIOS chip dañado físicamente en la motherboard,Fallo en firmware BIOS. BIOS chip dañado físicamente en la motherboard. Se recomienda reemplazo de chip BIOS.,Crítica,Reemplazo de placa madre. Evaluar costo vs equipo nuevo. Rescatar componentes reutilizables.,Requiere reemplazo de componente,286.57,5.8
1255,Tablet,ASUS,ZenPad Z8s,2 en 1,Disco Duro/SSD,SSD con escritura lenta después de 80% de capacidad,Diagnóstico general: SSD con escritura lenta después de 80% de capacidad. Se requiere revisión técnica especializada.,Crítica,Clonar disco inmediatamente si es posible. Reemplazo urgente de unidad. Recuperación de datos profesional.,En diagnóstico,162.47,21.6
1256,Computadora,Custom/Genérica,PC Economica Ryzen 5,Servidor,Puertos,"Puerto Ethernet no detecta cable, LED no enciende","Diagnóstico general: Puerto Ethernet no detecta cable, LED no enciende. Se requiere revisión técnica especializada.",Baja,Usar puerto alternativo. Monitorear funcionamiento del puerto afectado.,Reparable,132.9,1.9
1257,Computadora,Apple,Mac Pro 2023,Torre,Ventilación,"Pasta térmica seca, temperatura CPU sobre 95°C","Diagnóstico general: Pasta térmica seca, temperatura CPU sobre 95°C. Se requiere revisión técnica especializada.",Baja,Limpieza preventiva y monitoreo de temperaturas. Ajustar curva de ventilador.,En diagnóstico,33.02,1.1
1258,Laptop,Samsung,Galaxy Book Go,Empresarial,Disco Duro/SSD,"Disco muestra capacidad incorrecta, tabla de particiones dañada","Diagnóstico general: Disco muestra capacidad incorrecta, tabla de particiones dañada. Se requiere revisión técnica especializada.",Alta,Respaldar datos y reemplazar disco. Ejecutar recuperación con herramientas especializadas.,En diagnóstico,60.75,9.1
1259,Tablet,ASUS,ZenPad Z8s,Educacional,Pantalla,"Bisagra rota daña cable de pantalla, imagen se corta","Pantalla defectuosa. Bisagra rota daña cable de pantalla, imagen se corta. Inspeccionar conexiones y testear con pantalla externa.",Media,Reemplazar cable flex o inverter. Verificar conexión al motherboard.,En diagnóstico,217.11,3.1
1260,Computadora,Dell,Vostro 3710,All-in-One,RAM,RAM no se inicializa al arrancar en frío,Problema de memoria. RAM no se inicializa al arrancar en frío. Revisar slots y limpieza de contactos con alcohol isopropílico.,Baja,Ejecutar diagnóstico de memoria extendido. Monitorear en próximos días.,Reparable,54.71,2.2
1261,Tablet,ASUS,ZenPad Z8s,Gaming,Motherboard,"Placa madre no enciende, sin luz de power","Diagnóstico general: Placa madre no enciende, sin luz de power. Se requiere revisión técnica especializada.",Media,Reparar pista o componente específico. Verificar todos los circuitos de alimentación.,Reparable,427.93,1.7
1262,Tablet,Huawei,MatePad Pro 12.6,Estándar,Batería,"Batería no carga al 100%, se detiene en 80%","Problema de energía de batería. Batería no carga al 100%, se detiene en 80%. Evaluar seguridad de uso continuo.",Media,Calibrar batería siguiendo procedimiento del fabricante. Verificar ciclo de carga.,Garantía vigente,70.9,1.5
1263,Computadora,Dell,Vostro 3710,SFF,RAM,"Pantalla azul IRQL_NOT_LESS_OR_EQUAL, corrupción en RAM","Fallo de memoria detectado. Pantalla azul IRQL_NOT_LESS_OR_EQUAL, corrupción en RAM. Se recomienda reemplazar módulo defectuoso.",Baja,Ejecutar diagnóstico de memoria extendido. Monitorear en próximos días.,Garantía vigente,83.72,2.4
1264,Computadora,Lenovo,Legion Tower 5i,SFF,Disco Duro/SSD,"Sistema no arranca, sector de arranque dañado en disco","Diagnóstico general: Sistema no arranca, sector de arranque dañado en disco. Se requiere revisión técnica especializada.",Alta,Respaldar datos y reemplazar disco. Ejecutar recuperación con herramientas especializadas.,En diagnóstico,76.98,7.1
1265,Computadora,ASUS,ExpertCenter D5,Mini PC,Fuente de Poder,"Voltaje de 5V fuera de especificación, USB inestable","Diagnóstico general: Voltaje de 5V fuera de especificación, USB inestable. Se requiere revisión técnica especializada.",Alta,Reemplazar fuente con certificación adecuada. Verificar potencia necesaria.,Requiere reemplazo de componente,142.79,12.0
1266,Computadora,HP,Z4 G5 Workstation,Torre,Motherboard,"Placa madre no enciende, sin luz de power","Diagnóstico general: Placa madre no enciende, sin luz de power. Se requiere revisión técnica especializada.",Baja,Limpieza profunda y rethermal. Verificar conexiones y reseat de componentes.,Reparable,244.7,2.9
1267,Laptop,Apple,MacBook Air M2,Workstation,RAM,"Pantalla azul IRQL_NOT_LESS_OR_EQUAL, corrupción en RAM","Fallo de memoria detectado. Pantalla azul IRQL_NOT_LESS_OR_EQUAL, corrupción en RAM. Se recomienda reemplazar módulo defectuoso.",Media,Limpiar contactos con alcohol isopropílico. Reubicar módulos en slots diferentes.,En diagnóstico,30.99,1.8
1268,Computadora,Gigabyte,Aero D1 Desktop,All-in-One,Motherboard,Conector de pantalla dañado en motherboard de laptop,Problema en circuito de motherboard. Conector de pantalla dañado en motherboard de laptop. Medir voltajes en puntos de test para localizar falla.,Media,Reparar pista o componente específico. Verificar todos los circuitos de alimentación.,En diagnóstico,468.85,4.5
1269,Laptop,MSI,Modern 14,2 en 1,RAM,RAM causa corrupción de archivos en disco,Inestabilidad por RAM defectuosa. RAM causa corrupción de archivos en disco. Probar módulos individualmente para aislar el dañado.,Media,Limpiar contactos con alcohol isopropílico. Reubicar módulos en slots diferentes.,Reparable,50.58,2.2
1270,Laptop,ASUS,VivoBook S14,Workstation,GPU,"Cuelgues al usar aplicaciones 3D, GPU sobrecalentada","Diagnóstico: Tarjeta gráfica defectuosa. Cuelgues al usar aplicaciones 3D, GPU sobrecalentada. Testear con FurMark para reproducir fallo.",Alta,Reflow o reball de GPU. Reemplazar pasta térmica. Verificar alimentación.,En diagnóstico,110.86,21.3
1271,Laptop,Apple,MacBook Pro 16 M3 Pro,Chromebook,Sistema Operativo,"Kernel panic en macOS, extensión incompatible","Diagnóstico general: Kernel panic en macOS, extensión incompatible. Se requiere revisión técnica especializada.",Media,Restaurar sistema a punto anterior. Eliminar software problemático.,Reparable,26.73,7.0
1272,Computadora,Lenovo,ThinkCentre M90q,Servidor,GPU,"Error CODE 43 en GPU, Windows deshabilitó el dispositivo","GPU fallida. Error CODE 43 en GPU, Windows deshabilitó el dispositivo. Si es integrada, motherboard necesita reemplazo.",Media,Reinstalar drivers con DDU. Verificar temperatura y ventilación de GPU.,Reparable,190.42,6.9
1273,Computadora,Dell,Precision 3650,Workstation,Puertos,Puertos USB dan descarga estática al conectar,Problema en interfaz de puertos. Puertos USB dan descarga estática al conectar. Probar con dispositivos conocidos como buenos.,Baja,Usar puerto alternativo. Monitorear funcionamiento del puerto afectado.,Reparable,151.56,2.8
1274,Laptop,HP,Pavilion 15,Empresarial,Batería,"Laptop se apaga al desconectar el cargador, batería muerta","Fallo en sistema de alimentación por batería. Laptop se apaga al desconectar el cargador, batería muerta. Reemplazo de batería necesario.",Baja,Reemplazar batería cuando sea conveniente. Funciona con limitaciones.,En diagnóstico,141.14,1.2
1275,Laptop,ASUS,ZenBook Pro 16,Económica,Disco Duro/SSD,"Sistema no arranca, sector de arranque dañado en disco","Diagnóstico general: Sistema no arranca, sector de arranque dañado en disco. Se requiere revisión técnica especializada.",Alta,Respaldar datos y reemplazar disco. Ejecutar recuperación con herramientas especializadas.,Requiere reemplazo de componente,158.52,20.4
1276,Laptop,Dell,XPS 15,Chromebook,Pantalla,"Flex de pantalla dañado, imagen intermitente","Diagnóstico: Panel o componentes de pantalla dañados. Flex de pantalla dañado, imagen intermitente. Probar con monitor externo para descartar GPU.",Media,Reemplazar cable flex o inverter. Verificar conexión al motherboard.,Garantía vigente,394.74,6.8
1277,Computadora,HP,ProDesk 600 G6,Gaming,Batería,"Advertencia de batería genuina, chip de autenticación dañado","Problema de energía de batería. Advertencia de batería genuina, chip de autenticación dañado. Evaluar seguridad de uso continuo.",Media,Calibrar batería siguiendo procedimiento del fabricante. Verificar ciclo de carga.,Reparable,148.76,7.4
1278,Tablet,Xiaomi,Pad 6 Pro,Estándar,Batería,"Ciclos de carga excedidos, salud de batería crítica","Batería degradada. Ciclos de carga excedidos, salud de batería crítica. Verificar con diagnóstico de fabricante.",Crítica,Retirar batería inmediatamente por seguridad (inflamación). Usar solo con cargador.,Fuera de servicio,36.15,7.5
1279,Laptop,Lenovo,ThinkBook 15,Chromebook,Motherboard,Motherboard no entra en suspensión correctamente,Diagnóstico: Motherboard defectuosa. Motherboard no entra en suspensión correctamente. Verificar todas las pistas y componentes SMD.,Media,Reparar pista o componente específico. Verificar todos los circuitos de alimentación.,Garantía vigente,300.85,7.3
1280,Laptop,Acer,Aspire 7,Workstation,Motherboard,"Motherboard con pista dañada, circuito abierto","Diagnóstico: Motherboard defectuosa. Motherboard con pista dañada, circuito abierto. Verificar todas las pistas y componentes SMD.",Media,Reparar pista o componente específico. Verificar todos los circuitos de alimentación.,En diagnóstico,215.41,7.7
1281,Tablet,ASUS,Chromebook Detachable CZ1,Profesional,Disco Duro/SSD,"Disco duro hace clic repetitivo, fallo mecánico inminente","Diagnóstico general: Disco duro hace clic repetitivo, fallo mecánico inminente. Se requiere revisión técnica especializada.",Alta,Respaldar datos y reemplazar disco. Ejecutar recuperación con herramientas especializadas.,En diagnóstico,96.5,2.2
1282,Computadora,ASUS,ROG Strix G35,Micro,Teclado,"Teclado retroiluminado no enciende, LED defectuoso","Fallo en dispositivo de entrada. Teclado retroiluminado no enciende, LED defectuoso. Evaluar reemplazo de teclado.",Media,Limpiar contacto de teclas afectadas. Verificar flex de conexión.,Reparable,71.18,3.4
1283,Tablet,Lenovo,Idea Tab K10,2 en 1,Pantalla,"Pantalla con dead zones, zonas que no responden al tacto","Display con defecto. Pantalla con dead zones, zonas que no responden al tacto. Reemplazo de panel recomendado si costo es viable.",Media,Reemplazar cable flex o inverter. Verificar conexión al motherboard.,Reparable,90.82,6.4
1284,Laptop,ASUS,ZenBook Pro 16,Workstation,Batería,"Batería no carga al 100%, se detiene en 80%","Fallo en sistema de alimentación por batería. Batería no carga al 100%, se detiene en 80%. Reemplazo de batería necesario.",Alta,Reemplazar batería con original de fabricante. No usar baterías genéricas.,Requiere reemplazo de componente,138.48,4.7
1285,Tablet,Huawei,MatePad Paper,Profesional,Motherboard,"PCIe slot dañado, tarjeta gráfica no detectada","Diagnóstico general: PCIe slot dañado, tarjeta gráfica no detectada. Se requiere revisión técnica especializada.",Alta,Reparación especializada de microsoldadura. Reemplazar componentes SMD dañados.,Reparable,141.21,18.4
1286,Tablet,Huawei,MatePad Paper,Profesional,Sistema Operativo,"Actualización de Windows fallida, bucle de reinicio","Diagnóstico general: Actualización de Windows fallida, bucle de reinicio. Se requiere revisión técnica especializada.",Media,Restaurar sistema a punto anterior. Eliminar software problemático.,Garantía vigente,0.66,7.6
1287,Laptop,Apple,MacBook Air M1,Chromebook,Pantalla,"Pantalla con color amarillento, perfil de color corrupto","Display con defecto. Pantalla con color amarillento, perfil de color corrupto. Reemplazo de panel recomendado si costo es viable.",Media,Reemplazar cable flex o inverter. Verificar conexión al motherboard.,Garantía vigente,135.32,4.0
1288,Computadora,Dell,Alienware Aurora R16,Micro,Ventilación,Acumulación excesiva de polvo en ventilador y disipador,Diagnóstico general: Acumulación excesiva de polvo en ventilador y disipador. Se requiere revisión técnica especializada.,Baja,Limpieza preventiva y monitoreo de temperaturas. Ajustar curva de ventilador.,En diagnóstico,18.14,3.6
1289,Computadora,Apple,Mac Studio M2 Max,Gaming,Disco Duro/SSD,Partición de recuperación inaccesible en disco,Diagnóstico general: Partición de recuperación inaccesible en disco. Se requiere revisión técnica especializada.,Media,Ejecutar CHKDSK y reparación de sectores. Monitorear SMART diariamente.,En diagnóstico,148.55,4.5
1290,Laptop,ASUS,ExpertBook B5,Chromebook,Conectividad,"Conexión Ethernet limitada a 10Mbps, negociación fallida","Diagnóstico general: Conexión Ethernet limitada a 10Mbps, negociación fallida. Se requiere revisión técnica especializada.",Crítica,"Reemplazo de módulo WiFi/Bluetooth. Si es integrado, usar adaptador USB.",En diagnóstico,51.21,48.0
1291,Laptop,Toshiba,Tecra A50,Chromebook,Disco Duro/SSD,SSD con escritura lenta después de 80% de capacidad,Diagnóstico general: SSD con escritura lenta después de 80% de capacidad. Se requiere revisión técnica especializada.,Media,Ejecutar CHKDSK y reparación de sectores. Monitorear SMART diariamente.,Reparable,197.91,5.8
1292,Computadora,Apple,Mac mini M2,Gaming,RAM,"RAM no funciona en dual channel, módulo incompatible","Inestabilidad por RAM defectuosa. RAM no funciona en dual channel, módulo incompatible. Probar módulos individualmente para aislar el dañado.",Crítica,Reemplazo inmediato de módulo RAM defectuoso. Verificar compatibilidad con placa madre.,Requiere reemplazo de componente,55.08,33.9
1293,Tablet,Samsung,Galaxy Tab A8,Educacional,Batería,Sistema entra en hibernación repentino por batería,Problema de energía de batería. Sistema entra en hibernación repentino por batería. Evaluar seguridad de uso continuo.,Media,Calibrar batería siguiendo procedimiento del fabricante. Verificar ciclo de carga.,Garantía vigente,37.66,1.7
1294,Computadora,Huawei,MateStation S,Mini PC,BIOS,Error de checksum en BIOS al arrancar,Fallo en firmware BIOS. Error de checksum en BIOS al arrancar. Se recomienda reemplazo de chip BIOS.,Alta,Flashear BIOS desde USB con método de recuperación del fabricante. Verificar versión actual.,Reparable,148.85,13.4
1295,Computadora,Lenovo,ThinkStation P350,Torre,Teclado,Tecla espacio no responde en zona central,Diagnóstico general: Tecla espacio no responde en zona central. Se requiere revisión técnica especializada.,Alta,Reemplazar teclado completo. Verificar si hay daño adicional por líquido.,Requiere reemplazo de componente,139.46,22.5
1296,Laptop,Huawei,MateBook D15,Workstation,Sistema Operativo,"Sistema se congela aleatoriamente, conflicto de drivers","Diagnóstico general: Sistema se congela aleatoriamente, conflicto de drivers. Se requiere revisión técnica especializada.",Baja,Actualizar Windows/macOS. Ejecutar Windows Update y reparación de archivos.,En diagnóstico,17.95,3.5
1297,Computadora,Huawei,MateStation B515,Torre,Sistema Operativo,"Sistema extremadamente lento, malware detectado","Diagnóstico general: Sistema extremadamente lento, malware detectado. Se requiere revisión técnica especializada.",Alta,Reparación de arranque con herramientas de recuperación. SFC y DISM.,Reparable,53.94,17.5
1298,Laptop,Apple,MacBook Pro 14 M3 Max,Chromebook,Audio,"Audio funciona solo con auriculares, switch de jack atascado","Audio no funcional. Audio funciona solo con auriculares, switch de jack atascado. Reinstalar drivers Realtek/AMD y verificar servicios de audio.",Media,Limpiar jack de audio. Verificar configuración de dispositivos de sonido.,Garantía vigente,55.7,3.7
1299,Tablet,Apple,iPad 9th Gen,Económica,Batería,Batería no detectada por el sistema operativo,Diagnóstico: Batería defectuosa. Batería no detectada por el sistema operativo. Reemplazar con batería original certificada.,Alta,Reemplazar batería con original de fabricante. No usar baterías genéricas.,Requiere reemplazo de componente,128.78,23.4
1300,Laptop,Lenovo,IdeaPad Gaming 3,Empresarial,Pantalla,"Pantalla con líneas verticales, panel LCD dañado","Pantalla defectuosa. Pantalla con líneas verticales, panel LCD dañado. Inspeccionar conexiones y testear con pantalla externa.",Baja,Calibrar pantalla y actualizar driver de vídeo. Ajustar perfil de color.,En diagnóstico,370.91,0.5
1301,Tablet,Xiaomi,Pad 6 Pro,Estándar,GPU,"Pantalla azul VIDEO_TDR_FAILURE, GPU dedicada fallida","Diagnóstico: Panel o componentes de pantalla dañados. Pantalla azul VIDEO_TDR_FAILURE, GPU dedicada fallida. Probar con monitor externo para descartar GPU.",Crítica,"Reemplazo de GPU dedicada. Si es integrada, reemplazo de motherboard.",En diagnóstico,553.62,37.9
1302,Laptop,Huawei,MateBook D15,Workstation,RAM,RAM causa corrupción de archivos en disco,Problema de memoria. RAM causa corrupción de archivos en disco. Revisar slots y limpieza de contactos con alcohol isopropílico.,Crítica,Reemplazo inmediato de módulo RAM defectuoso. Verificar compatibilidad con placa madre.,En diagnóstico,96.94,20.1
1303,Laptop,Lenovo,Legion Pro 7,Workstation,Ventilación,"CPU se sobrecalienta, ventilador no gira","Diagnóstico general: CPU se sobrecalienta, ventilador no gira. Se requiere revisión técnica especializada.",Media,Limpieza de polvo con aire comprimido. Verificar RPM del ventilador.,Garantía vigente,31.75,6.3
1304,Computadora,Acer,Veriton X2680G,Micro,Teclado,"Teclado se desconecta aleatoriamente, flex dañado","Fallo en dispositivo de entrada. Teclado se desconecta aleatoriamente, flex dañado. Evaluar reemplazo de teclado.",Baja,Limpiar tecla específica o reemplazar keycap. Verificar configuración de idioma.,Reparable,147.86,4.0
1305,Laptop,Acer,Swift 3,Económica,Puertos,Puertos USB dan descarga estática al conectar,Diagnóstico: Puerto defectuoso. Puertos USB dan descarga estática al conectar. Inspeccionar pines y soldaduras con lupa.,Crítica,Reemplazo de placa de puertos o motherboard. Daño irreparable en múltiples puertos.,Fuera de servicio,125.86,35.8
1306,Laptop,ASUS,ROG Zephyrus G14,Gaming,Batería,Error de comunicación entre batería y ACPI,Batería en estado crítico. Error de comunicación entre batería y ACPI. Retirar si está inflada por riesgo de seguridad.,Baja,Reemplazar batería cuando sea conveniente. Funciona con limitaciones.,En diagnóstico,138.24,1.1
1307,Tablet,Samsung,Galaxy Tab S9 Ultra,Gaming,Disco Duro/SSD,"SSD con firmware corrupto, no monta partición","Diagnóstico general: SSD con firmware corrupto, no monta partición. Se requiere revisión técnica especializada.",Media,Ejecutar CHKDSK y reparación de sectores. Monitorear SMART diariamente.,Garantía vigente,139.65,1.1
1308,Computadora,Acer,Aspire TC,Mini PC,Conectividad,Módulo WiFi/Bluetooth no detectado en BIOS,Fallo en firmware BIOS. Módulo WiFi/Bluetooth no detectado en BIOS. Se recomienda reemplazo de chip BIOS.,Media,Actualizar drivers y firmware. Verificar configuración de red.,Garantía vigente,58.81,1.6
1309,Computadora,HP,HP 290 G9,Torre,Sistema Operativo,"DLL faltante, aplicaciones no abren","Diagnóstico general: DLL faltante, aplicaciones no abren. Se requiere revisión técnica especializada.",Media,Restaurar sistema a punto anterior. Eliminar software problemático.,En diagnóstico,60.25,7.3
1310,Computadora,Apple,iMac 24 M3,Micro,Fuente de Poder,"Fuente hace ruido eléctrico, capacitor dañado","Diagnóstico general: Fuente hace ruido eléctrico, capacitor dañado. Se requiere revisión técnica especializada.",Media,Verificar conexiones y cables. Probar con fuente de respaldo.,Reparable,67.56,6.1
1311,Tablet,Huawei,MatePad Paper,eReader,Puertos,"Puerto de carga suelto, conexión intermitente","Diagnóstico general: Puerto de carga suelto, conexión intermitente. Se requiere revisión técnica especializada.",Media,Limpiar puerto con aire comprimido. Verificar drivers del controlador USB.,En diagnóstico,172.17,3.8
1312,Laptop,Apple,MacBook Pro 14 M3,Workstation,RAM,Memoria RAM causa artefactos visuales en pantalla,Problema de memoria. Memoria RAM causa artefactos visuales en pantalla. Revisar slots y limpieza de contactos con alcohol isopropílico.,Media,Limpiar contactos con alcohol isopropílico. Reubicar módulos en slots diferentes.,Reparable,85.23,2.9
1313,Laptop,Acer,Swift 3,Workstation,Motherboard,"Motherboard con condensadores inflados, inestabilidad","Motherboard con daño eléctrico. Motherboard con condensadores inflados, inestabilidad. Inspeccionar con microscopio y multímetro.",Media,Reparar pista o componente específico. Verificar todos los circuitos de alimentación.,En diagnóstico,365.45,6.0
1314,Laptop,Apple,MacBook Air M2,Ultrabook,RAM,"RAM sobrecalentada, thermal throttling frecuente","Error de memoria RAM. RAM sobrecalentada, thermal throttling frecuente. Verificar compatibilidad y velocidad de módulos.",Alta,Reemplazar módulo RAM dañado. Probar con módulo nuevo en slot afectado.,Requiere reemplazo de componente,73.68,2.6
1315,Laptop,Dell,Vostro 3520,Workstation,BIOS,BIOS no detecta tarjeta gráfica dedicada,Diagnóstico: Corrupción de BIOS. BIOS no detecta tarjeta gráfica dedicada. Procedimiento: Reflashing con método de recuperación del fabricante.,Media,Reset de CMOS y reconfiguración de BIOS. Actualizar a última versión estable.,Reparable,102.35,3.1
1316,Laptop,Huawei,MateBook E Go,Chromebook,Pantalla,"Flickering solo con batería, regulador de voltaje defectuoso","Batería degradada. Flickering solo con batería, regulador de voltaje defectuoso. Verificar con diagnóstico de fabricante.",Alta,Reemplazar panel o componente de backlight. Cotizar reparación vs equipo nuevo.,Requiere reemplazo de componente,333.93,14.2
1317,Computadora,ASUS,ROG Strix G10,Torre,Motherboard,"Filtro de EMI dañado, interferencia en audio/video","Audio no funcional. Filtro de EMI dañado, interferencia en audio/video. Reinstalar drivers Realtek/AMD y verificar servicios de audio.",Crítica,Reemplazo de placa madre. Evaluar costo vs equipo nuevo. Rescatar componentes reutilizables.,En diagnóstico,150.59,9.9
1318,Tablet,Xiaomi,Pad 6,Profesional,Batería,Error de comunicación entre batería y ACPI,Problema de energía de batería. Error de comunicación entre batería y ACPI. Evaluar seguridad de uso continuo.,Crítica,Retirar batería inmediatamente por seguridad (inflamación). Usar solo con cargador.,En diagnóstico,105.34,14.7
1319,Computadora,MSI,Infinite RS 13th,Torre,GPU,"Driver de GPU no instala, hardware no compatible","Fallo en procesador gráfico. Driver de GPU no instala, hardware no compatible. Verificar temperatura y reflow si es BGA.",Alta,Reflow o reball de GPU. Reemplazar pasta térmica. Verificar alimentación.,En diagnóstico,272.54,10.0
1320,Laptop,Acer,Aspire 3,Económica,Fuente de Poder,Fuente no suministra suficiente energía a GPU dedicada,Fallo en procesador gráfico. Fuente no suministra suficiente energía a GPU dedicada. Verificar temperatura y reflow si es BGA.,Crítica,Reemplazo inmediato de fuente. No intentar reparar por riesgo eléctrico.,Fuera de servicio,40.06,13.6
1321,Laptop,Huawei,MateBook E Go,Empresarial,RAM,"Beep code 2 pitidos, error de parity check en RAM","Inestabilidad por RAM defectuosa. Beep code 2 pitidos, error de parity check en RAM. Probar módulos individualmente para aislar el dañado.",Crítica,Reemplazo inmediato de módulo RAM defectuoso. Verificar compatibilidad con placa madre.,Requiere reemplazo de componente,47.4,29.7
1322,Computadora,Acer,Aspire XC,Gaming,GPU,"Pantalla azul VIDEO_TDR_FAILURE, GPU dedicada fallida","Display con defecto. Pantalla azul VIDEO_TDR_FAILURE, GPU dedicada fallida. Reemplazo de panel recomendado si costo es viable.",Media,Reinstalar drivers con DDU. Verificar temperatura y ventilación de GPU.,Reparable,505.13,7.1
1323,Tablet,Amazon,Fire HD 10,Económica,Pantalla,"Pantalla con ghosting, retardo de respuesta del panel","Problema de display detectado. Pantalla con ghosting, retardo de respuesta del panel. Evaluar reemplazo de panel o componentes asociados.",Media,Reemplazar cable flex o inverter. Verificar conexión al motherboard.,Garantía vigente,312.66,4.0
1324,Laptop,ASUS,ROG Zephyrus G14,Gaming,Pantalla,"Pantalla con color amarillento, perfil de color corrupto","Display con defecto. Pantalla con color amarillento, perfil de color corrupto. Reemplazo de panel recomendado si costo es viable.",Alta,Reemplazar panel o componente de backlight. Cotizar reparación vs equipo nuevo.,Reparable,167.61,5.5
1325,Computadora,HP,ProDesk 400 G7,Micro,Conectividad,"Bluetooth no empareja dispositivos, stack dañado","Diagnóstico general: Bluetooth no empareja dispositivos, stack dañado. Se requiere revisión técnica especializada.",Alta,Reinstalar drivers. Verificar antenas internas. Reemplazar módulo M.2 si aplica.,Requiere reemplazo de componente,89.64,8.9
1326,Laptop,Dell,Alienware m16,Premium,Teclado,Tecla espacio no responde en zona central,Diagnóstico general: Tecla espacio no responde en zona central. Se requiere revisión técnica especializada.,Media,Limpiar contacto de teclas afectadas. Verificar flex de conexión.,Reparable,31.09,2.5
1327,Laptop,Lenovo,ThinkPad E14,Premium,Disco Duro/SSD,"Disco duro externo no monta, controlador USB-SATA fallido","Diagnóstico general: Disco duro externo no monta, controlador USB-SATA fallido. Se requiere revisión técnica especializada.",Baja,Ejecutar optimización de disco. Liberar espacio en SSD para mejorar rendimiento.,En diagnóstico,154.68,3.2
1328,Computadora,Huawei,MateStation X,Mini PC,Batería,Batería no detectada por el sistema operativo,Batería en estado crítico. Batería no detectada por el sistema operativo. Retirar si está inflada por riesgo de seguridad.,Media,Calibrar batería siguiendo procedimiento del fabricante. Verificar ciclo de carga.,En diagnóstico,146.6,4.3
1329,Laptop,ASUS,ZenBook Pro 16,Ultrabook,Motherboard,Circuito de protección de sobretensión activado permanentemente,Diagnóstico general: Circuito de protección de sobretensión activado permanentemente. Se requiere revisión técnica especializada.,Media,Reparar pista o componente específico. Verificar todos los circuitos de alimentación.,Garantía vigente,178.87,5.1
1330,Laptop,Samsung,Galaxy Book2 Pro,2 en 1,GPU,"Cuelgues al usar aplicaciones 3D, GPU sobrecalentada","Fallo en procesador gráfico. Cuelgues al usar aplicaciones 3D, GPU sobrecalentada. Verificar temperatura y reflow si es BGA.",Alta,Reflow o reball de GPU. Reemplazar pasta térmica. Verificar alimentación.,En diagnóstico,583.18,18.4
1331,Laptop,MSI,Modern 14,Chromebook,RAM,"Pantalla azul IRQL_NOT_LESS_OR_EQUAL, corrupción en RAM","Fallo de memoria detectado. Pantalla azul IRQL_NOT_LESS_OR_EQUAL, corrupción en RAM. Se recomienda reemplazar módulo defectuoso.",Crítica,Reemplazo inmediato de módulo RAM defectuoso. Verificar compatibilidad con placa madre.,Fuera de servicio,52.34,4.7
1332,Computadora,Apple,iMac 24 M3,Gaming,GPU,"Artefactos gráficos en pantalla, memoria VRAM dañada","Inestabilidad por RAM defectuosa. Artefactos gráficos en pantalla, memoria VRAM dañada. Probar módulos individualmente para aislar el dañado.",Media,Reinstalar drivers con DDU. Verificar temperatura y ventilación de GPU.,Reparable,310.13,7.5
1333,Tablet,Xiaomi,Pad 6 Pro,Económica,GPU,"Driver de GPU no instala, hardware no compatible","Fallo en procesador gráfico. Driver de GPU no instala, hardware no compatible. Verificar temperatura y reflow si es BGA.",Alta,Reflow o reball de GPU. Reemplazar pasta térmica. Verificar alimentación.,En diagnóstico,173.35,4.7
1334,Laptop,ASUS,ProArt StudioBook,Workstation,Fuente de Poder,Ruido de bobina en fuente bajo carga pesada,Diagnóstico general: Ruido de bobina en fuente bajo carga pesada. Se requiere revisión técnica especializada.,Baja,Monitorear voltajes. Considerar reemplazo preventivo.,En diagnóstico,98.15,0.5
1335,Computadora,Apple,Mac mini M2,Workstation,Disco Duro/SSD,Error INACCESSIBLE_BOOT_DEVICE al iniciar Windows,Diagnóstico general: Error INACCESSIBLE_BOOT_DEVICE al iniciar Windows. Se requiere revisión técnica especializada.,Alta,Respaldar datos y reemplazar disco. Ejecutar recuperación con herramientas especializadas.,En diagnóstico,220.97,8.3
1336,Laptop,Samsung,Galaxy Book2 Pro,Ultrabook,Disco Duro/SSD,SMART warning: Reallocated Sector Count excedido,Diagnóstico general: SMART warning: Reallocated Sector Count excedido. Se requiere revisión técnica especializada.,Crítica,Clonar disco inmediatamente si es posible. Reemplazo urgente de unidad. Recuperación de datos profesional.,Requiere reemplazo de componente,63.79,25.9
1337,Laptop,Toshiba,Tecra A50,Premium,RAM,"SODIMM RAM con pines dañados, contacto intermitente","Diagnóstico: Memoria RAM con errores. SODIMM RAM con pines dañados, contacto intermitente. Ejecutar MemTest86 para confirmar sector dañado.",Crítica,Reemplazo inmediato de módulo RAM defectuoso. Verificar compatibilidad con placa madre.,Requiere reemplazo de componente,90.76,42.1
1338,Computadora,Dell,Vostro 3710,SFF,Fuente de Poder,"PC no arranca, protección de sobrecorriente activada","Diagnóstico general: PC no arranca, protección de sobrecorriente activada. Se requiere revisión técnica especializada.",Media,Verificar conexiones y cables. Probar con fuente de respaldo.,Reparable,50.4,5.1
1339,Tablet,Lenovo,Tab M10 Plus,Estándar,Disco Duro/SSD,"Disco duro con PCB quemada, no recibe alimentación","Diagnóstico general: Disco duro con PCB quemada, no recibe alimentación. Se requiere revisión técnica especializada.",Crítica,Clonar disco inmediatamente si es posible. Reemplazo urgente de unidad. Recuperación de datos profesional.,Requiere reemplazo de componente,75.35,46.2
1340,Laptop,Huawei,MateBook 14s,Chromebook,Sistema Operativo,Error CRITICAL_PROCESS_DIED al iniciar,Diagnóstico general: Error CRITICAL_PROCESS_DIED al iniciar. Se requiere revisión técnica especializada.,Alta,Reparación de arranque con herramientas de recuperación. SFC y DISM.,Requiere reemplazo de componente,26.02,11.4
1341,Laptop,Samsung,Galaxy Book3 Ultra,Gaming,Conectividad,"WiFi no enciende, switch físico o función FN dañada","Diagnóstico general: WiFi no enciende, switch físico o función FN dañada. Se requiere revisión técnica especializada.",Baja,Resetear adaptador de red. Olvidar y reconectar redes WiFi.,Garantía vigente,78.48,1.6
1342,Laptop,MSI,Raider GE78,Premium,RAM,RAM causa corrupción de archivos en disco,Fallo de memoria detectado. RAM causa corrupción de archivos en disco. Se recomienda reemplazar módulo defectuoso.,Baja,Ejecutar diagnóstico de memoria extendido. Monitorear en próximos días.,Reparable,83.92,0.6
1343,Computadora,Lenovo,IdeaCentre AIO 3,Workstation,Teclado,"Tecla se queda presionada, contacto pegajoso","Diagnóstico general: Tecla se queda presionada, contacto pegajoso. Se requiere revisión técnica especializada.",Baja,Limpiar tecla específica o reemplazar keycap. Verificar configuración de idioma.,Garantía vigente,80.09,2.9
1344,Computadora,Gigabyte,AORUS Model S,Workstation,BIOS,BIOS no detecta tarjeta gráfica dedicada,Diagnóstico: Corrupción de BIOS. BIOS no detecta tarjeta gráfica dedicada. Procedimiento: Reflashing con método de recuperación del fabricante.,Media,Reset de CMOS y reconfiguración de BIOS. Actualizar a última versión estable.,En diagnóstico,57.42,6.4
1345,Laptop,Acer,Aspire 7,Premium,Conectividad,"Velocidad WiFi muy lenta, antena interna dañada","Diagnóstico general: Velocidad WiFi muy lenta, antena interna dañada. Se requiere revisión técnica especializada.",Crítica,"Reemplazo de módulo WiFi/Bluetooth. Si es integrado, usar adaptador USB.",En diagnóstico,54.48,27.1
1346,Tablet,Xiaomi,Pad 6,Estándar,RAM,Pantalla azul MEMORY_MANAGEMENT al usar múltiples aplicaciones,Display con defecto. Pantalla azul MEMORY_MANAGEMENT al usar múltiples aplicaciones. Reemplazo de panel recomendado si costo es viable.,Alta,Reemplazar módulo RAM dañado. Probar con módulo nuevo en slot afectado.,En diagnóstico,61.72,19.0
1347,Tablet,Microsoft,Surface Pro 10,Educacional,Motherboard,Motherboard con corrosión por líquido derramado,Diagnóstico: Memoria RAM con errores. Motherboard con corrosión por líquido derramado. Ejecutar MemTest86 para confirmar sector dañado.,Media,Reparar pista o componente específico. Verificar todos los circuitos de alimentación.,Reparable,178.33,7.6
1348,Laptop,ASUS,ProArt StudioBook,Premium,Teclado,"Fn keys no funcionan, controlador ACPI dañado","Diagnóstico general: Fn keys no funcionan, controlador ACPI dañado. Se requiere revisión técnica especializada.",Media,Limpiar contacto de teclas afectadas. Verificar flex de conexión.,Garantía vigente,118.74,7.7
1349,Laptop,Dell,Inspiron 16 5000,Empresarial,BIOS,"Configuración BIOS se resetea al apagar, batería CMOS agotada","Diagnóstico: Corrupción de BIOS. Configuración BIOS se resetea al apagar, batería CMOS agotada. Procedimiento: Reflashing con método de recuperación del fabricante.",Baja,Actualizar BIOS a la última versión disponible. Reemplazar batería CMOS si es necesario.,En diagnóstico,131.75,1.0
1350,Tablet,Lenovo,Tab M8,2 en 1,Sistema Operativo,Blue screen SYSTEM_SERVICE_EXCEPTION en Windows 11,Diagnóstico general: Blue screen SYSTEM_SERVICE_EXCEPTION en Windows 11. Se requiere revisión técnica especializada.,Media,Restaurar sistema a punto anterior. Eliminar software problemático.,En diagnóstico,79.88,4.2
1351,Laptop,HP,ProBook 450,2 en 1,Teclado,"Teclado repite caracteres, debounce defectuoso","Problema de teclado. Teclado repite caracteres, debounce defectuoso. Probar con teclado externo para confirmar diagnóstico.",Alta,Reemplazar teclado completo. Verificar si hay daño adicional por líquido.,Requiere reemplazo de componente,142.17,22.7
1352,Computadora,Gigabyte,B550 Vision D,Micro,RAM,"Fallo intermitente en slot de RAM, módulo no hace contacto","Error de memoria RAM. Fallo intermitente en slot de RAM, módulo no hace contacto. Verificar compatibilidad y velocidad de módulos.",Baja,Ejecutar diagnóstico de memoria extendido. Monitorear en próximos días.,En diagnóstico,43.12,2.9
1353,Tablet,Samsung,Galaxy Tab S9,Educacional,RAM,Sistema no arranca con los dos módulos RAM instalados,Diagnóstico: Memoria RAM con errores. Sistema no arranca con los dos módulos RAM instalados. Ejecutar MemTest86 para confirmar sector dañado.,Alta,Reemplazar módulo RAM dañado. Probar con módulo nuevo en slot afectado.,Requiere reemplazo de componente,82.71,6.4
1354,Computadora,Apple,Mac Studio M2 Max,Workstation,GPU,"Fan de GPU no gira, temperatura excesiva","Problema de vídeo por GPU. Fan de GPU no gira, temperatura excesiva. Verificar alimentación PCIe y conectores de poder.",Baja,Actualizar drivers de GPU. Ajustar configuración de rendimiento.,Reparable,434.21,1.6
1355,Laptop,Lenovo,ThinkPad E14,Premium,Puertos,"Múltiples puertos USB no funcionan, hub interno dañado","Fallo en conectividad de puertos. Múltiples puertos USB no funcionan, hub interno dañado. Verificar controlador I/O y soldaduras.",Crítica,Reemplazo de placa de puertos o motherboard. Daño irreparable en múltiples puertos.,Requiere reemplazo de componente,38.81,14.9
1356,Tablet,Microsoft,Surface Pro 10,2 en 1,Disco Duro/SSD,"Disco se desconecta aleatoriamente, cable SATA defectuoso","Diagnóstico general: Disco se desconecta aleatoriamente, cable SATA defectuoso. Se requiere revisión técnica especializada.",Baja,Ejecutar optimización de disco. Liberar espacio en SSD para mejorar rendimiento.,En diagnóstico,193.66,3.3
1357,Computadora,ASUS,ROG Strix G35,Servidor,Pantalla,"Pantalla táctil con calibración desviada, toques imprecisos","Diagnóstico: Panel o componentes de pantalla dañados. Pantalla táctil con calibración desviada, toques imprecisos. Probar con monitor externo para descartar GPU.",Crítica,Reemplazo completo de panel LCD/LED. Verificar disponibilidad de repuesto.,Fuera de servicio,215.72,40.0
1358,Tablet,ASUS,Chromebook Detachable CZ1,Económica,Motherboard,"Filtro de EMI dañado, interferencia en audio/video","Problema de sonido. Filtro de EMI dañado, interferencia en audio/video. Probar con auriculares para descartar altavoces.",Baja,Limpieza profunda y rethermal. Verificar conexiones y reseat de componentes.,Garantía vigente,442.37,0.7
1359,Laptop,Huawei,MateBook 14s,Workstation,Pantalla,"Pantalla con imagen residual, burn-in en panel OLED","Problema de display detectado. Pantalla con imagen residual, burn-in en panel OLED. Evaluar reemplazo de panel o componentes asociados.",Baja,Calibrar pantalla y actualizar driver de vídeo. Ajustar perfil de color.,Garantía vigente,197.12,3.1
1360,Computadora,Huawei,MateStation S,All-in-One,Fuente de Poder,"PC no arranca, protección de sobrecorriente activada","Diagnóstico general: PC no arranca, protección de sobrecorriente activada. Se requiere revisión técnica especializada.",Baja,Monitorear voltajes. Considerar reemplazo preventivo.,Garantía vigente,59.91,1.4
1361,Laptop,MSI,GF63 Thin,Económica,GPU,GPU integrada causa parpadeo en pantalla,Display con defecto. GPU integrada causa parpadeo en pantalla. Reemplazo de panel recomendado si costo es viable.,Media,Reinstalar drivers con DDU. Verificar temperatura y ventilación de GPU.,Garantía vigente,126.15,5.4
1362,Computadora,ASUS,ROG Strix G10,Micro,Motherboard,CMOS battery connector roto en motherboard,Componente de motherboard dañado. CMOS battery connector roto en motherboard. Se requiere microsoldadura especializada.,Media,Reparar pista o componente específico. Verificar todos los circuitos de alimentación.,En diagnóstico,182.86,3.3
1363,Laptop,ASUS,ProArt StudioBook,Económica,Disco Duro/SSD,SSD con escritura lenta después de 80% de capacidad,Diagnóstico general: SSD con escritura lenta después de 80% de capacidad. Se requiere revisión técnica especializada.,Media,Ejecutar CHKDSK y reparación de sectores. Monitorear SMART diariamente.,En diagnóstico,186.5,2.9
1364,Laptop,HP,Omen 16,Premium,Motherboard,Motherboard con corrosión por líquido derramado,Inestabilidad por RAM defectuosa. Motherboard con corrosión por líquido derramado. Probar módulos individualmente para aislar el dañado.,Media,Reparar pista o componente específico. Verificar todos los circuitos de alimentación.,Reparable,136.27,6.6
1365,Tablet,Huawei,MatePad Pro 12.6,2 en 1,Disco Duro/SSD,"Disco con latencia alta, sectores lentos detectados","Diagnóstico general: Disco con latencia alta, sectores lentos detectados. Se requiere revisión técnica especializada.",Crítica,Clonar disco inmediatamente si es posible. Reemplazo urgente de unidad. Recuperación de datos profesional.,En diagnóstico,66.75,44.9
1366,Computadora,HP,OMEN 25L,SFF,Disco Duro/SSD,"Disco duro hace clic repetitivo, fallo mecánico inminente","Diagnóstico general: Disco duro hace clic repetitivo, fallo mecánico inminente. Se requiere revisión técnica especializada.",Alta,Respaldar datos y reemplazar disco. Ejecutar recuperación con herramientas especializadas.,En diagnóstico,122.89,17.5
1367,Tablet,Apple,iPad Air M2,2 en 1,Fuente de Poder,Ruido de bobina en fuente bajo carga pesada,Diagnóstico general: Ruido de bobina en fuente bajo carga pesada. Se requiere revisión técnica especializada.,Baja,Monitorear voltajes. Considerar reemplazo preventivo.,Reparable,136.13,1.2
1368,Laptop,Toshiba,Tecra A50,Económica,Batería,Batería se calienta excesivamente durante la carga,Batería degradada. Batería se calienta excesivamente durante la carga. Verificar con diagnóstico de fabricante.,Alta,Reemplazar batería con original de fabricante. No usar baterías genéricas.,En diagnóstico,45.97,21.9
1369,Tablet,Lenovo,Tab P11 Pro,Educacional,RAM,Error MEMORY_READ_EXCEPTION en tareas pesadas,Diagnóstico general: Error MEMORY_READ_EXCEPTION en tareas pesadas. Se requiere revisión técnica especializada.,Baja,Ejecutar diagnóstico de memoria extendido. Monitorear en próximos días.,En diagnóstico,27.9,1.3
1370,Laptop,Dell,Vostro 3520,2 en 1,Ventilación,"Ventilador hace ruido excesivo, rodamiento dañado","Diagnóstico general: Ventilador hace ruido excesivo, rodamiento dañado. Se requiere revisión técnica especializada.",Crítica,Reemplazar disipador y ventilador. Reaplicar pasta térmica de calidad. Limpieza completa.,En diagnóstico,67.06,4.3
1371,Computadora,Apple,iMac 24 M3,Torre,Puertos,"Puerto Thunderbolt no funciona, controlador dañado","Diagnóstico general: Puerto Thunderbolt no funciona, controlador dañado. Se requiere revisión técnica especializada.",Alta,Reparar soldadura de puerto dañado. Usar adaptador temporal mientras se repara.,En diagnóstico,177.45,4.5
1372,Laptop,Lenovo,ThinkBook 15,Premium,Motherboard,"Chip de audio dañado en motherboard, sin sonido","Diagnóstico: Motherboard defectuosa. Chip de audio dañado en motherboard, sin sonido. Verificar todas las pistas y componentes SMD.",Alta,Reparación especializada de microsoldadura. Reemplazar componentes SMD dañados.,En diagnóstico,375.68,5.0
1373,Tablet,Apple,iPad Air M1,Profesional,Motherboard,Placa madre con cortocircuito en sección de alimentación,Diagnóstico general: Placa madre con cortocircuito en sección de alimentación. Se requiere revisión técnica especializada.,Alta,Reparación especializada de microsoldadura. Reemplazar componentes SMD dañados.,En diagnóstico,143.15,7.0
1374,Laptop,Acer,Aspire 5,Empresarial,GPU,"Error CODE 43 en GPU, Windows deshabilitó el dispositivo","Diagnóstico: Tarjeta gráfica defectuosa. Error CODE 43 en GPU, Windows deshabilitó el dispositivo. Testear con FurMark para reproducir fallo.",Baja,Actualizar drivers de GPU. Ajustar configuración de rendimiento.,En diagnóstico,570.04,0.7
1375,Tablet,Apple,iPad Pro 11 M2,eReader,Batería,"Advertencia de batería genuina, chip de autenticación dañado","Fallo en sistema de alimentación por batería. Advertencia de batería genuina, chip de autenticación dañado. Reemplazo de batería necesario.",Baja,Reemplazar batería cuando sea conveniente. Funciona con limitaciones.,Reparable,50.28,0.9
1376,Computadora,HP,ProDesk 400 G7,Micro,RAM,Sistema se congela al consumir más del 75% de RAM,Error de memoria RAM. Sistema se congela al consumir más del 75% de RAM. Verificar compatibilidad y velocidad de módulos.,Media,Limpiar contactos con alcohol isopropílico. Reubicar módulos en slots diferentes.,Garantía vigente,35.63,6.9
1377,Computadora,Apple,Mac mini M2,Gaming,RAM,"BSOD PAGE_FAULT_IN_NONPAGED_AREA, fallo en módulo RAM","Fallo de memoria detectado. BSOD PAGE_FAULT_IN_NONPAGED_AREA, fallo en módulo RAM. Se recomienda reemplazar módulo defectuoso.",Media,Limpiar contactos con alcohol isopropílico. Reubicar módulos en slots diferentes.,Reparable,37.59,6.5
1378,Laptop,Dell,Alienware m16,Chromebook,Batería,Batería no suministra energía suficiente bajo carga,Problema de energía de batería. Batería no suministra energía suficiente bajo carga. Evaluar seguridad de uso continuo.,Media,Calibrar batería siguiendo procedimiento del fabricante. Verificar ciclo de carga.,Reparable,74.12,1.6
1379,Tablet,Huawei,MatePad Paper,Económica,Motherboard,"Placa no detecta disco SATA, controlador dañado","Diagnóstico general: Placa no detecta disco SATA, controlador dañado. Se requiere revisión técnica especializada.",Media,Reparar pista o componente específico. Verificar todos los circuitos de alimentación.,En diagnóstico,413.43,2.3
1380,Laptop,Lenovo,ThinkPad T14,Gaming,Ventilación,"Sistema se apaga por protección térmica, ventilación insuficiente","Problema de enfriamiento detectado. Sistema se apaga por protección térmica, ventilación insuficiente. Limpieza y mantenimiento preventivo requerido.",Media,Limpieza de polvo con aire comprimido. Verificar RPM del ventilador.,Reparable,50.0,3.8
1381,Computadora,Custom/Genérica,PC Oficina i5-12400,Gaming,Ventilación,"Ventilador vibra anormalmente, aspas desbalanceadas","Diagnóstico general: Ventilador vibra anormalmente, aspas desbalanceadas. Se requiere revisión técnica especializada.",Crítica,Reemplazar disipador y ventilador. Reaplicar pasta térmica de calidad. Limpieza completa.,Requiere reemplazo de componente,24.6,5.7
1382,Laptop,MSI,Bravo 15,Gaming,GPU,"Rayos y artefactos en pantalla al iniciar juegos, GPU dañada","Diagnóstico: Panel o componentes de pantalla dañados. Rayos y artefactos en pantalla al iniciar juegos, GPU dañada. Probar con monitor externo para descartar GPU.",Alta,Reflow o reball de GPU. Reemplazar pasta térmica. Verificar alimentación.,Reparable,478.45,7.8
1383,Laptop,Dell,Inspiron 16 5000,Premium,Batería,"Advertencia de batería genuina, chip de autenticación dañado","Diagnóstico: Batería defectuosa. Advertencia de batería genuina, chip de autenticación dañado. Reemplazar con batería original certificada.",Media,Calibrar batería siguiendo procedimiento del fabricante. Verificar ciclo de carga.,En diagnóstico,127.59,6.8
1384,Laptop,Lenovo,ThinkPad X1 Carbon,Empresarial,GPU,"Fan de GPU no gira, temperatura excesiva","Diagnóstico: Tarjeta gráfica defectuosa. Fan de GPU no gira, temperatura excesiva. Testear con FurMark para reproducir fallo.",Alta,Reflow o reball de GPU. Reemplazar pasta térmica. Verificar alimentación.,En diagnóstico,306.78,6.0
1385,Laptop,Samsung,Galaxy Book3 Ultra,2 en 1,Disco Duro/SSD,Disco con Bad Blocks en zona crítica del sistema,Diagnóstico general: Disco con Bad Blocks en zona crítica del sistema. Se requiere revisión técnica especializada.,Alta,Respaldar datos y reemplazar disco. Ejecutar recuperación con herramientas especializadas.,Reparable,110.64,4.5
1386,Laptop,ASUS,ExpertBook B5,Gaming,Sistema Operativo,"Windows no arranca, BCD corrupto","Diagnóstico general: Windows no arranca, BCD corrupto. Se requiere revisión técnica especializada.",Alta,Reparación de arranque con herramientas de recuperación. SFC y DISM.,En diagnóstico,1.79,10.7
1387,Laptop,Acer,Nitro 5,2 en 1,Conectividad,"Conexión WiFi se cae constantemente, driver inestable","Diagnóstico general: Conexión WiFi se cae constantemente, driver inestable. Se requiere revisión técnica especializada.",Alta,Reinstalar drivers. Verificar antenas internas. Reemplazar módulo M.2 si aplica.,En diagnóstico,26.63,3.0
1388,Laptop,Dell,Precision 5680,2 en 1,Ventilación,"Ventilador hace ruido excesivo, rodamiento dañado","Diagnóstico general: Ventilador hace ruido excesivo, rodamiento dañado. Se requiere revisión técnica especializada.",Crítica,Reemplazar disipador y ventilador. Reaplicar pasta térmica de calidad. Limpieza completa.,Fuera de servicio,61.4,28.8
1389,Laptop,Acer,Aspire 5,Premium,GPU,"Error CODE 43 en GPU, Windows deshabilitó el dispositivo","GPU fallida. Error CODE 43 en GPU, Windows deshabilitó el dispositivo. Si es integrada, motherboard necesita reemplazo.",Media,Reinstalar drivers con DDU. Verificar temperatura y ventilación de GPU.,Garantía vigente,456.29,4.6
1390,Computadora,HP,EliteDesk Mini,Workstation,Batería,"Batería no carga, indica 0% permanentemente","Batería degradada. Batería no carga, indica 0% permanentemente. Verificar con diagnóstico de fabricante.",Media,Calibrar batería siguiendo procedimiento del fabricante. Verificar ciclo de carga.,Reparable,90.99,7.5
1391,Computadora,Acer,Aspire TC,Gaming,RAM,"SODIMM RAM con pines dañados, contacto intermitente","Diagnóstico: Memoria RAM con errores. SODIMM RAM con pines dañados, contacto intermitente. Ejecutar MemTest86 para confirmar sector dañado.",Alta,Reemplazar módulo RAM dañado. Probar con módulo nuevo en slot afectado.,En diagnóstico,47.88,19.2
1392,Laptop,ASUS,ProArt StudioBook,Ultrabook,Motherboard,CMOS battery connector roto en motherboard,Motherboard con daño eléctrico. CMOS battery connector roto en motherboard. Inspeccionar con microscopio y multímetro.,Media,Reparar pista o componente específico. Verificar todos los circuitos de alimentación.,Reparable,299.91,7.3
1393,Tablet,Amazon,Fire 7,2 en 1,Motherboard,Conector de pantalla dañado en motherboard de laptop,Motherboard con daño eléctrico. Conector de pantalla dañado en motherboard de laptop. Inspeccionar con microscopio y multímetro.,Crítica,Reemplazo de placa madre. Evaluar costo vs equipo nuevo. Rescatar componentes reutilizables.,Requiere reemplazo de componente,383.99,45.1
1394,Laptop,Dell,Inspiron 14 5000,Gaming,Teclado,"Teclado se desconecta aleatoriamente, flex dañado","Problema de teclado. Teclado se desconecta aleatoriamente, flex dañado. Probar con teclado externo para confirmar diagnóstico.",Alta,Reemplazar teclado completo. Verificar si hay daño adicional por líquido.,Reparable,59.98,9.8
1395,Laptop,Acer,Swift X,2 en 1,Conectividad,"Bluetooth no empareja dispositivos, stack dañado","Diagnóstico general: Bluetooth no empareja dispositivos, stack dañado. Se requiere revisión técnica especializada.",Baja,Resetear adaptador de red. Olvidar y reconectar redes WiFi.,Garantía vigente,82.13,0.9
1396,Laptop,ASUS,ZenBook 14,Económica,GPU,"Error CODE 43 en GPU, Windows deshabilitó el dispositivo","GPU fallida. Error CODE 43 en GPU, Windows deshabilitó el dispositivo. Si es integrada, motherboard necesita reemplazo.",Alta,Reflow o reball de GPU. Reemplazar pasta térmica. Verificar alimentación.,En diagnóstico,461.32,17.4
1397,Tablet,Amazon,Fire 7,Económica,GPU,"Error CODE 43 en GPU, Windows deshabilitó el dispositivo","GPU fallida. Error CODE 43 en GPU, Windows deshabilitó el dispositivo. Si es integrada, motherboard necesita reemplazo.",Media,Reinstalar drivers con DDU. Verificar temperatura y ventilación de GPU.,En diagnóstico,291.42,6.7
1398,Laptop,Lenovo,ThinkPad X1 Carbon,Premium,Disco Duro/SSD,"Disco muestra capacidad incorrecta, tabla de particiones dañada","Diagnóstico general: Disco muestra capacidad incorrecta, tabla de particiones dañada. Se requiere revisión técnica especializada.",Alta,Respaldar datos y reemplazar disco. Ejecutar recuperación con herramientas especializadas.,Requiere reemplazo de componente,234.74,9.2
1399,Laptop,Lenovo,Yoga 7i,Económica,Sistema Operativo,"Sistema se congela aleatoriamente, conflicto de drivers","Diagnóstico general: Sistema se congela aleatoriamente, conflicto de drivers. Se requiere revisión técnica especializada.",Media,Restaurar sistema a punto anterior. Eliminar software problemático.,En diagnóstico,43.96,7.6
1400,Laptop,HP,Spectre x360,Gaming,Motherboard,CMOS battery connector roto en motherboard,Motherboard con daño eléctrico. CMOS battery connector roto en motherboard. Inspeccionar con microscopio y multímetro.,Alta,Reparación especializada de microsoldadura. Reemplazar componentes SMD dañados.,Requiere reemplazo de componente,436.95,7.3
1401,Laptop,Huawei,MateBook D15,Empresarial,BIOS,"Error de POST en BIOS, código de beep 1 largo 2 cortos","Se requiere flashear la BIOS para restaurar funcionalidad. Error de POST en BIOS, código de beep 1 largo 2 cortos",Alta,Flashear BIOS desde USB con método de recuperación del fabricante. Verificar versión actual.,Reparable,38.0,14.5
1402,Laptop,Samsung,Galaxy Book2 Pro,Económica,Motherboard,"Southbridge dañado, puertos SATA no responden","Puerto de E/S dañado. Southbridge dañado, puertos SATA no responden. Evaluar reparación o uso de adaptadores alternativos.",Baja,Limpieza profunda y rethermal. Verificar conexiones y reseat de componentes.,Garantía vigente,446.86,1.0
1403,Computadora,ASUS,VivoBook 22 Desktop,Micro,Audio,"Zumbido constante en altavoces, filtrado de ruido eléctrico","Diagnóstico general: Zumbido constante en altavoces, filtrado de ruido eléctrico. Se requiere revisión técnica especializada.",Baja,Actualizar drivers de audio. Verificar configuración de volumen y dispositivos.,Garantía vigente,13.37,1.8
1404,Laptop,Dell,XPS 15,Gaming,Puertos,"Puerto HDMI no da señal de video, pin dañado","Diagnóstico general: Puerto HDMI no da señal de video, pin dañado. Se requiere revisión técnica especializada.",Media,Limpiar puerto con aire comprimido. Verificar drivers del controlador USB.,En diagnóstico,136.13,5.7
1405,Laptop,Acer,Chromebook Spin 514,2 en 1,Puertos,"Puerto Ethernet no detecta cable, LED no enciende","Diagnóstico general: Puerto Ethernet no detecta cable, LED no enciende. Se requiere revisión técnica especializada.",Baja,Usar puerto alternativo. Monitorear funcionamiento del puerto afectado.,Reparable,75.55,2.2
1406,Laptop,Apple,MacBook Pro 13 M2,Económica,Teclado,"Teclado retroiluminado no enciende, LED defectuoso","Teclado dañado. Teclado retroiluminado no enciende, LED defectuoso. Si es por líquido, evaluar limpieza ultrasonido o reemplazo.",Crítica,"Reemplazo completo del teclado. Si es por líquido, evaluar daño a motherboard.",En diagnóstico,64.8,33.0
1407,Laptop,Toshiba,Dynabook E10,Económica,Motherboard,"Puerto de carga dañado, motherboard no recibe energía","Problema en circuito de motherboard. Puerto de carga dañado, motherboard no recibe energía. Medir voltajes en puntos de test para localizar falla.",Crítica,Reemplazo de placa madre. Evaluar costo vs equipo nuevo. Rescatar componentes reutilizables.,Fuera de servicio,496.69,21.3
1408,Tablet,Samsung,Galaxy Tab S9,Educacional,Motherboard,"Keyboard controller dañado, teclado no responde","Diagnóstico: Teclado defectuoso. Keyboard controller dañado, teclado no responde. Reemplazo del conjunto recomendado.",Media,Reparar pista o componente específico. Verificar todos los circuitos de alimentación.,En diagnóstico,475.56,5.4
1409,Laptop,Toshiba,Dynabook E10,Gaming,Pantalla,"Touchscreen no responde, controlador táctil dañado","Diagnóstico general: Touchscreen no responde, controlador táctil dañado. Se requiere revisión técnica especializada.",Alta,Reemplazar panel o componente de backlight. Cotizar reparación vs equipo nuevo.,Reparable,83.88,9.1
1410,Laptop,Dell,Inspiron 16 5000,Premium,Motherboard,"Fan header dañado, ventilador no gira","Diagnóstico general: Fan header dañado, ventilador no gira. Se requiere revisión técnica especializada.",Crítica,Reemplazo de placa madre. Evaluar costo vs equipo nuevo. Rescatar componentes reutilizables.,Fuera de servicio,340.68,40.9
1411,Laptop,Dell,Latitude 5540,Ultrabook,RAM,Reinicios aleatorios por errores de memoria RAM,Fallo de memoria detectado. Reinicios aleatorios por errores de memoria RAM. Se recomienda reemplazar módulo defectuoso.,Crítica,Reemplazo inmediato de módulo RAM defectuoso. Verificar compatibilidad con placa madre.,Requiere reemplazo de componente,38.64,19.2
1412,Laptop,Samsung,Galaxy Book3 Ultra,2 en 1,GPU,"Fan de GPU no gira, temperatura excesiva","Diagnóstico: Tarjeta gráfica defectuosa. Fan de GPU no gira, temperatura excesiva. Testear con FurMark para reproducir fallo.",Alta,Reflow o reball de GPU. Reemplazar pasta térmica. Verificar alimentación.,Reparable,382.78,20.5
1413,Laptop,ASUS,TUF Gaming A15,2 en 1,Pantalla,"Backlight no enciende, pantalla muy oscura","Pantalla defectuosa. Backlight no enciende, pantalla muy oscura. Inspeccionar conexiones y testear con pantalla externa.",Media,Reemplazar cable flex o inverter. Verificar conexión al motherboard.,Reparable,294.99,1.6
1414,Tablet,Apple,iPad 9th Gen,Profesional,Batería,Sistema entra en hibernación repentino por batería,Diagnóstico: Batería defectuosa. Sistema entra en hibernación repentino por batería. Reemplazar con batería original certificada.,Baja,Reemplazar batería cuando sea conveniente. Funciona con limitaciones.,En diagnóstico,100.11,1.1
1415,Computadora,Acer,Nitro 50,Gaming,Batería,"Ciclos de carga excedidos, salud de batería crítica","Problema de energía de batería. Ciclos de carga excedidos, salud de batería crítica. Evaluar seguridad de uso continuo.",Media,Calibrar batería siguiendo procedimiento del fabricante. Verificar ciclo de carga.,Garantía vigente,94.76,4.3
1416,Laptop,Toshiba,Satellite Pro R50,Ultrabook,Disco Duro/SSD,Disco muestra advertencia de fallo inminente,Diagnóstico general: Disco muestra advertencia de fallo inminente. Se requiere revisión técnica especializada.,Alta,Respaldar datos y reemplazar disco. Ejecutar recuperación con herramientas especializadas.,Requiere reemplazo de componente,64.87,11.0
1417,Tablet,ASUS,ZenPad Z8s,Económica,Fuente de Poder,"PC no arranca, protección de sobrecorriente activada","Diagnóstico general: PC no arranca, protección de sobrecorriente activada. Se requiere revisión técnica especializada.",Alta,Reemplazar fuente con certificación adecuada. Verificar potencia necesaria.,Requiere reemplazo de componente,76.54,14.7
1418,Computadora,ASUS,ROG Strix G35,SFF,Audio,Controlador de audio Realtek no instala correctamente,Diagnóstico: Circuito de audio defectuoso. Controlador de audio Realtek no instala correctamente. Verificar codec de audio y conexiones.,Baja,Actualizar drivers de audio. Verificar configuración de volumen y dispositivos.,Garantía vigente,32.07,3.9
1419,Laptop,Toshiba,Tecra A50,Ultrabook,Disco Duro/SSD,Disco muestra advertencia de fallo inminente,Diagnóstico general: Disco muestra advertencia de fallo inminente. Se requiere revisión técnica especializada.,Baja,Ejecutar optimización de disco. Liberar espacio en SSD para mejorar rendimiento.,Garantía vigente,156.04,3.1
1420,Computadora,ASUS,VivoBook 22 Desktop,Servidor,Teclado,"Teclado retroiluminado no enciende, LED defectuoso","Fallo en dispositivo de entrada. Teclado retroiluminado no enciende, LED defectuoso. Evaluar reemplazo de teclado.",Crítica,"Reemplazo completo del teclado. Si es por líquido, evaluar daño a motherboard.",Requiere reemplazo de componente,91.68,40.1
1421,Computadora,HP,EliteDesk Mini,SFF,Ventilación,"Ventilador no arranca al encender, motor quemado","Diagnóstico general: Ventilador no arranca al encender, motor quemado. Se requiere revisión técnica especializada.",Baja,Limpieza preventiva y monitoreo de temperaturas. Ajustar curva de ventilador.,En diagnóstico,46.45,2.5
1422,Laptop,Toshiba,Satellite Pro R50,Chromebook,Conectividad,"Conexión WiFi se cae constantemente, driver inestable","Diagnóstico general: Conexión WiFi se cae constantemente, driver inestable. Se requiere revisión técnica especializada.",Crítica,"Reemplazo de módulo WiFi/Bluetooth. Si es integrado, usar adaptador USB.",En diagnóstico,34.7,6.7
1423,Computadora,Gigabyte,B550 Vision D,Micro,Ventilación,"Ventilador siempre al 100%, sensor de temperatura defectuoso","Diagnóstico general: Ventilador siempre al 100%, sensor de temperatura defectuoso. Se requiere revisión técnica especializada.",Baja,Limpieza preventiva y monitoreo de temperaturas. Ajustar curva de ventilador.,Garantía vigente,64.02,2.3
1424,Computadora,Gigabyte,AORUS Model S,Workstation,GPU,GPU integrada causa parpadeo en pantalla,Pantalla defectuosa. GPU integrada causa parpadeo en pantalla. Inspeccionar conexiones y testear con pantalla externa.,Media,Reinstalar drivers con DDU. Verificar temperatura y ventilación de GPU.,Reparable,286.44,5.4
1425,Computadora,Gigabyte,Aero D1 Desktop,Gaming,Puertos,"Múltiples puertos USB no funcionan, hub interno dañado","Diagnóstico: Puerto defectuoso. Múltiples puertos USB no funcionan, hub interno dañado. Inspeccionar pines y soldaduras con lupa.",Media,Limpiar puerto con aire comprimido. Verificar drivers del controlador USB.,En diagnóstico,141.83,2.0
1426,Tablet,Samsung,Galaxy Tab S6 Lite,Profesional,Ventilación,"Heat pipe dañado, calor no se disipa correctamente","Diagnóstico general: Heat pipe dañado, calor no se disipa correctamente. Se requiere revisión técnica especializada.",Baja,Limpieza preventiva y monitoreo de temperaturas. Ajustar curva de ventilador.,Reparable,55.64,3.6
1427,Laptop,Acer,Aspire 5,Gaming,Pantalla,"Flex de pantalla dañado, imagen intermitente","Fallo en sistema de visualización. Flex de pantalla dañado, imagen intermitente. Verificar cable flex y controlador de backlight.",Baja,Calibrar pantalla y actualizar driver de vídeo. Ajustar perfil de color.,Garantía vigente,82.04,3.2
1428,Laptop,Dell,Latitude 5540,Workstation,Disco Duro/SSD,"Error CRC en disco, datos corruptos al copiar archivos","Diagnóstico general: Error CRC en disco, datos corruptos al copiar archivos. Se requiere revisión técnica especializada.",Baja,Ejecutar optimización de disco. Liberar espacio en SSD para mejorar rendimiento.,Reparable,220.19,3.2
1429,Tablet,ASUS,ZenPad Z8s,Gaming,Batería,"Batería no carga al 100%, se detiene en 80%","Diagnóstico: Batería defectuosa. Batería no carga al 100%, se detiene en 80%. Reemplazar con batería original certificada.",Alta,Reemplazar batería con original de fabricante. No usar baterías genéricas.,En diagnóstico,97.95,14.2
1430,Tablet,Amazon,Fire 7,eReader,Disco Duro/SSD,Disco muestra advertencia de fallo inminente,Diagnóstico general: Disco muestra advertencia de fallo inminente. Se requiere revisión técnica especializada.,Media,Ejecutar CHKDSK y reparación de sectores. Monitorear SMART diariamente.,Garantía vigente,46.2,4.9
1431,Laptop,Samsung,Galaxy Book3 Ultra,Workstation,Conectividad,"Conexión Ethernet limitada a 10Mbps, negociación fallida","Diagnóstico general: Conexión Ethernet limitada a 10Mbps, negociación fallida. Se requiere revisión técnica especializada.",Alta,Reinstalar drivers. Verificar antenas internas. Reemplazar módulo M.2 si aplica.,Reparable,96.4,4.3
1432,Laptop,Lenovo,IdeaPad Gaming 3,Gaming,Puertos,"Puerto de audio con estática, jack dañado","Sistema de audio dañado. Puerto de audio con estática, jack dañado. Si es hardware, evaluar placa de audio USB como alternativa.",Media,Limpiar puerto con aire comprimido. Verificar drivers del controlador USB.,Garantía vigente,65.74,7.1
1433,Tablet,Apple,iPad mini 6,Educacional,Motherboard,Motherboard no entra en suspensión correctamente,Fallo en placa madre. Motherboard no entra en suspensión correctamente. Evaluar viabilidad de reparación vs reemplazo.,Media,Reparar pista o componente específico. Verificar todos los circuitos de alimentación.,Garantía vigente,405.06,6.6
1434,Laptop,Samsung,Galaxy Book3 Ultra,Chromebook,Audio,"Sin sonido, controlador de audio dañado","Sistema de audio dañado. Sin sonido, controlador de audio dañado. Si es hardware, evaluar placa de audio USB como alternativa.",Media,Limpiar jack de audio. Verificar configuración de dispositivos de sonido.,Garantía vigente,54.87,2.6
1435,Computadora,HP,ProDesk 400 G7,Micro,Teclado,"Tecla Enter no funciona, membrana dañada","Diagnóstico general: Tecla Enter no funciona, membrana dañada. Se requiere revisión técnica especializada.",Baja,Limpiar tecla específica o reemplazar keycap. Verificar configuración de idioma.,Reparable,147.05,1.2
1436,Laptop,MSI,Bravo 15,2 en 1,Pantalla,"Flickering solo con batería, regulador de voltaje defectuoso","Problema de energía de batería. Flickering solo con batería, regulador de voltaje defectuoso. Evaluar seguridad de uso continuo.",Media,Reemplazar cable flex o inverter. Verificar conexión al motherboard.,Garantía vigente,316.62,3.4
1437,Laptop,Huawei,MateBook 14s,Gaming,Conectividad,"Conexión Ethernet limitada a 10Mbps, negociación fallida","Diagnóstico general: Conexión Ethernet limitada a 10Mbps, negociación fallida. Se requiere revisión técnica especializada.",Crítica,"Reemplazo de módulo WiFi/Bluetooth. Si es integrado, usar adaptador USB.",Fuera de servicio,58.78,18.3
1438,Computadora,ASUS,ProArt Station PD5,Micro,Teclado,"Varias teclas no funcionan, daño por líquido derramado","Diagnóstico: Memoria RAM con errores. Varias teclas no funcionan, daño por líquido derramado. Ejecutar MemTest86 para confirmar sector dañado.",Alta,Reemplazar teclado completo. Verificar si hay daño adicional por líquido.,Reparable,120.32,12.5
1439,Tablet,Lenovo,Tab P11 Pro,eReader,RAM,Memoria insufficient al abrir aplicaciones pesadas,Diagnóstico general: Memoria insufficient al abrir aplicaciones pesadas. Se requiere revisión técnica especializada.,Media,Limpiar contactos con alcohol isopropílico. Reubicar módulos en slots diferentes.,En diagnóstico,61.04,4.5
1440,Computadora,Gigabyte,AORUS Model S,Workstation,Motherboard,"Puertos USB traseros no funcionan, controlador I/O dañado","Problema en interfaz de puertos. Puertos USB traseros no funcionan, controlador I/O dañado. Probar con dispositivos conocidos como buenos.",Media,Reparar pista o componente específico. Verificar todos los circuitos de alimentación.,En diagnóstico,266.39,2.4
1441,Tablet,Samsung,Galaxy Tab S9 FE,Educacional,Batería,"Laptop se apaga al desconectar el cargador, batería muerta","Batería degradada. Laptop se apaga al desconectar el cargador, batería muerta. Verificar con diagnóstico de fabricante.",Media,Calibrar batería siguiendo procedimiento del fabricante. Verificar ciclo de carga.,En diagnóstico,127.92,6.6
1442,Computadora,ASUS,ProArt Station PD5,Gaming,Ventilación,Acumulación excesiva de polvo en ventilador y disipador,Diagnóstico general: Acumulación excesiva de polvo en ventilador y disipador. Se requiere revisión técnica especializada.,Alta,Limpiar obstrucciones y reaplicar pasta térmica. Verificar heat pipes.,Reparable,45.84,23.6
1443,Laptop,Dell,G15 Gaming,Chromebook,Motherboard,Circuito de protección de sobretensión activado permanentemente,Diagnóstico general: Circuito de protección de sobretensión activado permanentemente. Se requiere revisión técnica especializada.,Alta,Reparación especializada de microsoldadura. Reemplazar componentes SMD dañados.,Requiere reemplazo de componente,190.31,11.6
1444,Computadora,Lenovo,ThinkCentre M90q,Mini PC,Motherboard,"Pista de señal de reloj dañada, inestabilidad del sistema","Diagnóstico general: Pista de señal de reloj dañada, inestabilidad del sistema. Se requiere revisión técnica especializada.",Baja,Limpieza profunda y rethermal. Verificar conexiones y reseat de componentes.,Garantía vigente,140.03,2.4
1445,Tablet,Lenovo,Tab M10 Plus,Económica,Conectividad,"Conexión Ethernet limitada a 10Mbps, negociación fallida","Diagnóstico general: Conexión Ethernet limitada a 10Mbps, negociación fallida. Se requiere revisión técnica especializada.",Media,Actualizar drivers y firmware. Verificar configuración de red.,Garantía vigente,51.84,2.4
1446,Laptop,Dell,Alienware m16,Chromebook,RAM,Reinicios aleatorios por errores de memoria RAM,Fallo de memoria detectado. Reinicios aleatorios por errores de memoria RAM. Se recomienda reemplazar módulo defectuoso.,Alta,Reemplazar módulo RAM dañado. Probar con módulo nuevo en slot afectado.,Requiere reemplazo de componente,44.74,15.1
1447,Computadora,ASUS,Chromebox 4,All-in-One,Teclado,"Teclado se desconecta aleatoriamente, flex dañado","Diagnóstico: Teclado defectuoso. Teclado se desconecta aleatoriamente, flex dañado. Reemplazo del conjunto recomendado.",Alta,Reemplazar teclado completo. Verificar si hay daño adicional por líquido.,Requiere reemplazo de componente,70.04,9.8
1448,Tablet,Microsoft,Surface Pro 9,eReader,Disco Duro/SSD,Disco muestra advertencia de fallo inminente,Diagnóstico general: Disco muestra advertencia de fallo inminente. Se requiere revisión técnica especializada.,Baja,Ejecutar optimización de disco. Liberar espacio en SSD para mejorar rendimiento.,Reparable,121.1,2.0
1449,Laptop,Acer,Nitro 5,Chromebook,Pantalla,"Screen tearing constante, VSync no funciona","Diagnóstico general: Screen tearing constante, VSync no funciona. Se requiere revisión técnica especializada.",Alta,Reemplazar panel o componente de backlight. Cotizar reparación vs equipo nuevo.,Requiere reemplazo de componente,349.76,3.0
1450,Computadora,Acer,Predator Orion 3000,Workstation,Disco Duro/SSD,Disco con Bad Blocks en zona crítica del sistema,Diagnóstico general: Disco con Bad Blocks en zona crítica del sistema. Se requiere revisión técnica especializada.,Crítica,Clonar disco inmediatamente si es posible. Reemplazo urgente de unidad. Recuperación de datos profesional.,Requiere reemplazo de componente,159.97,8.8
1451,Computadora,Apple,iMac 24 M3,Mini PC,Motherboard,MOSFET de alimentación del CPU quemado en motherboard,Motherboard con daño eléctrico. MOSFET de alimentación del CPU quemado en motherboard. Inspeccionar con microscopio y multímetro.,Alta,Reparación especializada de microsoldadura. Reemplazar componentes SMD dañados.,Reparable,132.58,9.1
1452,Computadora,Custom/Genérica,PC Oficina i5-12400,Micro,Sistema Operativo,"Windows Update en bucle, descarga infinita","Diagnóstico general: Windows Update en bucle, descarga infinita. Se requiere revisión técnica especializada.",Media,Restaurar sistema a punto anterior. Eliminar software problemático.,Reparable,39.55,3.3
1453,Laptop,HP,EliteBook 650,2 en 1,RAM,Sistema se congela al consumir más del 75% de RAM,Fallo de memoria detectado. Sistema se congela al consumir más del 75% de RAM. Se recomienda reemplazar módulo defectuoso.,Crítica,Reemplazo inmediato de módulo RAM defectuoso. Verificar compatibilidad con placa madre.,En diagnóstico,86.45,11.8
1454,Computadora,Dell,XPS Desktop 8960,Servidor,RAM,"Fallo en test de memoria Windows, errores detectados","Diagnóstico general: Fallo en test de memoria Windows, errores detectados. Se requiere revisión técnica especializada.",Media,Limpiar contactos con alcohol isopropílico. Reubicar módulos en slots diferentes.,Reparable,27.46,2.9
1455,Computadora,Custom/Genérica,PC Gaming RTX 4070,Mini PC,RAM,Pantalla azul MEMORY_MANAGEMENT al usar múltiples aplicaciones,Pantalla defectuosa. Pantalla azul MEMORY_MANAGEMENT al usar múltiples aplicaciones. Inspeccionar conexiones y testear con pantalla externa.,Crítica,Reemplazo inmediato de módulo RAM defectuoso. Verificar compatibilidad con placa madre.,Requiere reemplazo de componente,70.4,36.6
1456,Tablet,Lenovo,Tab P12 Pro,Profesional,Motherboard,BIOS chip dañado físicamente en la motherboard,Error de inicialización de BIOS detectado. BIOS chip dañado físicamente en la motherboard. Verificar batería CMOS y versión de firmware.,Baja,Limpieza profunda y rethermal. Verificar conexiones y reseat de componentes.,Reparable,434.64,4.0
1457,Tablet,Xiaomi,Pad 6,2 en 1,Motherboard,BIOS chip dañado físicamente en la motherboard,Diagnóstico: Corrupción de BIOS. BIOS chip dañado físicamente en la motherboard. Procedimiento: Reflashing con método de recuperación del fabricante.,Media,Reparar pista o componente específico. Verificar todos los circuitos de alimentación.,Reparable,306.68,6.5
1458,Computadora,MSI,Cubi 5,Workstation,Disco Duro/SSD,"Error CRC en disco, datos corruptos al copiar archivos","Diagnóstico general: Error CRC en disco, datos corruptos al copiar archivos. Se requiere revisión técnica especializada.",Baja,Ejecutar optimización de disco. Liberar espacio en SSD para mejorar rendimiento.,Reparable,211.28,1.5
1459,Laptop,Toshiba,Dynabook E10,Ultrabook,Sistema Operativo,"Kernel panic en macOS, extensión incompatible","Diagnóstico general: Kernel panic en macOS, extensión incompatible. Se requiere revisión técnica especializada.",Media,Restaurar sistema a punto anterior. Eliminar software problemático.,Garantía vigente,41.77,7.2
1460,Computadora,MSI,Aegis RS 13th,Servidor,Audio,"Solo un canal de audio funciona, conector desoldado","Fallo en sistema de audio. Solo un canal de audio funciona, conector desoldado. Verificar controlador y hardware.",Media,Limpiar jack de audio. Verificar configuración de dispositivos de sonido.,Garantía vigente,57.07,6.9
1461,Computadora,Apple,Mac mini M2,Torre,Fuente de Poder,"Voltaje inestable en riel de 12V, componentes fallan","Diagnóstico general: Voltaje inestable en riel de 12V, componentes fallan. Se requiere revisión técnica especializada.",Baja,Monitorear voltajes. Considerar reemplazo preventivo.,Garantía vigente,82.23,0.8
1462,Computadora,Lenovo,ThinkStation P350,Torre,Disco Duro/SSD,"Disco con latencia alta, sectores lentos detectados","Diagnóstico general: Disco con latencia alta, sectores lentos detectados. Se requiere revisión técnica especializada.",Alta,Respaldar datos y reemplazar disco. Ejecutar recuperación con herramientas especializadas.,Requiere reemplazo de componente,53.06,14.8
1463,Laptop,Dell,Latitude 5540,Chromebook,GPU,"Artefactos gráficos en pantalla, memoria VRAM dañada","Fallo de memoria detectado. Artefactos gráficos en pantalla, memoria VRAM dañada. Se recomienda reemplazar módulo defectuoso.",Media,Reinstalar drivers con DDU. Verificar temperatura y ventilación de GPU.,En diagnóstico,256.15,6.3
1464,Computadora,ASUS,ROG Strix G10,Workstation,Batería,Error de comunicación entre batería y ACPI,Fallo en sistema de alimentación por batería. Error de comunicación entre batería y ACPI. Reemplazo de batería necesario.,Alta,Reemplazar batería con original de fabricante. No usar baterías genéricas.,En diagnóstico,105.71,9.4
1465,Laptop,Dell,G15 Gaming,2 en 1,Audio,"Audio cortado al mover la pantalla, flex dañado","Pantalla defectuosa. Audio cortado al mover la pantalla, flex dañado. Inspeccionar conexiones y testear con pantalla externa.",Crítica,Reemplazo de codec de audio o usar tarjeta de sonido USB externa.,En diagnóstico,81.44,15.6
1466,Tablet,Lenovo,Tab M8,Estándar,Audio,"Zumbido constante en altavoces, filtrado de ruido eléctrico","Diagnóstico general: Zumbido constante en altavoces, filtrado de ruido eléctrico. Se requiere revisión técnica especializada.",Crítica,Reemplazo de codec de audio o usar tarjeta de sonido USB externa.,Fuera de servicio,44.71,41.6
1467,Computadora,Dell,Alienware Aurora R16,All-in-One,Audio,"Zumbido constante en altavoces, filtrado de ruido eléctrico","Diagnóstico general: Zumbido constante en altavoces, filtrado de ruido eléctrico. Se requiere revisión técnica especializada.",Crítica,Reemplazo de codec de audio o usar tarjeta de sonido USB externa.,En diagnóstico,104.55,17.1
1468,Laptop,Toshiba,Satellite Pro R50,Workstation,Motherboard,"Puertos USB traseros no funcionan, controlador I/O dañado","Puerto de E/S dañado. Puertos USB traseros no funcionan, controlador I/O dañado. Evaluar reparación o uso de adaptadores alternativos.",Crítica,Reemplazo de placa madre. Evaluar costo vs equipo nuevo. Rescatar componentes reutilizables.,Fuera de servicio,234.74,40.2
1469,Computadora,Acer,Predator Orion 3000,All-in-One,Disco Duro/SSD,"Pantalla azul UNMOUNTABLE_BOOT_VOLUME, disco corrupto","Diagnóstico: Panel o componentes de pantalla dañados. Pantalla azul UNMOUNTABLE_BOOT_VOLUME, disco corrupto. Probar con monitor externo para descartar GPU.",Alta,Respaldar datos y reemplazar disco. Ejecutar recuperación con herramientas especializadas.,En diagnóstico,236.81,22.6
1470,Laptop,Dell,Inspiron 15 3000,Empresarial,RAM,Error MEMORY_READ_EXCEPTION en tareas pesadas,Diagnóstico general: Error MEMORY_READ_EXCEPTION en tareas pesadas. Se requiere revisión técnica especializada.,Crítica,Reemplazo inmediato de módulo RAM defectuoso. Verificar compatibilidad con placa madre.,Requiere reemplazo de componente,87.34,18.3
1471,Laptop,ASUS,ZenBook Pro 16,Económica,Motherboard,"Motherboard con condensadores inflados, inestabilidad","Diagnóstico: Motherboard defectuosa. Motherboard con condensadores inflados, inestabilidad. Verificar todas las pistas y componentes SMD.",Alta,Reparación especializada de microsoldadura. Reemplazar componentes SMD dañados.,Reparable,470.43,23.9
1472,Laptop,ASUS,ProArt StudioBook,Gaming,Pantalla,"Flickering solo con batería, regulador de voltaje defectuoso","Batería degradada. Flickering solo con batería, regulador de voltaje defectuoso. Verificar con diagnóstico de fabricante.",Baja,Calibrar pantalla y actualizar driver de vídeo. Ajustar perfil de color.,Garantía vigente,265.1,0.7
1473,Laptop,Huawei,MateBook D15,2 en 1,Motherboard,"Placa no detecta disco SATA, controlador dañado","Diagnóstico general: Placa no detecta disco SATA, controlador dañado. Se requiere revisión técnica especializada.",Media,Reparar pista o componente específico. Verificar todos los circuitos de alimentación.,Reparable,404.86,6.8
1474,Computadora,Huawei,MateStation B515,Servidor,Motherboard,"Power button connector suelto, motherboard no arranca","Diagnóstico: Motherboard defectuosa. Power button connector suelto, motherboard no arranca. Verificar todas las pistas y componentes SMD.",Media,Reparar pista o componente específico. Verificar todos los circuitos de alimentación.,En diagnóstico,230.75,7.0
1475,Computadora,Apple,iMac 24 M3,All-in-One,Disco Duro/SSD,"Disco duro hace clic repetitivo, fallo mecánico inminente","Diagnóstico general: Disco duro hace clic repetitivo, fallo mecánico inminente. Se requiere revisión técnica especializada.",Media,Ejecutar CHKDSK y reparación de sectores. Monitorear SMART diariamente.,Garantía vigente,206.66,4.3
1476,Laptop,Apple,MacBook Pro 16 M2 Pro,Premium,Ventilación,"CPU se sobrecalienta, ventilador no gira","Diagnóstico general: CPU se sobrecalienta, ventilador no gira. Se requiere revisión técnica especializada.",Alta,Limpiar obstrucciones y reaplicar pasta térmica. Verificar heat pipes.,Requiere reemplazo de componente,25.96,5.4
1477,Tablet,Samsung,Galaxy Tab A8,Educacional,Motherboard,BIOS chip dañado físicamente en la motherboard,Fallo en firmware BIOS. BIOS chip dañado físicamente en la motherboard. Se recomienda reemplazo de chip BIOS.,Baja,Limpieza profunda y rethermal. Verificar conexiones y reseat de componentes.,En diagnóstico,246.02,2.2
1478,Computadora,MSI,Cubi 5,Gaming,Ventilación,"Sistema se apaga por protección térmica, ventilación insuficiente","Fallo en sistema térmico. Sistema se apaga por protección térmica, ventilación insuficiente. Limpiar obstrucciones y verificar RPM del ventilador.",Alta,Limpiar obstrucciones y reaplicar pasta térmica. Verificar heat pipes.,Reparable,24.67,3.0
1479,Computadora,HP,EliteDesk 800 G8,Workstation,Motherboard,MOSFET de alimentación del CPU quemado en motherboard,Motherboard con daño eléctrico. MOSFET de alimentación del CPU quemado en motherboard. Inspeccionar con microscopio y multímetro.,Alta,Reparación especializada de microsoldadura. Reemplazar componentes SMD dañados.,En diagnóstico,328.5,3.3
1480,Laptop,MSI,Cyborg 15,2 en 1,RAM,"Beep code 2 pitidos, error de parity check en RAM","Inestabilidad por RAM defectuosa. Beep code 2 pitidos, error de parity check en RAM. Probar módulos individualmente para aislar el dañado.",Crítica,Reemplazo inmediato de módulo RAM defectuoso. Verificar compatibilidad con placa madre.,En diagnóstico,51.56,10.9
1481,Computadora,Acer,Chromebox CXI5,All-in-One,Motherboard,"Puertos USB traseros no funcionan, controlador I/O dañado","Fallo en conectividad de puertos. Puertos USB traseros no funcionan, controlador I/O dañado. Verificar controlador I/O y soldaduras.",Media,Reparar pista o componente específico. Verificar todos los circuitos de alimentación.,Reparable,121.0,7.8
1482,Laptop,Acer,Swift X,Premium,RAM,RAM DDR4 no arranca a la velocidad XMP especificada,Diagnóstico: Memoria RAM con errores. RAM DDR4 no arranca a la velocidad XMP especificada. Ejecutar MemTest86 para confirmar sector dañado.,Baja,Ejecutar diagnóstico de memoria extendido. Monitorear en próximos días.,En diagnóstico,108.9,3.8
1483,Computadora,MSI,Aegis RS 13th,Workstation,Disco Duro/SSD,"Disco duro con sectores dañados, CHKDSK reporta errores","Diagnóstico general: Disco duro con sectores dañados, CHKDSK reporta errores. Se requiere revisión técnica especializada.",Alta,Respaldar datos y reemplazar disco. Ejecutar recuperación con herramientas especializadas.,En diagnóstico,138.66,13.9
1484,Computadora,Dell,G5 Gaming Desktop,All-in-One,Disco Duro/SSD,SSD con escritura lenta después de 80% de capacidad,Diagnóstico general: SSD con escritura lenta después de 80% de capacidad. Se requiere revisión técnica especializada.,Baja,Ejecutar optimización de disco. Liberar espacio en SSD para mejorar rendimiento.,Garantía vigente,242.83,1.1
1485,Tablet,Huawei,MatePad Pro 12.6,Estándar,Teclado,"Tecla Enter no funciona, membrana dañada","Diagnóstico general: Tecla Enter no funciona, membrana dañada. Se requiere revisión técnica especializada.",Alta,Reemplazar teclado completo. Verificar si hay daño adicional por líquido.,Reparable,133.41,8.7
1486,Computadora,Dell,Inspiron 3881,All-in-One,Pantalla,"Flex de pantalla dañado, imagen intermitente","Display con defecto. Flex de pantalla dañado, imagen intermitente. Reemplazo de panel recomendado si costo es viable.",Alta,Reemplazar panel o componente de backlight. Cotizar reparación vs equipo nuevo.,Reparable,202.49,18.8
1487,Computadora,ASUS,ROG Strix G10,Micro,RAM,"Aplicaciones se cierran solas, RAM con sectores defectuosos","Inestabilidad por RAM defectuosa. Aplicaciones se cierran solas, RAM con sectores defectuosos. Probar módulos individualmente para aislar el dañado.",Crítica,Reemplazo inmediato de módulo RAM defectuoso. Verificar compatibilidad con placa madre.,Fuera de servicio,109.48,4.1
1488,Computadora,Acer,Veriton X2680G,Torre,Fuente de Poder,"Fuente de poder no enciende, ventilador sin movimiento","Diagnóstico general: Fuente de poder no enciende, ventilador sin movimiento. Se requiere revisión técnica especializada.",Media,Verificar conexiones y cables. Probar con fuente de respaldo.,Garantía vigente,69.44,5.3
1489,Computadora,ASUS,ExpertCenter D5,All-in-One,Disco Duro/SSD,Error INACCESSIBLE_BOOT_DEVICE al iniciar Windows,Diagnóstico general: Error INACCESSIBLE_BOOT_DEVICE al iniciar Windows. Se requiere revisión técnica especializada.,Baja,Ejecutar optimización de disco. Liberar espacio en SSD para mejorar rendimiento.,En diagnóstico,209.21,3.3
1490,Laptop,Apple,MacBook Air M2,Gaming,Audio,"Sin sonido, controlador de audio dañado","Diagnóstico: Circuito de audio defectuoso. Sin sonido, controlador de audio dañado. Verificar codec de audio y conexiones.",Media,Limpiar jack de audio. Verificar configuración de dispositivos de sonido.,Garantía vigente,54.39,2.8
1491,Tablet,ASUS,ZenPad Z8s,eReader,Disco Duro/SSD,"SSD con firmware corrupto, no monta partición","Diagnóstico general: SSD con firmware corrupto, no monta partición. Se requiere revisión técnica especializada.",Media,Ejecutar CHKDSK y reparación de sectores. Monitorear SMART diariamente.,Garantía vigente,200.69,1.0
1492,Computadora,Acer,Predator Orion 3000,Servidor,Motherboard,MOSFET de alimentación del CPU quemado en motherboard,Problema en circuito de motherboard. MOSFET de alimentación del CPU quemado en motherboard. Medir voltajes en puntos de test para localizar falla.,Alta,Reparación especializada de microsoldadura. Reemplazar componentes SMD dañados.,Reparable,140.81,5.0
1493,Computadora,Lenovo,IdeaCentre Gaming 5,All-in-One,RAM,"RAM no detectada, sistema muestra menos memoria de la instalada","Fallo de memoria detectado. RAM no detectada, sistema muestra menos memoria de la instalada. Se recomienda reemplazar módulo defectuoso.",Crítica,Reemplazo inmediato de módulo RAM defectuoso. Verificar compatibilidad con placa madre.,En diagnóstico,99.34,36.1
1494,Laptop,Samsung,Galaxy Book2 Pro,Workstation,Motherboard,"PCIe slot dañado, tarjeta gráfica no detectada","Diagnóstico general: PCIe slot dañado, tarjeta gráfica no detectada. Se requiere revisión técnica especializada.",Alta,Reparación especializada de microsoldadura. Reemplazar componentes SMD dañados.,En diagnóstico,382.06,21.3
1495,Laptop,ASUS,VivoBook 15,Chromebook,GPU,"Pantalla azul VIDEO_TDR_FAILURE, GPU dedicada fallida","Fallo en sistema de visualización. Pantalla azul VIDEO_TDR_FAILURE, GPU dedicada fallida. Verificar cable flex y controlador de backlight.",Media,Reinstalar drivers con DDU. Verificar temperatura y ventilación de GPU.,Reparable,94.25,5.9
1496,Computadora,ASUS,ROG Strix G35,SFF,Fuente de Poder,"Reinicios aleatorios bajo carga, PSU insuficiente","Diagnóstico general: Reinicios aleatorios bajo carga, PSU insuficiente. Se requiere revisión técnica especializada.",Media,Verificar conexiones y cables. Probar con fuente de respaldo.,En diagnóstico,158.64,2.8
1497,Computadora,Gigabyte,B550 Vision D,Micro,Ventilación,"CPU se sobrecalienta, ventilador no gira","Diagnóstico general: CPU se sobrecalienta, ventilador no gira. Se requiere revisión técnica especializada.",Crítica,Reemplazar disipador y ventilador. Reaplicar pasta térmica de calidad. Limpieza completa.,Requiere reemplazo de componente,54.54,16.9
1498,Computadora,Acer,Aspire XC,Mini PC,Teclado,Tecla espacio no responde en zona central,Diagnóstico general: Tecla espacio no responde en zona central. Se requiere revisión técnica especializada.,Media,Limpiar contacto de teclas afectadas. Verificar flex de conexión.,Garantía vigente,46.1,3.7
1499,Laptop,Toshiba,Satellite C55,Gaming,Disco Duro/SSD,"Disco duro externo no monta, controlador USB-SATA fallido","Diagnóstico general: Disco duro externo no monta, controlador USB-SATA fallido. Se requiere revisión técnica especializada.",Baja,Ejecutar optimización de disco. Liberar espacio en SSD para mejorar rendimiento.,Reparable,196.74,3.3
1500,Laptop,Lenovo,IdeaPad Gaming 3,Económica,Motherboard,"Placa no detecta disco SATA, controlador dañado","Diagnóstico general: Placa no detecta disco SATA, controlador dañado. Se requiere revisión técnica especializada.",Alta,Reparación especializada de microsoldadura. Reemplazar componentes SMD dañados.,Reparable,406.78,16.2
1501,Computadora,Custom/Genérica,PC Oficina i5-12400,Micro,Batería,Batería no detectada por el sistema operativo,Diagnóstico: Batería defectuosa. Batería no detectada por el sistema operativo. Reemplazar con batería original certificada.,Crítica,Retirar batería inmediatamente por seguridad (inflamación). Usar solo con cargador.,Fuera de servicio,126.42,7.8
1502,Computadora,Dell,Inspiron 3881,SFF,Ventilación,"Sistema hace throttle térmico, disipador obstruido","Diagnóstico general: Sistema hace throttle térmico, disipador obstruido. Se requiere revisión técnica especializada.",Media,Limpieza de polvo con aire comprimido. Verificar RPM del ventilador.,En diagnóstico,37.01,2.9
1503,Tablet,Lenovo,Tab P12 Pro,Profesional,Pantalla,"Pantalla táctil con calibración desviada, toques imprecisos","Problema de display detectado. Pantalla táctil con calibración desviada, toques imprecisos. Evaluar reemplazo de panel o componentes asociados.",Alta,Reemplazar panel o componente de backlight. Cotizar reparación vs equipo nuevo.,Reparable,273.8,22.9
1504,Laptop,HP,EliteBook 650,Gaming,Audio,"Audio funciona solo con auriculares, switch de jack atascado","Diagnóstico: Circuito de audio defectuoso. Audio funciona solo con auriculares, switch de jack atascado. Verificar codec de audio y conexiones.",Alta,Reinstalar drivers de audio. Verificar jack de audio con multímetro.,Requiere reemplazo de componente,88.57,9.7
1505,Tablet,Apple,iPad Air M2,2 en 1,GPU,"GPU con throttling térmico severo, rendimiento reducido","Diagnóstico: Tarjeta gráfica defectuosa. GPU con throttling térmico severo, rendimiento reducido. Testear con FurMark para reproducir fallo.",Baja,Actualizar drivers de GPU. Ajustar configuración de rendimiento.,Reparable,392.7,3.1
1506,Laptop,Lenovo,IdeaPad Gaming 3,Económica,Batería,Batería no detectada por el sistema operativo,Fallo en sistema de alimentación por batería. Batería no detectada por el sistema operativo. Reemplazo de batería necesario.,Alta,Reemplazar batería con original de fabricante. No usar baterías genéricas.,Requiere reemplazo de componente,55.88,12.4
1507,Computadora,Gigabyte,AORUS Model S,Mini PC,RAM,Error MEMORY_READ_EXCEPTION en tareas pesadas,Diagnóstico general: Error MEMORY_READ_EXCEPTION en tareas pesadas. Se requiere revisión técnica especializada.,Baja,Ejecutar diagnóstico de memoria extendido. Monitorear en próximos días.,Garantía vigente,119.62,2.7
1508,Laptop,MSI,Modern 14,Ultrabook,BIOS,Temperatura CPU no reportada correctamente por BIOS,Diagnóstico: Corrupción de BIOS. Temperatura CPU no reportada correctamente por BIOS. Procedimiento: Reflashing con método de recuperación del fabricante.,Crítica,"Retroflash de BIOS con programador externo SPI. Si no es posible, reemplazo de placa madre.",Fuera de servicio,80.92,25.6
1509,Computadora,Custom/Genérica,PC Workstation Xeon,Workstation,BIOS,"Error ACPI en BIOS, sistema no entra en suspensión","Diagnóstico: Corrupción de BIOS. Error ACPI en BIOS, sistema no entra en suspensión. Procedimiento: Reflashing con método de recuperación del fabricante.",Media,Reset de CMOS y reconfiguración de BIOS. Actualizar a última versión estable.,Reparable,28.3,3.9
1510,Computadora,HP,Z4 G5 Workstation,Mini PC,RAM,"Fallo en test de memoria Windows, errores detectados","Diagnóstico general: Fallo en test de memoria Windows, errores detectados. Se requiere revisión técnica especializada.",Media,Limpiar contactos con alcohol isopropílico. Reubicar módulos en slots diferentes.,En diagnóstico,85.15,7.7
1511,Computadora,Gigabyte,B550 Vision D,Micro,Pantalla,"Pantalla con color amarillento, perfil de color corrupto","Pantalla defectuosa. Pantalla con color amarillento, perfil de color corrupto. Inspeccionar conexiones y testear con pantalla externa.",Crítica,Reemplazo completo de panel LCD/LED. Verificar disponibilidad de repuesto.,En diagnóstico,151.9,46.1
1512,Laptop,Dell,Latitude 5540,Premium,Disco Duro/SSD,"Disco duro no gira, motor spindle fallido","Diagnóstico general: Disco duro no gira, motor spindle fallido. Se requiere revisión técnica especializada.",Alta,Respaldar datos y reemplazar disco. Ejecutar recuperación con herramientas especializadas.,Reparable,214.06,19.9
1513,Laptop,Lenovo,ThinkPad X1 Carbon,Empresarial,Ventilación,"Ventilador vibra anormalmente, aspas desbalanceadas","Diagnóstico general: Ventilador vibra anormalmente, aspas desbalanceadas. Se requiere revisión técnica especializada.",Media,Limpieza de polvo con aire comprimido. Verificar RPM del ventilador.,Reparable,26.83,7.5
1514,Computadora,MSI,Modern AM241,Micro,Motherboard,Placa madre con cortocircuito en sección de alimentación,Diagnóstico general: Placa madre con cortocircuito en sección de alimentación. Se requiere revisión técnica especializada.,Crítica,Reemplazo de placa madre. Evaluar costo vs equipo nuevo. Rescatar componentes reutilizables.,En diagnóstico,474.42,42.4
1515,Laptop,Apple,MacBook Pro 14 M3,Económica,RAM,RAM DDR4 no arranca a la velocidad XMP especificada,Error de memoria RAM. RAM DDR4 no arranca a la velocidad XMP especificada. Verificar compatibilidad y velocidad de módulos.,Alta,Reemplazar módulo RAM dañado. Probar con módulo nuevo en slot afectado.,En diagnóstico,56.85,20.1
1516,Laptop,Dell,Inspiron 15 3000,Chromebook,Disco Duro/SSD,"Disco duro con sectores dañados, CHKDSK reporta errores","Diagnóstico general: Disco duro con sectores dañados, CHKDSK reporta errores. Se requiere revisión técnica especializada.",Alta,Respaldar datos y reemplazar disco. Ejecutar recuperación con herramientas especializadas.,Reparable,61.97,18.2
1517,Laptop,Toshiba,Satellite Pro R50,Empresarial,RAM,"Pitidos continuos al encender, módulo RAM defectuoso","Error de memoria RAM. Pitidos continuos al encender, módulo RAM defectuoso. Verificar compatibilidad y velocidad de módulos.",Media,Limpiar contactos con alcohol isopropílico. Reubicar módulos en slots diferentes.,En diagnóstico,108.13,5.7
1518,Laptop,Dell,Inspiron 14 5000,Ultrabook,Ventilación,"Ventilador no arranca al encender, motor quemado","Diagnóstico general: Ventilador no arranca al encender, motor quemado. Se requiere revisión técnica especializada.",Baja,Limpieza preventiva y monitoreo de temperaturas. Ajustar curva de ventilador.,Reparable,24.73,1.4
1519,Computadora,Huawei,MateStation S,Servidor,Audio,"Micrófono no funciona, jack de audio dañado","Problema de sonido. Micrófono no funciona, jack de audio dañado. Probar con auriculares para descartar altavoces.",Crítica,Reemplazo de codec de audio o usar tarjeta de sonido USB externa.,Requiere reemplazo de componente,14.75,44.0
1520,Laptop,Dell,Vostro 3520,Workstation,Batería,"Laptop se apaga al desconectar el cargador, batería muerta","Diagnóstico: Batería defectuosa. Laptop se apaga al desconectar el cargador, batería muerta. Reemplazar con batería original certificada.",Baja,Reemplazar batería cuando sea conveniente. Funciona con limitaciones.,Garantía vigente,103.7,2.4
1521,Computadora,Dell,Vostro 3710,All-in-One,Motherboard,"Fan header dañado, ventilador no gira","Diagnóstico general: Fan header dañado, ventilador no gira. Se requiere revisión técnica especializada.",Media,Reparar pista o componente específico. Verificar todos los circuitos de alimentación.,En diagnóstico,381.01,5.4
1522,Tablet,Amazon,Fire Max 11,eReader,Fuente de Poder,"Fuente hace ruido eléctrico, capacitor dañado","Diagnóstico general: Fuente hace ruido eléctrico, capacitor dañado. Se requiere revisión técnica especializada.",Alta,Reemplazar fuente con certificación adecuada. Verificar potencia necesaria.,En diagnóstico,146.06,23.0
1523,Tablet,Lenovo,Tab M10 Plus,Educacional,Ventilación,"CPU se sobrecalienta, ventilador no gira","Diagnóstico general: CPU se sobrecalienta, ventilador no gira. Se requiere revisión técnica especializada.",Media,Limpieza de polvo con aire comprimido. Verificar RPM del ventilador.,Garantía vigente,30.19,3.1
1524,Computadora,MSI,Modern AM241,Micro,Disco Duro/SSD,"Disco muestra capacidad incorrecta, tabla de particiones dañada","Diagnóstico general: Disco muestra capacidad incorrecta, tabla de particiones dañada. Se requiere revisión técnica especializada.",Alta,Respaldar datos y reemplazar disco. Ejecutar recuperación con herramientas especializadas.,En diagnóstico,236.1,16.8
1525,Computadora,Dell,Inspiron 3881,Torre,Teclado,"Tecla Enter no funciona, membrana dañada","Diagnóstico general: Tecla Enter no funciona, membrana dañada. Se requiere revisión técnica especializada.",Alta,Reemplazar teclado completo. Verificar si hay daño adicional por líquido.,Reparable,89.22,16.1
1526,Laptop,Lenovo,IdeaPad 3,Ultrabook,Conectividad,"Interferencia WiFi por tarjeta gráfica, antena mal posicionada","Diagnóstico general: Interferencia WiFi por tarjeta gráfica, antena mal posicionada. Se requiere revisión técnica especializada.",Media,Actualizar drivers y firmware. Verificar configuración de red.,En diagnóstico,77.29,5.6
1527,Tablet,Xiaomi,Pad 5 Pro 5G,Económica,Batería,"Ciclos de carga excedidos, salud de batería crítica","Batería degradada. Ciclos de carga excedidos, salud de batería crítica. Verificar con diagnóstico de fabricante.",Baja,Reemplazar batería cuando sea conveniente. Funciona con limitaciones.,Garantía vigente,65.34,2.1
1528,Tablet,Apple,iPad mini 6,Económica,Ventilación,"Ventilador hace ruido excesivo, rodamiento dañado","Diagnóstico general: Ventilador hace ruido excesivo, rodamiento dañado. Se requiere revisión técnica especializada.",Baja,Limpieza preventiva y monitoreo de temperaturas. Ajustar curva de ventilador.,En diagnóstico,45.3,1.9
1529,Tablet,Samsung,Galaxy Tab A8,Profesional,Batería,"Laptop se apaga al desconectar el cargador, batería muerta","Batería en estado crítico. Laptop se apaga al desconectar el cargador, batería muerta. Retirar si está inflada por riesgo de seguridad.",Baja,Reemplazar batería cuando sea conveniente. Funciona con limitaciones.,Garantía vigente,91.42,1.1
1530,Tablet,ASUS,ROG Flow Z13,eReader,Conectividad,"Bluetooth no funciona, módulo no detectado","Diagnóstico general: Bluetooth no funciona, módulo no detectado. Se requiere revisión técnica especializada.",Alta,Reinstalar drivers. Verificar antenas internas. Reemplazar módulo M.2 si aplica.,Reparable,67.27,17.8
1531,Laptop,Dell,Alienware m16,Workstation,Batería,Porcentaje de batería salta de 30% a 5% sin aviso,Fallo en sistema de alimentación por batería. Porcentaje de batería salta de 30% a 5% sin aviso. Reemplazo de batería necesario.,Alta,Reemplazar batería con original de fabricante. No usar baterías genéricas.,Reparable,73.36,7.2
1532,Computadora,Apple,iMac 24 M3,All-in-One,Teclado,"Teclado se desconecta aleatoriamente, flex dañado","Fallo en dispositivo de entrada. Teclado se desconecta aleatoriamente, flex dañado. Evaluar reemplazo de teclado.",Media,Limpiar contacto de teclas afectadas. Verificar flex de conexión.,Garantía vigente,113.49,2.1
1533,Laptop,Huawei,MateBook 14s,Ultrabook,BIOS,Voltaje de RAM configurado incorrectamente en BIOS,Diagnóstico: Corrupción de BIOS. Voltaje de RAM configurado incorrectamente en BIOS. Procedimiento: Reflashing con método de recuperación del fabricante.,Alta,Flashear BIOS desde USB con método de recuperación del fabricante. Verificar versión actual.,Reparable,105.77,4.7
1534,Computadora,Huawei,MateStation B515,Torre,Motherboard,"Motherboard con condensadores inflados, inestabilidad","Fallo en placa madre. Motherboard con condensadores inflados, inestabilidad. Evaluar viabilidad de reparación vs reemplazo.",Crítica,Reemplazo de placa madre. Evaluar costo vs equipo nuevo. Rescatar componentes reutilizables.,Fuera de servicio,436.6,29.4
1535,Laptop,Huawei,MateBook E Go,Ultrabook,Audio,"Audio cortado al mover la pantalla, flex dañado","Diagnóstico: Panel o componentes de pantalla dañados. Audio cortado al mover la pantalla, flex dañado. Probar con monitor externo para descartar GPU.",Media,Limpiar jack de audio. Verificar configuración de dispositivos de sonido.,Garantía vigente,20.51,1.4
1536,Laptop,Apple,MacBook Pro 16 M3 Pro,Premium,GPU,"Error CODE 43 en GPU, Windows deshabilitó el dispositivo","GPU fallida. Error CODE 43 en GPU, Windows deshabilitó el dispositivo. Si es integrada, motherboard necesita reemplazo.",Baja,Actualizar drivers de GPU. Ajustar configuración de rendimiento.,Reparable,127.33,1.9
1537,Laptop,Acer,Swift 3,Workstation,Sistema Operativo,"Kernel panic en macOS, extensión incompatible","Diagnóstico general: Kernel panic en macOS, extensión incompatible. Se requiere revisión técnica especializada.",Alta,Reparación de arranque con herramientas de recuperación. SFC y DISM.,Reparable,48.7,10.2
1538,Laptop,Lenovo,IdeaPad 3,2 en 1,Motherboard,Circuito de protección de sobretensión activado permanentemente,Diagnóstico general: Circuito de protección de sobretensión activado permanentemente. Se requiere revisión técnica especializada.,Alta,Reparación especializada de microsoldadura. Reemplazar componentes SMD dañados.,Reparable,138.65,6.5
1539,Tablet,Samsung,Galaxy Tab S6 Lite,Educacional,Ventilación,Acumulación excesiva de polvo en ventilador y disipador,Diagnóstico general: Acumulación excesiva de polvo en ventilador y disipador. Se requiere revisión técnica especializada.,Alta,Limpiar obstrucciones y reaplicar pasta térmica. Verificar heat pipes.,Reparable,76.92,3.9
1540,Laptop,MSI,Creator Z16,Gaming,Motherboard,"Pista de señal de reloj dañada, inestabilidad del sistema","Diagnóstico general: Pista de señal de reloj dañada, inestabilidad del sistema. Se requiere revisión técnica especializada.",Alta,Reparación especializada de microsoldadura. Reemplazar componentes SMD dañados.,Reparable,411.08,4.1
1541,Laptop,Acer,ConceptD 3,Gaming,Motherboard,"Pista de señal de reloj dañada, inestabilidad del sistema","Diagnóstico general: Pista de señal de reloj dañada, inestabilidad del sistema. Se requiere revisión técnica especializada.",Alta,Reparación especializada de microsoldadura. Reemplazar componentes SMD dañados.,Requiere reemplazo de componente,352.62,15.6
1542,Laptop,Huawei,MateBook E Go,Económica,Pantalla,"Touchscreen no responde, controlador táctil dañado","Diagnóstico general: Touchscreen no responde, controlador táctil dañado. Se requiere revisión técnica especializada.",Media,Reemplazar cable flex o inverter. Verificar conexión al motherboard.,Garantía vigente,212.96,5.6
1543,Laptop,Apple,MacBook Pro 16 M2 Pro,2 en 1,Fuente de Poder,"Voltaje de 5V fuera de especificación, USB inestable","Diagnóstico general: Voltaje de 5V fuera de especificación, USB inestable. Se requiere revisión técnica especializada.",Media,Verificar conexiones y cables. Probar con fuente de respaldo.,Garantía vigente,53.95,3.3
1544,Tablet,Samsung,Galaxy Tab S6 Lite,eReader,Motherboard,"Motherboard con condensadores inflados, inestabilidad","Componente de motherboard dañado. Motherboard con condensadores inflados, inestabilidad. Se requiere microsoldadura especializada.",Alta,Reparación especializada de microsoldadura. Reemplazar componentes SMD dañados.,En diagnóstico,120.28,8.4
1545,Computadora,HP,Pavilion Desktop,Torre,Puertos,"Puerto Thunderbolt no funciona, controlador dañado","Diagnóstico general: Puerto Thunderbolt no funciona, controlador dañado. Se requiere revisión técnica especializada.",Media,Limpiar puerto con aire comprimido. Verificar drivers del controlador USB.,Garantía vigente,70.28,5.0
1546,Laptop,Huawei,MateBook D15,Premium,Audio,"Audio cortado al mover la pantalla, flex dañado","Fallo en sistema de visualización. Audio cortado al mover la pantalla, flex dañado. Verificar cable flex y controlador de backlight.",Media,Limpiar jack de audio. Verificar configuración de dispositivos de sonido.,Reparable,48.83,2.3
1547,Laptop,HP,ZBook Firefly,Ultrabook,Sistema Operativo,"Sistema se congela aleatoriamente, conflicto de drivers","Diagnóstico general: Sistema se congela aleatoriamente, conflicto de drivers. Se requiere revisión técnica especializada.",Media,Restaurar sistema a punto anterior. Eliminar software problemático.,Reparable,19.63,3.6
1548,Tablet,Samsung,Galaxy Tab A8,eReader,Disco Duro/SSD,Partición de recuperación inaccesible en disco,Diagnóstico general: Partición de recuperación inaccesible en disco. Se requiere revisión técnica especializada.,Media,Ejecutar CHKDSK y reparación de sectores. Monitorear SMART diariamente.,Reparable,229.23,3.2
1549,Computadora,Lenovo,ThinkStation P350,Workstation,Pantalla,"Resolución atascada en modo seguro, driver de pantalla corrupto","Problema de display detectado. Resolución atascada en modo seguro, driver de pantalla corrupto. Evaluar reemplazo de panel o componentes asociados.",Media,Reemplazar cable flex o inverter. Verificar conexión al motherboard.,Reparable,198.3,7.4
1550,Tablet,ASUS,Chromebook Detachable CZ1,Educacional,RAM,Pantalla azul MEMORY_MANAGEMENT al usar múltiples aplicaciones,Fallo en sistema de visualización. Pantalla azul MEMORY_MANAGEMENT al usar múltiples aplicaciones. Verificar cable flex y controlador de backlight.,Baja,Ejecutar diagnóstico de memoria extendido. Monitorear en próximos días.,Reparable,64.61,2.5
1551,Laptop,Dell,Alienware m16,Gaming,BIOS,Secure Boot falla en verificación de BIOS,Se requiere flashear la BIOS para restaurar funcionalidad. Secure Boot falla en verificación de BIOS,Media,Reset de CMOS y reconfiguración de BIOS. Actualizar a última versión estable.,En diagnóstico,47.26,6.0
1552,Computadora,MSI,Cubi 5,Gaming,Disco Duro/SSD,SSD con escritura lenta después de 80% de capacidad,Diagnóstico general: SSD con escritura lenta después de 80% de capacidad. Se requiere revisión técnica especializada.,Baja,Ejecutar optimización de disco. Liberar espacio en SSD para mejorar rendimiento.,Reparable,115.19,1.1
1553,Laptop,Samsung,Galaxy Book2 360,Gaming,Motherboard,Motherboard no entra en suspensión correctamente,Fallo en placa madre. Motherboard no entra en suspensión correctamente. Evaluar viabilidad de reparación vs reemplazo.,Alta,Reparación especializada de microsoldadura. Reemplazar componentes SMD dañados.,Reparable,251.8,2.8
1554,Tablet,Amazon,Fire 7,Estándar,Pantalla,"Pantalla con imagen residual, burn-in en panel OLED","Pantalla defectuosa. Pantalla con imagen residual, burn-in en panel OLED. Inspeccionar conexiones y testear con pantalla externa.",Media,Reemplazar cable flex o inverter. Verificar conexión al motherboard.,Garantía vigente,104.64,2.2
1555,Tablet,Huawei,MatePad 11.5 S,Educacional,Ventilación,"Ventilador vibra anormalmente, aspas desbalanceadas","Diagnóstico general: Ventilador vibra anormalmente, aspas desbalanceadas. Se requiere revisión técnica especializada.",Media,Limpieza de polvo con aire comprimido. Verificar RPM del ventilador.,En diagnóstico,21.26,2.6
1556,Laptop,Apple,MacBook Pro 16 M3 Pro,2 en 1,Motherboard,Motherboard no entra en suspensión correctamente,Diagnóstico: Motherboard defectuosa. Motherboard no entra en suspensión correctamente. Verificar todas las pistas y componentes SMD.,Baja,Limpieza profunda y rethermal. Verificar conexiones y reseat de componentes.,Garantía vigente,447.39,1.4
1557,Laptop,Apple,MacBook Pro 16 M2 Pro,Premium,Ventilación,Acumulación excesiva de polvo en ventilador y disipador,Diagnóstico general: Acumulación excesiva de polvo en ventilador y disipador. Se requiere revisión técnica especializada.,Baja,Limpieza preventiva y monitoreo de temperaturas. Ajustar curva de ventilador.,En diagnóstico,59.4,1.4
1558,Computadora,ASUS,VivoBook 22 Desktop,Workstation,Teclado,"Teclado escribe caracteres incorrectos, layout mal configurado","Diagnóstico: Teclado defectuoso. Teclado escribe caracteres incorrectos, layout mal configurado. Reemplazo del conjunto recomendado.",Media,Limpiar contacto de teclas afectadas. Verificar flex de conexión.,Reparable,63.26,3.0
1559,Computadora,MSI,Modern AM241,Servidor,RAM,"Pitidos continuos al encender, módulo RAM defectuoso","Error de memoria RAM. Pitidos continuos al encender, módulo RAM defectuoso. Verificar compatibilidad y velocidad de módulos.",Crítica,Reemplazo inmediato de módulo RAM defectuoso. Verificar compatibilidad con placa madre.,Requiere reemplazo de componente,25.96,15.0
1560,Computadora,HP,OMEN 25L,Micro,Disco Duro/SSD,"Disco se desconecta aleatoriamente, cable SATA defectuoso","Diagnóstico general: Disco se desconecta aleatoriamente, cable SATA defectuoso. Se requiere revisión técnica especializada.",Media,Ejecutar CHKDSK y reparación de sectores. Monitorear SMART diariamente.,Garantía vigente,101.64,5.3
1561,Tablet,Apple,iPad Air M2,Estándar,Puertos,"Múltiples puertos USB no funcionan, hub interno dañado","Puerto de E/S dañado. Múltiples puertos USB no funcionan, hub interno dañado. Evaluar reparación o uso de adaptadores alternativos.",Baja,Usar puerto alternativo. Monitorear funcionamiento del puerto afectado.,En diagnóstico,156.97,1.4
1562,Tablet,Xiaomi,Pad 5 Pro 5G,Profesional,Puertos,"Múltiples puertos USB no funcionan, hub interno dañado","Puerto de E/S dañado. Múltiples puertos USB no funcionan, hub interno dañado. Evaluar reparación o uso de adaptadores alternativos.",Alta,Reparar soldadura de puerto dañado. Usar adaptador temporal mientras se repara.,En diagnóstico,84.7,10.8
1563,Laptop,MSI,Modern 14,Premium,Puertos,"Puerto Thunderbolt no funciona, controlador dañado","Diagnóstico general: Puerto Thunderbolt no funciona, controlador dañado. Se requiere revisión técnica especializada.",Alta,Reparar soldadura de puerto dañado. Usar adaptador temporal mientras se repara.,Reparable,147.89,20.3
1564,Tablet,Apple,iPad Pro 11 M4,Estándar,Sistema Operativo,"Actualización de Windows fallida, bucle de reinicio","Diagnóstico general: Actualización de Windows fallida, bucle de reinicio. Se requiere revisión técnica especializada.",Alta,Reparación de arranque con herramientas de recuperación. SFC y DISM.,Reparable,41.24,19.8
1565,Tablet,Microsoft,Surface Go 3,2 en 1,Ventilación,"Sistema hace throttle térmico, disipador obstruido","Diagnóstico general: Sistema hace throttle térmico, disipador obstruido. Se requiere revisión técnica especializada.",Alta,Limpiar obstrucciones y reaplicar pasta térmica. Verificar heat pipes.,En diagnóstico,47.68,11.9
1566,Tablet,Amazon,Fire 7,Gaming,GPU,GPU integrada causa parpadeo en pantalla,Problema de display detectado. GPU integrada causa parpadeo en pantalla. Evaluar reemplazo de panel o componentes asociados.,Media,Reinstalar drivers con DDU. Verificar temperatura y ventilación de GPU.,En diagnóstico,238.6,5.4
1567,Tablet,Huawei,MatePad T10,Educacional,GPU,"Driver de GPU no instala, hardware no compatible","Problema de vídeo por GPU. Driver de GPU no instala, hardware no compatible. Verificar alimentación PCIe y conectores de poder.",Media,Reinstalar drivers con DDU. Verificar temperatura y ventilación de GPU.,En diagnóstico,468.23,5.4
1568,Laptop,Huawei,MateBook E Go,Workstation,Pantalla,"Bisagra rota daña cable de pantalla, imagen se corta","Diagnóstico: Panel o componentes de pantalla dañados. Bisagra rota daña cable de pantalla, imagen se corta. Probar con monitor externo para descartar GPU.",Alta,Reemplazar panel o componente de backlight. Cotizar reparación vs equipo nuevo.,Requiere reemplazo de componente,123.97,12.8
1569,Laptop,ASUS,ROG Strix G16,Workstation,Pantalla,"Pantalla táctil con calibración desviada, toques imprecisos","Pantalla defectuosa. Pantalla táctil con calibración desviada, toques imprecisos. Inspeccionar conexiones y testear con pantalla externa.",Media,Reemplazar cable flex o inverter. Verificar conexión al motherboard.,En diagnóstico,288.29,1.3
1570,Laptop,Toshiba,Satellite Pro R50,Económica,Disco Duro/SSD,"Pantalla azul UNMOUNTABLE_BOOT_VOLUME, disco corrupto","Display con defecto. Pantalla azul UNMOUNTABLE_BOOT_VOLUME, disco corrupto. Reemplazo de panel recomendado si costo es viable.",Baja,Ejecutar optimización de disco. Liberar espacio en SSD para mejorar rendimiento.,Garantía vigente,157.28,1.4
1571,Computadora,Huawei,MateStation X,SFF,Ventilación,"Sistema hace throttle térmico, disipador obstruido","Diagnóstico general: Sistema hace throttle térmico, disipador obstruido. Se requiere revisión técnica especializada.",Alta,Limpiar obstrucciones y reaplicar pasta térmica. Verificar heat pipes.,Reparable,35.91,19.2
1572,Tablet,Microsoft,Surface Pro 8,Educacional,RAM,"RAM no detectada, sistema muestra menos memoria de la instalada","Inestabilidad por RAM defectuosa. RAM no detectada, sistema muestra menos memoria de la instalada. Probar módulos individualmente para aislar el dañado.",Baja,Ejecutar diagnóstico de memoria extendido. Monitorear en próximos días.,Garantía vigente,104.93,1.0
1573,Tablet,Microsoft,Surface Pro 10,Profesional,Batería,"Ciclos de carga excedidos, salud de batería crítica","Batería degradada. Ciclos de carga excedidos, salud de batería crítica. Verificar con diagnóstico de fabricante.",Media,Calibrar batería siguiendo procedimiento del fabricante. Verificar ciclo de carga.,Garantía vigente,113.02,3.1
1574,Laptop,Dell,XPS 15,Económica,Pantalla,"Backlight no enciende, pantalla muy oscura","Pantalla defectuosa. Backlight no enciende, pantalla muy oscura. Inspeccionar conexiones y testear con pantalla externa.",Baja,Calibrar pantalla y actualizar driver de vídeo. Ajustar perfil de color.,Reparable,229.16,2.3
1575,Laptop,HP,ProBook 450,Económica,RAM,Sistema se congela al consumir más del 75% de RAM,Error de memoria RAM. Sistema se congela al consumir más del 75% de RAM. Verificar compatibilidad y velocidad de módulos.,Baja,Ejecutar diagnóstico de memoria extendido. Monitorear en próximos días.,Reparable,116.59,1.5
1576,Computadora,Dell,Alienware Aurora R16,Mini PC,Ventilación,"Sistema hace throttle térmico, disipador obstruido","Diagnóstico general: Sistema hace throttle térmico, disipador obstruido. Se requiere revisión técnica especializada.",Media,Limpieza de polvo con aire comprimido. Verificar RPM del ventilador.,Garantía vigente,74.16,3.7
1577,Laptop,Samsung,Galaxy Book3 Ultra,Empresarial,Ventilación,"Heat pipe dañado, calor no se disipa correctamente","Diagnóstico general: Heat pipe dañado, calor no se disipa correctamente. Se requiere revisión técnica especializada.",Media,Limpieza de polvo con aire comprimido. Verificar RPM del ventilador.,En diagnóstico,20.32,3.3
1578,Laptop,Samsung,Galaxy Book2 Pro,2 en 1,Motherboard,"Pista de señal de reloj dañada, inestabilidad del sistema","Diagnóstico general: Pista de señal de reloj dañada, inestabilidad del sistema. Se requiere revisión técnica especializada.",Media,Reparar pista o componente específico. Verificar todos los circuitos de alimentación.,Garantía vigente,185.02,1.2
1579,Computadora,Acer,Aspire TC,Workstation,RAM,"BSOD PAGE_FAULT_IN_NONPAGED_AREA, fallo en módulo RAM","Diagnóstico: Memoria RAM con errores. BSOD PAGE_FAULT_IN_NONPAGED_AREA, fallo en módulo RAM. Ejecutar MemTest86 para confirmar sector dañado.",Baja,Ejecutar diagnóstico de memoria extendido. Monitorear en próximos días.,Garantía vigente,110.45,1.2
1580,Laptop,Apple,MacBook Air M2,Workstation,Batería,"Advertencia de batería genuina, chip de autenticación dañado","Problema de energía de batería. Advertencia de batería genuina, chip de autenticación dañado. Evaluar seguridad de uso continuo.",Alta,Reemplazar batería con original de fabricante. No usar baterías genéricas.,Requiere reemplazo de componente,132.7,12.4
1581,Tablet,Microsoft,Surface Pro 9,eReader,Motherboard,"Motherboard no reconoce batería, circuito de carga roto","Fallo en placa madre. Motherboard no reconoce batería, circuito de carga roto. Evaluar viabilidad de reparación vs reemplazo.",Alta,Reparación especializada de microsoldadura. Reemplazar componentes SMD dañados.,Reparable,273.5,16.1
1582,Computadora,Apple,iMac 24 M3,Servidor,Conectividad,"WiFi muestra redes pero no conecta, error de autenticación","Diagnóstico general: WiFi muestra redes pero no conecta, error de autenticación. Se requiere revisión técnica especializada.",Crítica,"Reemplazo de módulo WiFi/Bluetooth. Si es integrado, usar adaptador USB.",Fuera de servicio,34.55,44.4
1583,Computadora,ASUS,ProArt Station PD5,Servidor,Pantalla,"Pantalla con líneas verticales, panel LCD dañado","Pantalla defectuosa. Pantalla con líneas verticales, panel LCD dañado. Inspeccionar conexiones y testear con pantalla externa.",Alta,Reemplazar panel o componente de backlight. Cotizar reparación vs equipo nuevo.,En diagnóstico,89.89,4.8
1584,Computadora,Gigabyte,B550 Vision D,Mini PC,RAM,"RAM sobrecalentada, thermal throttling frecuente","Diagnóstico: Memoria RAM con errores. RAM sobrecalentada, thermal throttling frecuente. Ejecutar MemTest86 para confirmar sector dañado.",Media,Limpiar contactos con alcohol isopropílico. Reubicar módulos en slots diferentes.,Reparable,72.05,7.7
1585,Computadora,HP,ProDesk 600 G6,Servidor,Pantalla,"Pantalla parpadea constantemente, inverter defectuoso","Fallo en sistema de visualización. Pantalla parpadea constantemente, inverter defectuoso. Verificar cable flex y controlador de backlight.",Alta,Reemplazar panel o componente de backlight. Cotizar reparación vs equipo nuevo.,Requiere reemplazo de componente,166.73,4.8
1586,Laptop,Acer,Aspire 3,Ultrabook,Motherboard,Motherboard no entra en suspensión correctamente,Diagnóstico: Motherboard defectuosa. Motherboard no entra en suspensión correctamente. Verificar todas las pistas y componentes SMD.,Media,Reparar pista o componente específico. Verificar todos los circuitos de alimentación.,En diagnóstico,393.91,2.5
1587,Computadora,Dell,OptiPlex 7090,Micro,Audio,"Sin sonido, controlador de audio dañado","Diagnóstico: Circuito de audio defectuoso. Sin sonido, controlador de audio dañado. Verificar codec de audio y conexiones.",Media,Limpiar jack de audio. Verificar configuración de dispositivos de sonido.,Garantía vigente,98.69,4.4
1588,Tablet,Samsung,Galaxy Tab S9,Gaming,Sistema Operativo,"Servicio de Windows no inicia, dependencia rota","Diagnóstico general: Servicio de Windows no inicia, dependencia rota. Se requiere revisión técnica especializada.",Alta,Reparación de arranque con herramientas de recuperación. SFC y DISM.,En diagnóstico,23.46,12.7
1589,Laptop,Toshiba,Tecra A50,Ultrabook,Batería,"Batería con celda dañada, voltaje desequilibrado","Fallo en sistema de alimentación por batería. Batería con celda dañada, voltaje desequilibrado. Reemplazo de batería necesario.",Baja,Reemplazar batería cuando sea conveniente. Funciona con limitaciones.,Reparable,78.9,1.5
1590,Laptop,MSI,GF63 Thin,Premium,Disco Duro/SSD,"SSD con firmware corrupto, no monta partición","Diagnóstico general: SSD con firmware corrupto, no monta partición. Se requiere revisión técnica especializada.",Media,Ejecutar CHKDSK y reparación de sectores. Monitorear SMART diariamente.,En diagnóstico,70.23,3.5
1591,Laptop,Apple,MacBook Pro 14 M3 Max,Workstation,Batería,"Batería con celda dañada, voltaje desequilibrado","Fallo en sistema de alimentación por batería. Batería con celda dañada, voltaje desequilibrado. Reemplazo de batería necesario.",Baja,Reemplazar batería cuando sea conveniente. Funciona con limitaciones.,Reparable,100.36,1.0
1592,Computadora,ASUS,ProArt Station PD5,SFF,RAM,"BSOD PAGE_FAULT_IN_NONPAGED_AREA, fallo en módulo RAM","Fallo de memoria detectado. BSOD PAGE_FAULT_IN_NONPAGED_AREA, fallo en módulo RAM. Se recomienda reemplazar módulo defectuoso.",Alta,Reemplazar módulo RAM dañado. Probar con módulo nuevo en slot afectado.,Reparable,77.56,23.2
1593,Computadora,Lenovo,IdeaCentre 5i,Workstation,Teclado,"Tecla Enter no funciona, membrana dañada","Diagnóstico general: Tecla Enter no funciona, membrana dañada. Se requiere revisión técnica especializada.",Baja,Limpiar tecla específica o reemplazar keycap. Verificar configuración de idioma.,En diagnóstico,51.95,1.1
1594,Computadora,ASUS,ROG Strix G10,Mini PC,Batería,"Batería no carga al 100%, se detiene en 80%","Batería degradada. Batería no carga al 100%, se detiene en 80%. Verificar con diagnóstico de fabricante.",Alta,Reemplazar batería con original de fabricante. No usar baterías genéricas.,Reparable,86.83,20.6
1595,Computadora,MSI,Cubi 5,Servidor,Pantalla,"Pantalla con ghosting, retardo de respuesta del panel","Pantalla defectuosa. Pantalla con ghosting, retardo de respuesta del panel. Inspeccionar conexiones y testear con pantalla externa.",Media,Reemplazar cable flex o inverter. Verificar conexión al motherboard.,Garantía vigente,311.19,7.1
1596,Tablet,Lenovo,Tab M11,2 en 1,GPU,"Cuelgues al usar aplicaciones 3D, GPU sobrecalentada","GPU fallida. Cuelgues al usar aplicaciones 3D, GPU sobrecalentada. Si es integrada, motherboard necesita reemplazo.",Alta,Reflow o reball de GPU. Reemplazar pasta térmica. Verificar alimentación.,Requiere reemplazo de componente,308.74,5.4
1597,Laptop,ASUS,TUF Gaming A15,2 en 1,Disco Duro/SSD,Error INACCESSIBLE_BOOT_DEVICE al iniciar Windows,Diagnóstico general: Error INACCESSIBLE_BOOT_DEVICE al iniciar Windows. Se requiere revisión técnica especializada.,Media,Ejecutar CHKDSK y reparación de sectores. Monitorear SMART diariamente.,Garantía vigente,145.37,6.7
1598,Computadora,MSI,Modern AM241,Mini PC,Pantalla,"Pantalla con manchas oscuras, daño por presión","Fallo en sistema de visualización. Pantalla con manchas oscuras, daño por presión. Verificar cable flex y controlador de backlight.",Media,Reemplazar cable flex o inverter. Verificar conexión al motherboard.,Reparable,323.93,3.6
1599,Computadora,Custom/Genérica,PC Gamer RTX 3060,Micro,Pantalla,"Pantalla con color amarillento, perfil de color corrupto","Problema de display detectado. Pantalla con color amarillento, perfil de color corrupto. Evaluar reemplazo de panel o componentes asociados.",Alta,Reemplazar panel o componente de backlight. Cotizar reparación vs equipo nuevo.,Reparable,281.98,16.1
1600,Computadora,ASUS,ROG Strix G35,Workstation,BIOS,Incompatibilidad de BIOS con nuevo hardware instalado,Se requiere flashear la BIOS para restaurar funcionalidad. Incompatibilidad de BIOS con nuevo hardware instalado,Alta,Flashear BIOS desde USB con método de recuperación del fabricante. Verificar versión actual.,En diagnóstico,45.55,17.9
1601,Laptop,ASUS,ZenBook 14,Gaming,Disco Duro/SSD,"Pantalla azul UNMOUNTABLE_BOOT_VOLUME, disco corrupto","Pantalla defectuosa. Pantalla azul UNMOUNTABLE_BOOT_VOLUME, disco corrupto. Inspeccionar conexiones y testear con pantalla externa.",Alta,Respaldar datos y reemplazar disco. Ejecutar recuperación con herramientas especializadas.,Requiere reemplazo de componente,232.25,19.2
1602,Computadora,Custom/Genérica,PC Economica Ryzen 5,All-in-One,RAM,"Aplicaciones se cierran solas, RAM con sectores defectuosos","Fallo de memoria detectado. Aplicaciones se cierran solas, RAM con sectores defectuosos. Se recomienda reemplazar módulo defectuoso.",Baja,Ejecutar diagnóstico de memoria extendido. Monitorear en próximos días.,Reparable,65.96,2.4
1603,Computadora,Acer,Veriton X2680G,Gaming,Motherboard,Conector de pantalla dañado en motherboard de laptop,Diagnóstico: Motherboard defectuosa. Conector de pantalla dañado en motherboard de laptop. Verificar todas las pistas y componentes SMD.,Crítica,Reemplazo de placa madre. Evaluar costo vs equipo nuevo. Rescatar componentes reutilizables.,Requiere reemplazo de componente,332.89,30.7
1604,Laptop,Dell,Inspiron 16 5000,Empresarial,Pantalla,"Pantalla táctil con calibración desviada, toques imprecisos","Fallo en sistema de visualización. Pantalla táctil con calibración desviada, toques imprecisos. Verificar cable flex y controlador de backlight.",Media,Reemplazar cable flex o inverter. Verificar conexión al motherboard.,En diagnóstico,227.22,6.9
1605,Laptop,Dell,Alienware m16,Ultrabook,Conectividad,"Bluetooth no empareja dispositivos, stack dañado","Diagnóstico general: Bluetooth no empareja dispositivos, stack dañado. Se requiere revisión técnica especializada.",Media,Actualizar drivers y firmware. Verificar configuración de red.,En diagnóstico,20.68,3.5
1606,Laptop,HP,Spectre x360,Workstation,Disco Duro/SSD,"Disco duro no gira, motor spindle fallido","Diagnóstico general: Disco duro no gira, motor spindle fallido. Se requiere revisión técnica especializada.",Crítica,Clonar disco inmediatamente si es posible. Reemplazo urgente de unidad. Recuperación de datos profesional.,En diagnóstico,211.6,38.6
1607,Laptop,Huawei,MateBook X Pro,Chromebook,Disco Duro/SSD,Error INACCESSIBLE_BOOT_DEVICE al iniciar Windows,Diagnóstico general: Error INACCESSIBLE_BOOT_DEVICE al iniciar Windows. Se requiere revisión técnica especializada.,Alta,Respaldar datos y reemplazar disco. Ejecutar recuperación con herramientas especializadas.,En diagnóstico,74.26,15.0
1608,Computadora,Custom/Genérica,PC Oficina i5-12400,Servidor,GPU,"Pantalla azul VIDEO_TDR_FAILURE, GPU dedicada fallida","Problema de display detectado. Pantalla azul VIDEO_TDR_FAILURE, GPU dedicada fallida. Evaluar reemplazo de panel o componentes asociados.",Media,Reinstalar drivers con DDU. Verificar temperatura y ventilación de GPU.,Garantía vigente,463.85,6.3
1609,Laptop,Dell,Alienware m16,Ultrabook,Audio,"Solo un canal de audio funciona, conector desoldado","Audio no funcional. Solo un canal de audio funciona, conector desoldado. Reinstalar drivers Realtek/AMD y verificar servicios de audio.",Alta,Reinstalar drivers de audio. Verificar jack de audio con multímetro.,En diagnóstico,112.32,5.2
1610,Laptop,MSI,Stealth 15M,Económica,Batería,Error de comunicación entre batería y ACPI,Batería en estado crítico. Error de comunicación entre batería y ACPI. Retirar si está inflada por riesgo de seguridad.,Baja,Reemplazar batería cuando sea conveniente. Funciona con limitaciones.,Garantía vigente,120.38,2.3
1611,Computadora,MSI,Cubi 5,All-in-One,Pantalla,"Píxeles muertos en pantalla, defecto del panel","Problema de display detectado. Píxeles muertos en pantalla, defecto del panel. Evaluar reemplazo de panel o componentes asociados.",Alta,Reemplazar panel o componente de backlight. Cotizar reparación vs equipo nuevo.,En diagnóstico,147.43,2.9
1612,Tablet,Huawei,MatePad Paper,eReader,RAM,Error BAD_POOL_HEADER por corrupción de pool de memoria,Diagnóstico general: Error BAD_POOL_HEADER por corrupción de pool de memoria. Se requiere revisión técnica especializada.,Media,Limpiar contactos con alcohol isopropílico. Reubicar módulos en slots diferentes.,Garantía vigente,29.43,5.7
1613,Laptop,Lenovo,Legion 5,Chromebook,BIOS,"Error ACPI en BIOS, sistema no entra en suspensión","Diagnóstico: Corrupción de BIOS. Error ACPI en BIOS, sistema no entra en suspensión. Procedimiento: Reflashing con método de recuperación del fabricante.",Crítica,"Retroflash de BIOS con programador externo SPI. Si no es posible, reemplazo de placa madre.",Fuera de servicio,86.24,42.8
1614,Tablet,Apple,iPad Air M1,Gaming,BIOS,"BIOS no detecta disco duro, secuencia de boot fallida","Problema de configuración BIOS. BIOS no detecta disco duro, secuencia de boot fallida. Solución: Reset de configuración y actualización de firmware.",Media,Reset de CMOS y reconfiguración de BIOS. Actualizar a última versión estable.,Garantía vigente,65.8,5.5
1615,Tablet,Samsung,Galaxy Tab S6 Lite,Económica,Puertos,"Puerto Ethernet no detecta cable, LED no enciende","Diagnóstico general: Puerto Ethernet no detecta cable, LED no enciende. Se requiere revisión técnica especializada.",Alta,Reparar soldadura de puerto dañado. Usar adaptador temporal mientras se repara.,Requiere reemplazo de componente,87.74,14.9
1616,Tablet,Xiaomi,Pad 5 Pro 5G,Profesional,Pantalla,"Backlight no enciende, pantalla muy oscura","Fallo en sistema de visualización. Backlight no enciende, pantalla muy oscura. Verificar cable flex y controlador de backlight.",Media,Reemplazar cable flex o inverter. Verificar conexión al motherboard.,En diagnóstico,213.68,6.9
1617,Computadora,HP,EliteDesk Mini,SFF,Disco Duro/SSD,"Disco lento, tiempos de lectura excesivos y errores SMART","Diagnóstico general: Disco lento, tiempos de lectura excesivos y errores SMART. Se requiere revisión técnica especializada.",Alta,Respaldar datos y reemplazar disco. Ejecutar recuperación con herramientas especializadas.,Requiere reemplazo de componente,218.56,14.2
1618,Computadora,Dell,OptiPlex 5090,SFF,Pantalla,"Flex de pantalla dañado, imagen intermitente","Problema de display detectado. Flex de pantalla dañado, imagen intermitente. Evaluar reemplazo de panel o componentes asociados.",Media,Reemplazar cable flex o inverter. Verificar conexión al motherboard.,En diagnóstico,145.05,1.2
1619,Laptop,Acer,Swift X,Premium,Puertos,"Puerto USB no reconoce dispositivos, controlador dañado","Diagnóstico general: Puerto USB no reconoce dispositivos, controlador dañado. Se requiere revisión técnica especializada.",Media,Limpiar puerto con aire comprimido. Verificar drivers del controlador USB.,Garantía vigente,63.6,7.1
1620,Tablet,Samsung,Galaxy Tab S9,Económica,Pantalla,"Flickering solo con batería, regulador de voltaje defectuoso","Fallo en sistema de alimentación por batería. Flickering solo con batería, regulador de voltaje defectuoso. Reemplazo de batería necesario.",Alta,Reemplazar panel o componente de backlight. Cotizar reparación vs equipo nuevo.,En diagnóstico,186.88,14.6
1621,Computadora,Dell,G5 Gaming Desktop,Gaming,Audio,"Audio cortado al mover la pantalla, flex dañado","Problema de display detectado. Audio cortado al mover la pantalla, flex dañado. Evaluar reemplazo de panel o componentes asociados.",Media,Limpiar jack de audio. Verificar configuración de dispositivos de sonido.,Reparable,79.66,5.9
1622,Computadora,HP,EliteDesk Mini,Mini PC,GPU,GPU integrada causa parpadeo en pantalla,Fallo en sistema de visualización. GPU integrada causa parpadeo en pantalla. Verificar cable flex y controlador de backlight.,Media,Reinstalar drivers con DDU. Verificar temperatura y ventilación de GPU.,En diagnóstico,379.92,3.2
1623,Laptop,MSI,Katana 15,Workstation,Batería,"Batería inflada, deformación visible del chasis","Fallo en sistema de alimentación por batería. Batería inflada, deformación visible del chasis. Reemplazo de batería necesario.",Baja,Reemplazar batería cuando sea conveniente. Funciona con limitaciones.,Garantía vigente,54.14,3.0
1624,Laptop,ASUS,ProArt StudioBook,2 en 1,Conectividad,"Interferencia WiFi por tarjeta gráfica, antena mal posicionada","Diagnóstico general: Interferencia WiFi por tarjeta gráfica, antena mal posicionada. Se requiere revisión técnica especializada.",Alta,Reinstalar drivers. Verificar antenas internas. Reemplazar módulo M.2 si aplica.,En diagnóstico,48.54,6.3
1625,Laptop,Samsung,Galaxy Book2 Pro,Económica,Puertos,"Puerto de audio con estática, jack dañado","Problema de sonido. Puerto de audio con estática, jack dañado. Probar con auriculares para descartar altavoces.",Alta,Reparar soldadura de puerto dañado. Usar adaptador temporal mientras se repara.,Reparable,170.34,15.9
1626,Computadora,Acer,Aspire TC,Mini PC,RAM,Error MEMORY_READ_EXCEPTION en tareas pesadas,Diagnóstico general: Error MEMORY_READ_EXCEPTION en tareas pesadas. Se requiere revisión técnica especializada.,Alta,Reemplazar módulo RAM dañado. Probar con módulo nuevo en slot afectado.,En diagnóstico,110.39,17.0
1627,Laptop,MSI,Katana 15,Ultrabook,Disco Duro/SSD,SMART warning: Reallocated Sector Count excedido,Diagnóstico general: SMART warning: Reallocated Sector Count excedido. Se requiere revisión técnica especializada.,Media,Ejecutar CHKDSK y reparación de sectores. Monitorear SMART diariamente.,Reparable,41.67,6.9
1628,Tablet,Microsoft,Surface Pro 10,eReader,BIOS,"BIOS emite 3 pitidos largos, error de memoria base","Diagnóstico: Corrupción de BIOS. BIOS emite 3 pitidos largos, error de memoria base. Procedimiento: Reflashing con método de recuperación del fabricante.",Alta,Flashear BIOS desde USB con método de recuperación del fabricante. Verificar versión actual.,En diagnóstico,137.35,4.6
1629,Laptop,HP,EliteBook 650,Gaming,Batería,Porcentaje de batería salta de 30% a 5% sin aviso,Diagnóstico: Batería defectuosa. Porcentaje de batería salta de 30% a 5% sin aviso. Reemplazar con batería original certificada.,Crítica,Retirar batería inmediatamente por seguridad (inflamación). Usar solo con cargador.,En diagnóstico,141.87,40.0
1630,Tablet,Microsoft,Surface Pro 8,Estándar,Fuente de Poder,"Olor a quemado desde la fuente, componente quemado","Diagnóstico general: Olor a quemado desde la fuente, componente quemado. Se requiere revisión técnica especializada.",Media,Verificar conexiones y cables. Probar con fuente de respaldo.,Reparable,111.34,5.8
1631,Laptop,Toshiba,Satellite Pro R50,Económica,Pantalla,"Pantalla con imagen residual, burn-in en panel OLED","Display con defecto. Pantalla con imagen residual, burn-in en panel OLED. Reemplazo de panel recomendado si costo es viable.",Media,Reemplazar cable flex o inverter. Verificar conexión al motherboard.,En diagnóstico,139.15,2.9
1632,Laptop,Acer,TravelMate P2,Económica,Batería,"Batería inflada, deformación visible del chasis","Fallo en sistema de alimentación por batería. Batería inflada, deformación visible del chasis. Reemplazo de batería necesario.",Baja,Reemplazar batería cuando sea conveniente. Funciona con limitaciones.,Garantía vigente,134.1,3.3
1633,Tablet,Xiaomi,Pad 6,eReader,Motherboard,BIOS chip dañado físicamente en la motherboard,Se requiere flashear la BIOS para restaurar funcionalidad. BIOS chip dañado físicamente en la motherboard,Alta,Reparación especializada de microsoldadura. Reemplazar componentes SMD dañados.,En diagnóstico,242.31,7.1
1634,Computadora,ASUS,VivoBook 22 Desktop,Gaming,Motherboard,Placa madre con cortocircuito en sección de alimentación,Diagnóstico general: Placa madre con cortocircuito en sección de alimentación. Se requiere revisión técnica especializada.,Media,Reparar pista o componente específico. Verificar todos los circuitos de alimentación.,Reparable,146.24,5.4
1635,Computadora,Apple,Mac Studio M2 Max,SFF,Fuente de Poder,"Fuente hace ruido eléctrico, capacitor dañado","Diagnóstico general: Fuente hace ruido eléctrico, capacitor dañado. Se requiere revisión técnica especializada.",Media,Verificar conexiones y cables. Probar con fuente de respaldo.,Garantía vigente,117.32,2.2
1636,Computadora,Acer,Chromebox CXI5,Torre,Motherboard,CMOS battery connector roto en motherboard,Problema en circuito de motherboard. CMOS battery connector roto en motherboard. Medir voltajes en puntos de test para localizar falla.,Media,Reparar pista o componente específico. Verificar todos los circuitos de alimentación.,En diagnóstico,253.4,4.6
1637,Computadora,Dell,Alienware Aurora R16,Micro,RAM,"RAM no detectada, sistema muestra menos memoria de la instalada","Fallo de memoria detectado. RAM no detectada, sistema muestra menos memoria de la instalada. Se recomienda reemplazar módulo defectuoso.",Media,Limpiar contactos con alcohol isopropílico. Reubicar módulos en slots diferentes.,Garantía vigente,34.43,7.3
1638,Computadora,Apple,Mac mini M2,All-in-One,Ventilación,Acumulación excesiva de polvo en ventilador y disipador,Diagnóstico general: Acumulación excesiva de polvo en ventilador y disipador. Se requiere revisión técnica especializada.,Baja,Limpieza preventiva y monitoreo de temperaturas. Ajustar curva de ventilador.,Reparable,77.5,1.5
1639,Tablet,Apple,iPad mini 6,Económica,Conectividad,"Interferencia WiFi por tarjeta gráfica, antena mal posicionada","Diagnóstico general: Interferencia WiFi por tarjeta gráfica, antena mal posicionada. Se requiere revisión técnica especializada.",Media,Actualizar drivers y firmware. Verificar configuración de red.,Reparable,64.58,5.9
1640,Computadora,Lenovo,IdeaCentre 5i,Mini PC,Disco Duro/SSD,"SSD con error de sobretemperatura, throttle de escritura","Diagnóstico general: SSD con error de sobretemperatura, throttle de escritura. Se requiere revisión técnica especializada.",Crítica,Clonar disco inmediatamente si es posible. Reemplazo urgente de unidad. Recuperación de datos profesional.,Requiere reemplazo de componente,163.22,7.3
1641,Computadora,Apple,Mac mini M2,Micro,Ventilación,"CPU se sobrecalienta, ventilador no gira","Diagnóstico general: CPU se sobrecalienta, ventilador no gira. Se requiere revisión técnica especializada.",Media,Limpieza de polvo con aire comprimido. Verificar RPM del ventilador.,Reparable,20.06,3.8
1642,Laptop,Toshiba,Dynabook E10,Empresarial,Sistema Operativo,Sistema no entra en modo hibernación correctamente,Diagnóstico general: Sistema no entra en modo hibernación correctamente. Se requiere revisión técnica especializada.,Alta,Reparación de arranque con herramientas de recuperación. SFC y DISM.,Requiere reemplazo de componente,65.64,21.9
1643,Laptop,HP,Envy 13,Chromebook,Motherboard,Motherboard con corrosión por líquido derramado,Diagnóstico: Memoria RAM con errores. Motherboard con corrosión por líquido derramado. Ejecutar MemTest86 para confirmar sector dañado.,Baja,Limpieza profunda y rethermal. Verificar conexiones y reseat de componentes.,En diagnóstico,286.61,2.3
1644,Computadora,ASUS,ROG Strix G10,Micro,Ventilación,"Heat pipe dañado, calor no se disipa correctamente","Diagnóstico general: Heat pipe dañado, calor no se disipa correctamente. Se requiere revisión técnica especializada.",Alta,Limpiar obstrucciones y reaplicar pasta térmica. Verificar heat pipes.,Requiere reemplazo de componente,15.97,12.3
1645,Tablet,Amazon,Fire HD 8,eReader,Pantalla,"Screen tearing constante, VSync no funciona","Diagnóstico general: Screen tearing constante, VSync no funciona. Se requiere revisión técnica especializada.",Crítica,Reemplazo completo de panel LCD/LED. Verificar disponibilidad de repuesto.,Requiere reemplazo de componente,384.54,40.4
1646,Tablet,Xiaomi,Pad 5 Pro 5G,Gaming,Puertos,"Puerto SD card no lee tarjetas, slot dañado","Diagnóstico general: Puerto SD card no lee tarjetas, slot dañado. Se requiere revisión técnica especializada.",Media,Limpiar puerto con aire comprimido. Verificar drivers del controlador USB.,En diagnóstico,115.05,4.4
1647,Laptop,Samsung,Galaxy Book Go,Económica,Batería,Batería no detectada por el sistema operativo,Batería degradada. Batería no detectada por el sistema operativo. Verificar con diagnóstico de fabricante.,Alta,Reemplazar batería con original de fabricante. No usar baterías genéricas.,En diagnóstico,66.51,4.9
1648,Tablet,Huawei,MatePad 11,Educacional,BIOS,Incompatibilidad de BIOS con nuevo hardware instalado,Error de inicialización de BIOS detectado. Incompatibilidad de BIOS con nuevo hardware instalado. Verificar batería CMOS y versión de firmware.,Baja,Actualizar BIOS a la última versión disponible. Reemplazar batería CMOS si es necesario.,En diagnóstico,36.36,3.6
1649,Laptop,Toshiba,Tecra A50,Premium,Disco Duro/SSD,"Error CRC en disco, datos corruptos al copiar archivos","Diagnóstico general: Error CRC en disco, datos corruptos al copiar archivos. Se requiere revisión técnica especializada.",Media,Ejecutar CHKDSK y reparación de sectores. Monitorear SMART diariamente.,En diagnóstico,243.31,1.3
1650,Computadora,HP,EliteDesk 800 G8,Mini PC,Disco Duro/SSD,"Disco duro con sectores dañados, CHKDSK reporta errores","Diagnóstico general: Disco duro con sectores dañados, CHKDSK reporta errores. Se requiere revisión técnica especializada.",Alta,Respaldar datos y reemplazar disco. Ejecutar recuperación con herramientas especializadas.,Requiere reemplazo de componente,72.39,14.1
1651,Tablet,Lenovo,Tab M11,Estándar,RAM,Sistema operativo reporta memoria reservada excesiva,Diagnóstico general: Sistema operativo reporta memoria reservada excesiva. Se requiere revisión técnica especializada.,Baja,Ejecutar diagnóstico de memoria extendido. Monitorear en próximos días.,Garantía vigente,95.81,3.8
1652,Laptop,MSI,Bravo 15,Chromebook,RAM,Sistema se congela al consumir más del 75% de RAM,Inestabilidad por RAM defectuosa. Sistema se congela al consumir más del 75% de RAM. Probar módulos individualmente para aislar el dañado.,Alta,Reemplazar módulo RAM dañado. Probar con módulo nuevo en slot afectado.,En diagnóstico,31.86,6.7
1653,Laptop,Acer,Swift 3,Workstation,Batería,Batería no suministra energía suficiente bajo carga,Diagnóstico: Batería defectuosa. Batería no suministra energía suficiente bajo carga. Reemplazar con batería original certificada.,Media,Calibrar batería siguiendo procedimiento del fabricante. Verificar ciclo de carga.,Garantía vigente,41.26,7.0
1654,Laptop,Acer,Chromebook Spin 514,Empresarial,BIOS,"BIOS no reconoce puertos USB, controlador dañado","Problema de configuración BIOS. BIOS no reconoce puertos USB, controlador dañado. Solución: Reset de configuración y actualización de firmware.",Alta,Flashear BIOS desde USB con método de recuperación del fabricante. Verificar versión actual.,Requiere reemplazo de componente,55.74,20.5
1655,Tablet,Samsung,Galaxy Tab S9,Gaming,Ventilación,"Ventilador vibra anormalmente, aspas desbalanceadas","Diagnóstico general: Ventilador vibra anormalmente, aspas desbalanceadas. Se requiere revisión técnica especializada.",Baja,Limpieza preventiva y monitoreo de temperaturas. Ajustar curva de ventilador.,En diagnóstico,51.74,1.1
1656,Computadora,Apple,iMac 24 M3,Servidor,Pantalla,"Pantalla con bandas de color, conexión LVDS dañada","Diagnóstico: Panel o componentes de pantalla dañados. Pantalla con bandas de color, conexión LVDS dañada. Probar con monitor externo para descartar GPU.",Baja,Calibrar pantalla y actualizar driver de vídeo. Ajustar perfil de color.,Reparable,312.04,3.6
1657,Computadora,Lenovo,Legion Tower 5i,Servidor,Sistema Operativo,"Actualización de Windows fallida, bucle de reinicio","Diagnóstico general: Actualización de Windows fallida, bucle de reinicio. Se requiere revisión técnica especializada.",Media,Restaurar sistema a punto anterior. Eliminar software problemático.,En diagnóstico,26.38,1.7
1658,Computadora,ASUS,ROG Strix G10,Workstation,Conectividad,"Bluetooth no empareja dispositivos, stack dañado","Diagnóstico general: Bluetooth no empareja dispositivos, stack dañado. Se requiere revisión técnica especializada.",Crítica,"Reemplazo de módulo WiFi/Bluetooth. Si es integrado, usar adaptador USB.",Requiere reemplazo de componente,44.1,43.8
1659,Laptop,Apple,MacBook Air M1,2 en 1,GPU,"Rayos y artefactos en pantalla al iniciar juegos, GPU dañada","Fallo en sistema de visualización. Rayos y artefactos en pantalla al iniciar juegos, GPU dañada. Verificar cable flex y controlador de backlight.",Crítica,"Reemplazo de GPU dedicada. Si es integrada, reemplazo de motherboard.",En diagnóstico,566.81,9.1
1660,Computadora,Huawei,MateStation B515,Micro,Puertos,"Múltiples puertos USB no funcionan, hub interno dañado","Problema en interfaz de puertos. Múltiples puertos USB no funcionan, hub interno dañado. Probar con dispositivos conocidos como buenos.",Media,Limpiar puerto con aire comprimido. Verificar drivers del controlador USB.,Garantía vigente,76.91,4.5
1661,Laptop,MSI,Creator Z16,Gaming,Ventilación,"Ventilador siempre al 100%, sensor de temperatura defectuoso","Diagnóstico general: Ventilador siempre al 100%, sensor de temperatura defectuoso. Se requiere revisión técnica especializada.",Media,Limpieza de polvo con aire comprimido. Verificar RPM del ventilador.,En diagnóstico,65.82,1.2
1662,Laptop,Huawei,MateBook 14s,Gaming,Batería,"Batería inflada, deformación visible del chasis","Fallo en sistema de alimentación por batería. Batería inflada, deformación visible del chasis. Reemplazo de batería necesario.",Alta,Reemplazar batería con original de fabricante. No usar baterías genéricas.,Reparable,119.1,14.5
1663,Computadora,Custom/Genérica,PC Economica Ryzen 5,Servidor,Fuente de Poder,Ruido de bobina en fuente bajo carga pesada,Diagnóstico general: Ruido de bobina en fuente bajo carga pesada. Se requiere revisión técnica especializada.,Media,Verificar conexiones y cables. Probar con fuente de respaldo.,Garantía vigente,57.85,1.3
1664,Laptop,Dell,Inspiron 15 3000,Ultrabook,Disco Duro/SSD,"Disco duro con PCB quemada, no recibe alimentación","Diagnóstico general: Disco duro con PCB quemada, no recibe alimentación. Se requiere revisión técnica especializada.",Media,Ejecutar CHKDSK y reparación de sectores. Monitorear SMART diariamente.,Reparable,61.74,2.0
1665,Tablet,Xiaomi,Pad 5,Educacional,Disco Duro/SSD,"Disco duro con sectores dañados, CHKDSK reporta errores","Diagnóstico general: Disco duro con sectores dañados, CHKDSK reporta errores. Se requiere revisión técnica especializada.",Alta,Respaldar datos y reemplazar disco. Ejecutar recuperación con herramientas especializadas.,Requiere reemplazo de componente,150.83,3.0
1666,Tablet,Samsung,Galaxy Tab S9 FE,Estándar,Disco Duro/SSD,"Ruidos de raspado en disco duro, cabezal dañado","Diagnóstico general: Ruidos de raspado en disco duro, cabezal dañado. Se requiere revisión técnica especializada.",Baja,Ejecutar optimización de disco. Liberar espacio en SSD para mejorar rendimiento.,En diagnóstico,92.06,2.8
1667,Laptop,MSI,GF63 Thin,Workstation,Batería,"Batería con celda dañada, voltaje desequilibrado","Batería en estado crítico. Batería con celda dañada, voltaje desequilibrado. Retirar si está inflada por riesgo de seguridad.",Alta,Reemplazar batería con original de fabricante. No usar baterías genéricas.,En diagnóstico,59.25,20.7
1668,Computadora,MSI,Cubi 5,Servidor,BIOS,"BIOS no detecta disco duro, secuencia de boot fallida","Error de inicialización de BIOS detectado. BIOS no detecta disco duro, secuencia de boot fallida. Verificar batería CMOS y versión de firmware.",Baja,Actualizar BIOS a la última versión disponible. Reemplazar batería CMOS si es necesario.,En diagnóstico,122.99,1.2
1669,Computadora,Huawei,MateStation B515,Micro,Motherboard,"Puerto de carga dañado, motherboard no recibe energía","Fallo en placa madre. Puerto de carga dañado, motherboard no recibe energía. Evaluar viabilidad de reparación vs reemplazo.",Alta,Reparación especializada de microsoldadura. Reemplazar componentes SMD dañados.,Reparable,273.48,21.4
1670,Tablet,Lenovo,Tab P12 Pro,Gaming,Ventilación,"Ventilador vibra anormalmente, aspas desbalanceadas","Diagnóstico general: Ventilador vibra anormalmente, aspas desbalanceadas. Se requiere revisión técnica especializada.",Alta,Limpiar obstrucciones y reaplicar pasta térmica. Verificar heat pipes.,En diagnóstico,74.65,23.6
1671,Tablet,Xiaomi,Pad 5,Estándar,Disco Duro/SSD,"SSD con error de sobretemperatura, throttle de escritura","Diagnóstico general: SSD con error de sobretemperatura, throttle de escritura. Se requiere revisión técnica especializada.",Media,Ejecutar CHKDSK y reparación de sectores. Monitorear SMART diariamente.,Reparable,94.33,6.8
1672,Computadora,Lenovo,Legion Tower 7i,Torre,Batería,Sistema entra en hibernación repentino por batería,Fallo en sistema de alimentación por batería. Sistema entra en hibernación repentino por batería. Reemplazo de batería necesario.,Alta,Reemplazar batería con original de fabricante. No usar baterías genéricas.,En diagnóstico,122.64,17.8
1673,Laptop,Acer,Swift 3,Gaming,RAM,"RAM no funciona en dual channel, módulo incompatible","Diagnóstico: Memoria RAM con errores. RAM no funciona en dual channel, módulo incompatible. Ejecutar MemTest86 para confirmar sector dañado.",Media,Limpiar contactos con alcohol isopropílico. Reubicar módulos en slots diferentes.,Garantía vigente,78.8,4.6
1674,Laptop,Acer,Chromebook Spin 514,Premium,Audio,"Sin sonido, controlador de audio dañado","Fallo en sistema de audio. Sin sonido, controlador de audio dañado. Verificar controlador y hardware.",Alta,Reinstalar drivers de audio. Verificar jack de audio con multímetro.,Requiere reemplazo de componente,39.65,10.4
1675,Tablet,Amazon,Fire 7,eReader,GPU,"GPU con throttling térmico severo, rendimiento reducido","Fallo en procesador gráfico. GPU con throttling térmico severo, rendimiento reducido. Verificar temperatura y reflow si es BGA.",Media,Reinstalar drivers con DDU. Verificar temperatura y ventilación de GPU.,En diagnóstico,234.54,5.8
1676,Laptop,ASUS,ZenBook Pro 16,Económica,Teclado,"Teclas no responden, controlador de teclado dañado","Teclado con malfunction. Teclas no responden, controlador de teclado dañado. Verificar flex de conexión y controlador.",Media,Limpiar contacto de teclas afectadas. Verificar flex de conexión.,Garantía vigente,55.73,4.5
1677,Laptop,Acer,Aspire 3,Chromebook,Disco Duro/SSD,"SSD con error de sobretemperatura, throttle de escritura","Diagnóstico general: SSD con error de sobretemperatura, throttle de escritura. Se requiere revisión técnica especializada.",Baja,Ejecutar optimización de disco. Liberar espacio en SSD para mejorar rendimiento.,Reparable,84.12,3.4
1678,Computadora,Lenovo,Legion Tower 7i,Torre,Teclado,"Teclado retroiluminado no enciende, LED defectuoso","Fallo en dispositivo de entrada. Teclado retroiluminado no enciende, LED defectuoso. Evaluar reemplazo de teclado.",Media,Limpiar contacto de teclas afectadas. Verificar flex de conexión.,En diagnóstico,63.39,6.7
1679,Tablet,Apple,iPad 10th Gen,Estándar,RAM,"RAM no funciona en dual channel, módulo incompatible","Diagnóstico: Memoria RAM con errores. RAM no funciona en dual channel, módulo incompatible. Ejecutar MemTest86 para confirmar sector dañado.",Alta,Reemplazar módulo RAM dañado. Probar con módulo nuevo en slot afectado.,Requiere reemplazo de componente,107.95,11.2
1680,Laptop,MSI,Summit E16,Workstation,Batería,"Batería no carga, indica 0% permanentemente","Problema de energía de batería. Batería no carga, indica 0% permanentemente. Evaluar seguridad de uso continuo.",Baja,Reemplazar batería cuando sea conveniente. Funciona con limitaciones.,Reparable,61.57,1.2
1681,Laptop,MSI,Stealth 15M,Workstation,Puertos,"Múltiples puertos USB no funcionan, hub interno dañado","Problema en interfaz de puertos. Múltiples puertos USB no funcionan, hub interno dañado. Probar con dispositivos conocidos como buenos.",Media,Limpiar puerto con aire comprimido. Verificar drivers del controlador USB.,En diagnóstico,38.66,5.1
1682,Laptop,Apple,MacBook Pro 16 M3 Pro,Chromebook,RAM,"Aplicaciones se cierran solas, RAM con sectores defectuosos","Problema de memoria. Aplicaciones se cierran solas, RAM con sectores defectuosos. Revisar slots y limpieza de contactos con alcohol isopropílico.",Alta,Reemplazar módulo RAM dañado. Probar con módulo nuevo en slot afectado.,En diagnóstico,61.12,10.0
1683,Laptop,Lenovo,IdeaPad Gaming 3,Empresarial,Disco Duro/SSD,"SSD con vida útil agotada, escrituras fallidas","Diagnóstico general: SSD con vida útil agotada, escrituras fallidas. Se requiere revisión técnica especializada.",Media,Ejecutar CHKDSK y reparación de sectores. Monitorear SMART diariamente.,En diagnóstico,131.44,6.2
1684,Laptop,Huawei,MateBook X Pro,Económica,Sistema Operativo,"Sistema extremadamente lento, malware detectado","Diagnóstico general: Sistema extremadamente lento, malware detectado. Se requiere revisión técnica especializada.",Media,Restaurar sistema a punto anterior. Eliminar software problemático.,Reparable,20.72,6.8
1685,Laptop,Lenovo,IdeaPad Gaming 3,Económica,Ventilación,"Sistema hace throttle térmico, disipador obstruido","Diagnóstico general: Sistema hace throttle térmico, disipador obstruido. Se requiere revisión técnica especializada.",Alta,Limpiar obstrucciones y reaplicar pasta térmica. Verificar heat pipes.,En diagnóstico,26.31,2.2
1686,Laptop,Dell,Latitude 5540,Chromebook,Teclado,"Tecla Enter no funciona, membrana dañada","Diagnóstico general: Tecla Enter no funciona, membrana dañada. Se requiere revisión técnica especializada.",Alta,Reemplazar teclado completo. Verificar si hay daño adicional por líquido.,Requiere reemplazo de componente,129.29,9.2
1687,Computadora,Huawei,MateStation S,SFF,Teclado,Tecla espacio no responde en zona central,Diagnóstico general: Tecla espacio no responde en zona central. Se requiere revisión técnica especializada.,Alta,Reemplazar teclado completo. Verificar si hay daño adicional por líquido.,Reparable,129.01,14.4
1688,Tablet,Huawei,MatePad T10,Educacional,Disco Duro/SSD,"SSD con firmware corrupto, no monta partición","Diagnóstico general: SSD con firmware corrupto, no monta partición. Se requiere revisión técnica especializada.",Alta,Respaldar datos y reemplazar disco. Ejecutar recuperación con herramientas especializadas.,Requiere reemplazo de componente,98.35,16.7
1689,Computadora,Huawei,MateStation S,Workstation,Puertos,"Múltiples puertos USB no funcionan, hub interno dañado","Puerto no funcional. Múltiples puertos USB no funcionan, hub interno dañado. Si es USB-C, verificar controlador PD y retractor.",Alta,Reparar soldadura de puerto dañado. Usar adaptador temporal mientras se repara.,Requiere reemplazo de componente,198.17,14.4
1690,Computadora,HP,OMEN 25L,Torre,Ventilación,"Sistema hace throttle térmico, disipador obstruido","Diagnóstico general: Sistema hace throttle térmico, disipador obstruido. Se requiere revisión técnica especializada.",Alta,Limpiar obstrucciones y reaplicar pasta térmica. Verificar heat pipes.,Reparable,69.78,10.8
1691,Computadora,Huawei,MateStation B515,Gaming,Disco Duro/SSD,"SSD no detectado en BIOS, controlador NVMe dañado","Fallo en firmware BIOS. SSD no detectado en BIOS, controlador NVMe dañado. Se recomienda reemplazo de chip BIOS.",Media,Ejecutar CHKDSK y reparación de sectores. Monitorear SMART diariamente.,Garantía vigente,234.7,7.5
1692,Tablet,Xiaomi,Pad 6,Profesional,RAM,"Fallo en test de memoria Windows, errores detectados","Diagnóstico general: Fallo en test de memoria Windows, errores detectados. Se requiere revisión técnica especializada.",Media,Limpiar contactos con alcohol isopropílico. Reubicar módulos en slots diferentes.,Garantía vigente,95.16,5.4
1693,Tablet,Microsoft,Surface Pro 10,Profesional,Pantalla,"Resolución atascada en modo seguro, driver de pantalla corrupto","Pantalla defectuosa. Resolución atascada en modo seguro, driver de pantalla corrupto. Inspeccionar conexiones y testear con pantalla externa.",Alta,Reemplazar panel o componente de backlight. Cotizar reparación vs equipo nuevo.,En diagnóstico,193.18,20.9
1694,Tablet,Amazon,Fire Max 11,eReader,Ventilación,"Pasta térmica seca, temperatura CPU sobre 95°C","Diagnóstico general: Pasta térmica seca, temperatura CPU sobre 95°C. Se requiere revisión técnica especializada.",Alta,Limpiar obstrucciones y reaplicar pasta térmica. Verificar heat pipes.,Reparable,27.17,4.8
1695,Computadora,Acer,Aspire XC,Gaming,Teclado,"Fn keys no funcionan, controlador ACPI dañado","Diagnóstico general: Fn keys no funcionan, controlador ACPI dañado. Se requiere revisión técnica especializada.",Baja,Limpiar tecla específica o reemplazar keycap. Verificar configuración de idioma.,Reparable,81.34,3.8
1696,Computadora,HP,EliteDesk 800 G8,Mini PC,BIOS,"Boot device not found, BIOS no lista ningún dispositivo arrancable","Problema de configuración BIOS. Boot device not found, BIOS no lista ningún dispositivo arrancable. Solución: Reset de configuración y actualización de firmware.",Alta,Flashear BIOS desde USB con método de recuperación del fabricante. Verificar versión actual.,Requiere reemplazo de componente,78.7,2.1
1697,Laptop,Apple,MacBook Air M1,Empresarial,RAM,Memoria RAM causa artefactos visuales en pantalla,Problema de memoria. Memoria RAM causa artefactos visuales en pantalla. Revisar slots y limpieza de contactos con alcohol isopropílico.,Media,Limpiar contactos con alcohol isopropílico. Reubicar módulos en slots diferentes.,En diagnóstico,31.28,2.5
1698,Computadora,Dell,Inspiron 3881,SFF,Ventilación,Acumulación excesiva de polvo en ventilador y disipador,Diagnóstico general: Acumulación excesiva de polvo en ventilador y disipador. Se requiere revisión técnica especializada.,Media,Limpieza de polvo con aire comprimido. Verificar RPM del ventilador.,En diagnóstico,69.18,5.0
1699,Computadora,Custom/Genérica,PC Gaming RTX 4070,SFF,Batería,Porcentaje de batería salta de 30% a 5% sin aviso,Batería degradada. Porcentaje de batería salta de 30% a 5% sin aviso. Verificar con diagnóstico de fabricante.,Alta,Reemplazar batería con original de fabricante. No usar baterías genéricas.,Reparable,96.92,17.5
1700,Laptop,Huawei,MateBook X Pro,Chromebook,RAM,Pantalla azul MEMORY_MANAGEMENT al usar múltiples aplicaciones,Diagnóstico: Panel o componentes de pantalla dañados. Pantalla azul MEMORY_MANAGEMENT al usar múltiples aplicaciones. Probar con monitor externo para descartar GPU.,Crítica,Reemplazo inmediato de módulo RAM defectuoso. Verificar compatibilidad con placa madre.,Requiere reemplazo de componente,26.05,40.3
1701,Laptop,Acer,Swift 3,Premium,Motherboard,Circuito de protección de sobretensión activado permanentemente,Diagnóstico general: Circuito de protección de sobretensión activado permanentemente. Se requiere revisión técnica especializada.,Alta,Reparación especializada de microsoldadura. Reemplazar componentes SMD dañados.,Requiere reemplazo de componente,117.63,14.4
1702,Computadora,ASUS,Chromebox 4,Torre,RAM,"RAM no funciona en dual channel, módulo incompatible","Fallo de memoria detectado. RAM no funciona en dual channel, módulo incompatible. Se recomienda reemplazar módulo defectuoso.",Alta,Reemplazar módulo RAM dañado. Probar con módulo nuevo en slot afectado.,En diagnóstico,66.97,23.7
1703,Computadora,HP,Z4 G5 Workstation,Micro,Disco Duro/SSD,Disco muestra advertencia de fallo inminente,Diagnóstico general: Disco muestra advertencia de fallo inminente. Se requiere revisión técnica especializada.,Media,Ejecutar CHKDSK y reparación de sectores. Monitorear SMART diariamente.,En diagnóstico,41.89,1.9
1704,Computadora,MSI,All-in-One PC AG271,SFF,Audio,"Micrófono no funciona, jack de audio dañado","Fallo en sistema de audio. Micrófono no funciona, jack de audio dañado. Verificar controlador y hardware.",Alta,Reinstalar drivers de audio. Verificar jack de audio con multímetro.,Reparable,49.45,22.0
1705,Laptop,HP,Omen 16,Workstation,Teclado,"Tecla se queda presionada, contacto pegajoso","Diagnóstico general: Tecla se queda presionada, contacto pegajoso. Se requiere revisión técnica especializada.",Baja,Limpiar tecla específica o reemplazar keycap. Verificar configuración de idioma.,Reparable,74.87,1.1
1706,Computadora,Custom/Genérica,PC Economica Ryzen 5,Micro,Pantalla,"Pantalla con ghosting, retardo de respuesta del panel","Pantalla defectuosa. Pantalla con ghosting, retardo de respuesta del panel. Inspeccionar conexiones y testear con pantalla externa.",Alta,Reemplazar panel o componente de backlight. Cotizar reparación vs equipo nuevo.,Reparable,328.43,22.1
1707,Tablet,Amazon,Fire Max 11,Profesional,RAM,Sistema no arranca con los dos módulos RAM instalados,Fallo de memoria detectado. Sistema no arranca con los dos módulos RAM instalados. Se recomienda reemplazar módulo defectuoso.,Alta,Reemplazar módulo RAM dañado. Probar con módulo nuevo en slot afectado.,En diagnóstico,26.67,21.7
1708,Tablet,Huawei,MatePad 11,Estándar,GPU,"Error CODE 43 en GPU, Windows deshabilitó el dispositivo","Problema de vídeo por GPU. Error CODE 43 en GPU, Windows deshabilitó el dispositivo. Verificar alimentación PCIe y conectores de poder.",Crítica,"Reemplazo de GPU dedicada. Si es integrada, reemplazo de motherboard.",En diagnóstico,341.33,17.1
1709,Computadora,Dell,Precision 3650,Servidor,RAM,Sistema no arranca con los dos módulos RAM instalados,Problema de memoria. Sistema no arranca con los dos módulos RAM instalados. Revisar slots y limpieza de contactos con alcohol isopropílico.,Media,Limpiar contactos con alcohol isopropílico. Reubicar módulos en slots diferentes.,Reparable,101.69,3.8
1710,Computadora,ASUS,ExpertCenter D5,Torre,Teclado,"Fn keys no funcionan, controlador ACPI dañado","Diagnóstico general: Fn keys no funcionan, controlador ACPI dañado. Se requiere revisión técnica especializada.",Alta,Reemplazar teclado completo. Verificar si hay daño adicional por líquido.,En diagnóstico,97.93,18.6
1711,Computadora,HP,EliteDesk Mini,Micro,BIOS,"Error de POST en BIOS, código de beep 1 largo 2 cortos","Diagnóstico: Corrupción de BIOS. Error de POST en BIOS, código de beep 1 largo 2 cortos. Procedimiento: Reflashing con método de recuperación del fabricante.",Alta,Flashear BIOS desde USB con método de recuperación del fabricante. Verificar versión actual.,Requiere reemplazo de componente,115.73,17.7
1712,Laptop,HP,EliteBook 840,Económica,Motherboard,"Motherboard con pista dañada, circuito abierto","Diagnóstico: Motherboard defectuosa. Motherboard con pista dañada, circuito abierto. Verificar todas las pistas y componentes SMD.",Baja,Limpieza profunda y rethermal. Verificar conexiones y reseat de componentes.,En diagnóstico,494.03,1.0
1713,Tablet,Xiaomi,Pad 6,Gaming,Batería,"Batería con celda dañada, voltaje desequilibrado","Problema de energía de batería. Batería con celda dañada, voltaje desequilibrado. Evaluar seguridad de uso continuo.",Alta,Reemplazar batería con original de fabricante. No usar baterías genéricas.,Requiere reemplazo de componente,31.26,9.7
1714,Laptop,ASUS,VivoBook 15,Workstation,Conectividad,"Bluetooth no funciona, módulo no detectado","Diagnóstico general: Bluetooth no funciona, módulo no detectado. Se requiere revisión técnica especializada.",Media,Actualizar drivers y firmware. Verificar configuración de red.,En diagnóstico,91.62,2.2
1715,Laptop,MSI,Stealth 15M,Chromebook,Motherboard,"PCIe slot dañado, tarjeta gráfica no detectada","Diagnóstico general: PCIe slot dañado, tarjeta gráfica no detectada. Se requiere revisión técnica especializada.",Media,Reparar pista o componente específico. Verificar todos los circuitos de alimentación.,Garantía vigente,390.34,2.7
1716,Tablet,Huawei,MatePad Pro 12.6,Profesional,Disco Duro/SSD,Error de formato al intentar reparar disco,Diagnóstico general: Error de formato al intentar reparar disco. Se requiere revisión técnica especializada.,Media,Ejecutar CHKDSK y reparación de sectores. Monitorear SMART diariamente.,Reparable,146.52,2.7
1717,Laptop,Apple,MacBook Air M1,2 en 1,Sistema Operativo,Error CRITICAL_PROCESS_DIED al iniciar,Diagnóstico general: Error CRITICAL_PROCESS_DIED al iniciar. Se requiere revisión técnica especializada.,Media,Restaurar sistema a punto anterior. Eliminar software problemático.,Garantía vigente,59.3,4.2
1718,Laptop,MSI,Stealth 15M,Premium,Disco Duro/SSD,"Ruidos de raspado en disco duro, cabezal dañado","Diagnóstico general: Ruidos de raspado en disco duro, cabezal dañado. Se requiere revisión técnica especializada.",Baja,Ejecutar optimización de disco. Liberar espacio en SSD para mejorar rendimiento.,Reparable,180.59,3.9
1719,Computadora,Huawei,MateStation B515,Gaming,Disco Duro/SSD,"Disco duro hace clic repetitivo, fallo mecánico inminente","Diagnóstico general: Disco duro hace clic repetitivo, fallo mecánico inminente. Se requiere revisión técnica especializada.",Baja,Ejecutar optimización de disco. Liberar espacio en SSD para mejorar rendimiento.,Garantía vigente,42.44,1.3
1720,Laptop,Huawei,MateBook E Go,Workstation,Disco Duro/SSD,"Ruidos de raspado en disco duro, cabezal dañado","Diagnóstico general: Ruidos de raspado en disco duro, cabezal dañado. Se requiere revisión técnica especializada.",Alta,Respaldar datos y reemplazar disco. Ejecutar recuperación con herramientas especializadas.,En diagnóstico,139.1,5.7
1721,Computadora,Custom/Genérica,PC Workstation Xeon,Workstation,Ventilación,"Ventilador hace ruido excesivo, rodamiento dañado","Diagnóstico general: Ventilador hace ruido excesivo, rodamiento dañado. Se requiere revisión técnica especializada.",Media,Limpieza de polvo con aire comprimido. Verificar RPM del ventilador.,Reparable,71.76,6.8
1722,Computadora,Lenovo,ThinkCentre M90q,Torre,RAM,"RAM no detectada, sistema muestra menos memoria de la instalada","Problema de memoria. RAM no detectada, sistema muestra menos memoria de la instalada. Revisar slots y limpieza de contactos con alcohol isopropílico.",Crítica,Reemplazo inmediato de módulo RAM defectuoso. Verificar compatibilidad con placa madre.,Fuera de servicio,54.42,15.3
1723,Laptop,HP,ProBook 450,Empresarial,Sistema Operativo,"Kernel panic en macOS, extensión incompatible","Diagnóstico general: Kernel panic en macOS, extensión incompatible. Se requiere revisión técnica especializada.",Alta,Reparación de arranque con herramientas de recuperación. SFC y DISM.,Reparable,11.13,22.9
1724,Laptop,MSI,GF63 Thin,Workstation,RAM,Sistema se congela al consumir más del 75% de RAM,Problema de memoria. Sistema se congela al consumir más del 75% de RAM. Revisar slots y limpieza de contactos con alcohol isopropílico.,Baja,Ejecutar diagnóstico de memoria extendido. Monitorear en próximos días.,Reparable,98.77,0.6
1725,Computadora,Custom/Genérica,PC Workstation Xeon,Mini PC,Pantalla,"Pantalla con bandas de color, conexión LVDS dañada","Fallo en sistema de visualización. Pantalla con bandas de color, conexión LVDS dañada. Verificar cable flex y controlador de backlight.",Baja,Calibrar pantalla y actualizar driver de vídeo. Ajustar perfil de color.,Reparable,155.06,3.9
1726,Laptop,ASUS,VivoBook 15,Gaming,Disco Duro/SSD,Error de formato al intentar reparar disco,Diagnóstico general: Error de formato al intentar reparar disco. Se requiere revisión técnica especializada.,Media,Ejecutar CHKDSK y reparación de sectores. Monitorear SMART diariamente.,Garantía vigente,198.87,2.8
1727,Laptop,MSI,Stealth 15M,Chromebook,Teclado,"Teclado retroiluminado no enciende, LED defectuoso","Diagnóstico: Teclado defectuoso. Teclado retroiluminado no enciende, LED defectuoso. Reemplazo del conjunto recomendado.",Alta,Reemplazar teclado completo. Verificar si hay daño adicional por líquido.,Requiere reemplazo de componente,146.4,17.3
1728,Laptop,Lenovo,Legion 5,Empresarial,Disco Duro/SSD,"Disco muestra capacidad incorrecta, tabla de particiones dañada","Diagnóstico general: Disco muestra capacidad incorrecta, tabla de particiones dañada. Se requiere revisión técnica especializada.",Alta,Respaldar datos y reemplazar disco. Ejecutar recuperación con herramientas especializadas.,Reparable,117.17,22.2
1729,Computadora,MSI,Cubi 5,Torre,Batería,Batería no suministra energía suficiente bajo carga,Problema de energía de batería. Batería no suministra energía suficiente bajo carga. Evaluar seguridad de uso continuo.,Baja,Reemplazar batería cuando sea conveniente. Funciona con limitaciones.,Reparable,86.92,0.9
1730,Computadora,Huawei,MateStation B515,SFF,Pantalla,"Pantalla externa no detectada, puerto HDMI dañado","Fallo en sistema de visualización. Pantalla externa no detectada, puerto HDMI dañado. Verificar cable flex y controlador de backlight.",Baja,Calibrar pantalla y actualizar driver de vídeo. Ajustar perfil de color.,Reparable,331.24,2.7
1731,Computadora,Acer,Predator Orion 3000,SFF,Disco Duro/SSD,"SSD con firmware corrupto, no monta partición","Diagnóstico general: SSD con firmware corrupto, no monta partición. Se requiere revisión técnica especializada.",Crítica,Clonar disco inmediatamente si es posible. Reemplazo urgente de unidad. Recuperación de datos profesional.,Requiere reemplazo de componente,67.34,36.9
1732,Tablet,Huawei,MatePad Paper,Educacional,Motherboard,BIOS chip dañado físicamente en la motherboard,Problema de configuración BIOS. BIOS chip dañado físicamente en la motherboard. Solución: Reset de configuración y actualización de firmware.,Media,Reparar pista o componente específico. Verificar todos los circuitos de alimentación.,Reparable,446.22,6.6
1733,Laptop,Lenovo,Legion 5,Empresarial,RAM,"Pantalla azul IRQL_NOT_LESS_OR_EQUAL, corrupción en RAM","Diagnóstico: Memoria RAM con errores. Pantalla azul IRQL_NOT_LESS_OR_EQUAL, corrupción en RAM. Ejecutar MemTest86 para confirmar sector dañado.",Crítica,Reemplazo inmediato de módulo RAM defectuoso. Verificar compatibilidad con placa madre.,Requiere reemplazo de componente,116.86,44.1
1734,Computadora,MSI,Aegis RS 13th,Workstation,Teclado,"Varias teclas no funcionan, daño por líquido derramado","Fallo de memoria detectado. Varias teclas no funcionan, daño por líquido derramado. Se recomienda reemplazar módulo defectuoso.",Media,Limpiar contacto de teclas afectadas. Verificar flex de conexión.,En diagnóstico,81.42,6.3
1735,Tablet,Huawei,MatePad 11,eReader,Motherboard,"Keyboard controller dañado, teclado no responde","Diagnóstico: Teclado defectuoso. Keyboard controller dañado, teclado no responde. Reemplazo del conjunto recomendado.",Alta,Reparación especializada de microsoldadura. Reemplazar componentes SMD dañados.,Reparable,469.72,19.0
1736,Laptop,Toshiba,Dynabook E10,2 en 1,Pantalla,"Backlight no enciende, pantalla muy oscura","Fallo en sistema de visualización. Backlight no enciende, pantalla muy oscura. Verificar cable flex y controlador de backlight.",Alta,Reemplazar panel o componente de backlight. Cotizar reparación vs equipo nuevo.,Reparable,163.11,8.3
1737,Tablet,Xiaomi,Pad 6 Pro,Gaming,RAM,"SODIMM RAM con pines dañados, contacto intermitente","Fallo de memoria detectado. SODIMM RAM con pines dañados, contacto intermitente. Se recomienda reemplazar módulo defectuoso.",Media,Limpiar contactos con alcohol isopropílico. Reubicar módulos en slots diferentes.,Reparable,44.57,5.8
1738,Laptop,HP,Pavilion Gaming 15,Ultrabook,GPU,"GPU con throttling térmico severo, rendimiento reducido","Fallo en procesador gráfico. GPU con throttling térmico severo, rendimiento reducido. Verificar temperatura y reflow si es BGA.",Media,Reinstalar drivers con DDU. Verificar temperatura y ventilación de GPU.,En diagnóstico,447.61,4.1
1739,Computadora,Lenovo,ThinkStation P350,SFF,Batería,"Batería no carga al 100%, se detiene en 80%","Diagnóstico: Batería defectuosa. Batería no carga al 100%, se detiene en 80%. Reemplazar con batería original certificada.",Baja,Reemplazar batería cuando sea conveniente. Funciona con limitaciones.,En diagnóstico,103.1,3.8
1740,Computadora,Custom/Genérica,PC Gaming RTX 4070,All-in-One,Puertos,"Puerto HDMI no da señal de video, pin dañado","Diagnóstico general: Puerto HDMI no da señal de video, pin dañado. Se requiere revisión técnica especializada.",Alta,Reparar soldadura de puerto dañado. Usar adaptador temporal mientras se repara.,En diagnóstico,29.84,21.4
1741,Computadora,ASUS,ROG Strix G10,Gaming,Conectividad,"Bluetooth no empareja dispositivos, stack dañado","Diagnóstico general: Bluetooth no empareja dispositivos, stack dañado. Se requiere revisión técnica especializada.",Media,Actualizar drivers y firmware. Verificar configuración de red.,En diagnóstico,35.91,2.8
1742,Computadora,Lenovo,Legion Tower 5i,Gaming,Ventilación,"Ventilador hace ruido excesivo, rodamiento dañado","Diagnóstico general: Ventilador hace ruido excesivo, rodamiento dañado. Se requiere revisión técnica especializada.",Media,Limpieza de polvo con aire comprimido. Verificar RPM del ventilador.,En diagnóstico,27.52,1.5
1743,Tablet,Xiaomi,Pad 5 Pro 5G,Profesional,Ventilación,"Ventilador no arranca al encender, motor quemado","Diagnóstico general: Ventilador no arranca al encender, motor quemado. Se requiere revisión técnica especializada.",Baja,Limpieza preventiva y monitoreo de temperaturas. Ajustar curva de ventilador.,Reparable,50.26,2.5
1744,Tablet,Microsoft,Surface Pro 8,eReader,GPU,"Error CODE 43 en GPU, Windows deshabilitó el dispositivo","Diagnóstico: Tarjeta gráfica defectuosa. Error CODE 43 en GPU, Windows deshabilitó el dispositivo. Testear con FurMark para reproducir fallo.",Alta,Reflow o reball de GPU. Reemplazar pasta térmica. Verificar alimentación.,Reparable,365.0,12.1
1745,Tablet,Apple,iPad 10th Gen,Profesional,Ventilación,"Sistema hace throttle térmico, disipador obstruido","Diagnóstico general: Sistema hace throttle térmico, disipador obstruido. Se requiere revisión técnica especializada.",Media,Limpieza de polvo con aire comprimido. Verificar RPM del ventilador.,Reparable,32.27,1.5
1746,Computadora,Apple,Mac Pro 2023,SFF,Disco Duro/SSD,SSD con escritura lenta después de 80% de capacidad,Diagnóstico general: SSD con escritura lenta después de 80% de capacidad. Se requiere revisión técnica especializada.,Alta,Respaldar datos y reemplazar disco. Ejecutar recuperación con herramientas especializadas.,Requiere reemplazo de componente,76.61,23.2
1747,Laptop,MSI,Stealth 15M,Workstation,GPU,GPU no detectada en Administrador de dispositivos,"GPU fallida. GPU no detectada en Administrador de dispositivos. Si es integrada, motherboard necesita reemplazo.",Alta,Reflow o reball de GPU. Reemplazar pasta térmica. Verificar alimentación.,En diagnóstico,510.14,20.2
1748,Laptop,Samsung,Galaxy Book2 360,Chromebook,Batería,"Batería no carga, indica 0% permanentemente","Batería en estado crítico. Batería no carga, indica 0% permanentemente. Retirar si está inflada por riesgo de seguridad.",Alta,Reemplazar batería con original de fabricante. No usar baterías genéricas.,Reparable,101.63,11.4
1749,Laptop,Toshiba,Tecra A50,2 en 1,Pantalla,"Screen tearing constante, VSync no funciona","Diagnóstico general: Screen tearing constante, VSync no funciona. Se requiere revisión técnica especializada.",Baja,Calibrar pantalla y actualizar driver de vídeo. Ajustar perfil de color.,En diagnóstico,363.16,3.8
1750,Laptop,ASUS,VivoBook 15,Chromebook,Pantalla,"Touchscreen no responde, controlador táctil dañado","Diagnóstico general: Touchscreen no responde, controlador táctil dañado. Se requiere revisión técnica especializada.",Alta,Reemplazar panel o componente de backlight. Cotizar reparación vs equipo nuevo.,Requiere reemplazo de componente,92.77,14.8
1751,Tablet,Microsoft,Surface Pro 8,Económica,Batería,Sistema entra en hibernación repentino por batería,Problema de energía de batería. Sistema entra en hibernación repentino por batería. Evaluar seguridad de uso continuo.,Alta,Reemplazar batería con original de fabricante. No usar baterías genéricas.,Requiere reemplazo de componente,107.96,17.0
1752,Laptop,Acer,TravelMate P2,2 en 1,Motherboard,"PCIe slot dañado, tarjeta gráfica no detectada","Diagnóstico general: PCIe slot dañado, tarjeta gráfica no detectada. Se requiere revisión técnica especializada.",Media,Reparar pista o componente específico. Verificar todos los circuitos de alimentación.,Reparable,321.59,7.2
1753,Laptop,Toshiba,Dynabook E10,Gaming,BIOS,"Error ACPI en BIOS, sistema no entra en suspensión","Se requiere flashear la BIOS para restaurar funcionalidad. Error ACPI en BIOS, sistema no entra en suspensión",Media,Reset de CMOS y reconfiguración de BIOS. Actualizar a última versión estable.,Reparable,24.44,4.3
1754,Computadora,Apple,Mac mini M2,Workstation,Sistema Operativo,Blue screen SYSTEM_SERVICE_EXCEPTION en Windows 11,Diagnóstico general: Blue screen SYSTEM_SERVICE_EXCEPTION en Windows 11. Se requiere revisión técnica especializada.,Alta,Reparación de arranque con herramientas de recuperación. SFC y DISM.,Reparable,38.28,5.2
1755,Computadora,Gigabyte,AORUS Model S,Workstation,Disco Duro/SSD,"Disco lento, tiempos de lectura excesivos y errores SMART","Diagnóstico general: Disco lento, tiempos de lectura excesivos y errores SMART. Se requiere revisión técnica especializada.",Alta,Respaldar datos y reemplazar disco. Ejecutar recuperación con herramientas especializadas.,Reparable,226.54,3.0
1756,Computadora,Lenovo,Legion Tower 7i,Workstation,Fuente de Poder,"Fuente hace ruido eléctrico, capacitor dañado","Diagnóstico general: Fuente hace ruido eléctrico, capacitor dañado. Se requiere revisión técnica especializada.",Media,Verificar conexiones y cables. Probar con fuente de respaldo.,Reparable,47.1,3.6
1757,Tablet,Xiaomi,Pad 6,Educacional,Pantalla,"Flickering solo con batería, regulador de voltaje defectuoso","Fallo en sistema de alimentación por batería. Flickering solo con batería, regulador de voltaje defectuoso. Reemplazo de batería necesario.",Crítica,Reemplazo completo de panel LCD/LED. Verificar disponibilidad de repuesto.,Fuera de servicio,139.73,31.0
1758,Computadora,Huawei,MateStation X,SFF,Disco Duro/SSD,"Sistema no arranca, sector de arranque dañado en disco","Diagnóstico general: Sistema no arranca, sector de arranque dañado en disco. Se requiere revisión técnica especializada.",Media,Ejecutar CHKDSK y reparación de sectores. Monitorear SMART diariamente.,Garantía vigente,41.78,6.6
1759,Laptop,Huawei,MateBook E Go,Premium,Disco Duro/SSD,"SSD con firmware corrupto, no monta partición","Diagnóstico general: SSD con firmware corrupto, no monta partición. Se requiere revisión técnica especializada.",Baja,Ejecutar optimización de disco. Liberar espacio en SSD para mejorar rendimiento.,Reparable,66.68,3.9
1760,Laptop,Acer,Aspire 7,Empresarial,Pantalla,"Bisagra rota daña cable de pantalla, imagen se corta","Diagnóstico: Panel o componentes de pantalla dañados. Bisagra rota daña cable de pantalla, imagen se corta. Probar con monitor externo para descartar GPU.",Media,Reemplazar cable flex o inverter. Verificar conexión al motherboard.,En diagnóstico,315.82,2.0
1761,Laptop,Huawei,MateBook X Pro,Empresarial,Pantalla,"Bisagra rota daña cable de pantalla, imagen se corta","Problema de display detectado. Bisagra rota daña cable de pantalla, imagen se corta. Evaluar reemplazo de panel o componentes asociados.",Alta,Reemplazar panel o componente de backlight. Cotizar reparación vs equipo nuevo.,Requiere reemplazo de componente,134.37,12.7
1762,Laptop,Lenovo,IdeaPad Gaming 3,Chromebook,Ventilación,"Pasta térmica seca, temperatura CPU sobre 95°C","Diagnóstico general: Pasta térmica seca, temperatura CPU sobre 95°C. Se requiere revisión técnica especializada.",Alta,Limpiar obstrucciones y reaplicar pasta térmica. Verificar heat pipes.,Requiere reemplazo de componente,64.16,22.8
1763,Laptop,Huawei,MateBook X Pro,Gaming,Motherboard,"Placa madre no enciende, sin luz de power","Diagnóstico general: Placa madre no enciende, sin luz de power. Se requiere revisión técnica especializada.",Alta,Reparación especializada de microsoldadura. Reemplazar componentes SMD dañados.,Requiere reemplazo de componente,174.66,18.0
1764,Laptop,Toshiba,Portege Z30,Económica,Batería,"Batería no carga al 100%, se detiene en 80%","Batería degradada. Batería no carga al 100%, se detiene en 80%. Verificar con diagnóstico de fabricante.",Media,Calibrar batería siguiendo procedimiento del fabricante. Verificar ciclo de carga.,Reparable,69.51,2.5
1765,Tablet,Apple,iPad Pro 12.9 M2,2 en 1,Audio,"Zumbido constante en altavoces, filtrado de ruido eléctrico","Diagnóstico general: Zumbido constante en altavoces, filtrado de ruido eléctrico. Se requiere revisión técnica especializada.",Media,Limpiar jack de audio. Verificar configuración de dispositivos de sonido.,Garantía vigente,89.19,2.5
1766,Laptop,Lenovo,ThinkPad E14,Chromebook,Motherboard,"Power button connector suelto, motherboard no arranca","Diagnóstico: Motherboard defectuosa. Power button connector suelto, motherboard no arranca. Verificar todas las pistas y componentes SMD.",Alta,Reparación especializada de microsoldadura. Reemplazar componentes SMD dañados.,Requiere reemplazo de componente,215.76,9.5
1767,Tablet,Xiaomi,Pad 5,Educacional,Puertos,"Puerto SD card no lee tarjetas, slot dañado","Diagnóstico general: Puerto SD card no lee tarjetas, slot dañado. Se requiere revisión técnica especializada.",Crítica,Reemplazo de placa de puertos o motherboard. Daño irreparable en múltiples puertos.,Requiere reemplazo de componente,44.8,24.6
1768,Laptop,Huawei,MateBook D15,Ultrabook,GPU,GPU no detectada en Administrador de dispositivos,Problema de vídeo por GPU. GPU no detectada en Administrador de dispositivos. Verificar alimentación PCIe y conectores de poder.,Alta,Reflow o reball de GPU. Reemplazar pasta térmica. Verificar alimentación.,Requiere reemplazo de componente,526.99,2.2
1769,Computadora,Custom/Genérica,PC Workstation Xeon,Mini PC,Sistema Operativo,"Actualización de Windows fallida, bucle de reinicio","Diagnóstico general: Actualización de Windows fallida, bucle de reinicio. Se requiere revisión técnica especializada.",Crítica,Reinstalación limpia del sistema operativo. Backup completo de datos primero.,Requiere reemplazo de componente,18.49,6.1
1770,Computadora,HP,EliteDesk 800 G8,Workstation,RAM,"Pantalla azul IRQL_NOT_LESS_OR_EQUAL, corrupción en RAM","Fallo de memoria detectado. Pantalla azul IRQL_NOT_LESS_OR_EQUAL, corrupción en RAM. Se recomienda reemplazar módulo defectuoso.",Crítica,Reemplazo inmediato de módulo RAM defectuoso. Verificar compatibilidad con placa madre.,Fuera de servicio,62.42,4.3
1771,Laptop,Huawei,MateBook D15,Gaming,Batería,"Batería inflada, deformación visible del chasis","Diagnóstico: Batería defectuosa. Batería inflada, deformación visible del chasis. Reemplazar con batería original certificada.",Baja,Reemplazar batería cuando sea conveniente. Funciona con limitaciones.,En diagnóstico,65.23,1.0
1772,Computadora,Custom/Genérica,PC Gamer RTX 3060,Servidor,Ventilación,"Ventilador hace ruido excesivo, rodamiento dañado","Diagnóstico general: Ventilador hace ruido excesivo, rodamiento dañado. Se requiere revisión técnica especializada.",Media,Limpieza de polvo con aire comprimido. Verificar RPM del ventilador.,Reparable,44.13,2.7
1773,Laptop,Toshiba,Dynabook E10,Workstation,BIOS,"Actualización de BIOS fallida, sistema no arranca","Error de inicialización de BIOS detectado. Actualización de BIOS fallida, sistema no arranca. Verificar batería CMOS y versión de firmware.",Media,Reset de CMOS y reconfiguración de BIOS. Actualizar a última versión estable.,Garantía vigente,68.91,2.5
1774,Laptop,ASUS,VivoBook S14,Workstation,Conectividad,"WiFi no enciende, switch físico o función FN dañada","Diagnóstico general: WiFi no enciende, switch físico o función FN dañada. Se requiere revisión técnica especializada.",Media,Actualizar drivers y firmware. Verificar configuración de red.,Reparable,80.28,6.8
1775,Tablet,Huawei,MatePad T10,eReader,Motherboard,"PCIe slot dañado, tarjeta gráfica no detectada","Diagnóstico general: PCIe slot dañado, tarjeta gráfica no detectada. Se requiere revisión técnica especializada.",Alta,Reparación especializada de microsoldadura. Reemplazar componentes SMD dañados.,En diagnóstico,453.22,13.9
1776,Computadora,MSI,Cubi 5,Workstation,Disco Duro/SSD,"Pantalla azul UNMOUNTABLE_BOOT_VOLUME, disco corrupto","Problema de display detectado. Pantalla azul UNMOUNTABLE_BOOT_VOLUME, disco corrupto. Evaluar reemplazo de panel o componentes asociados.",Alta,Respaldar datos y reemplazar disco. Ejecutar recuperación con herramientas especializadas.,Requiere reemplazo de componente,97.69,8.0
1777,Laptop,Lenovo,IdeaPad 5 Pro,Workstation,Motherboard,"Southbridge dañado, puertos SATA no responden","Diagnóstico: Puerto defectuoso. Southbridge dañado, puertos SATA no responden. Inspeccionar pines y soldaduras con lupa.",Crítica,Reemplazo de placa madre. Evaluar costo vs equipo nuevo. Rescatar componentes reutilizables.,Fuera de servicio,396.05,11.3
1778,Laptop,Acer,Aspire 5,Ultrabook,GPU,"Pantalla azul VIDEO_TDR_FAILURE, GPU dedicada fallida","Diagnóstico: Panel o componentes de pantalla dañados. Pantalla azul VIDEO_TDR_FAILURE, GPU dedicada fallida. Probar con monitor externo para descartar GPU.",Alta,Reflow o reball de GPU. Reemplazar pasta térmica. Verificar alimentación.,Requiere reemplazo de componente,364.45,2.5
1779,Laptop,Lenovo,Legion 5,Gaming,Disco Duro/SSD,Disco muestra advertencia de fallo inminente,Diagnóstico general: Disco muestra advertencia de fallo inminente. Se requiere revisión técnica especializada.,Baja,Ejecutar optimización de disco. Liberar espacio en SSD para mejorar rendimiento.,En diagnóstico,89.23,0.6
1780,Computadora,ASUS,Chromebox 4,Mini PC,Teclado,"Fn keys no funcionan, controlador ACPI dañado","Diagnóstico general: Fn keys no funcionan, controlador ACPI dañado. Se requiere revisión técnica especializada.",Alta,Reemplazar teclado completo. Verificar si hay daño adicional por líquido.,Requiere reemplazo de componente,99.51,2.8
1781,Tablet,ASUS,ZenPad Z8s,Profesional,Sistema Operativo,"Pantalla azul al iniciar, controlador incompatible","Diagnóstico: Panel o componentes de pantalla dañados. Pantalla azul al iniciar, controlador incompatible. Probar con monitor externo para descartar GPU.",Alta,Reparación de arranque con herramientas de recuperación. SFC y DISM.,En diagnóstico,79.49,5.6
1782,Tablet,Samsung,Galaxy Tab S9 FE,Gaming,Conectividad,"Bluetooth no funciona, módulo no detectado","Diagnóstico general: Bluetooth no funciona, módulo no detectado. Se requiere revisión técnica especializada.",Media,Actualizar drivers y firmware. Verificar configuración de red.,Reparable,79.47,1.6
1783,Computadora,Huawei,MateStation B515,Torre,Disco Duro/SSD,"SSD M.2 no hace contacto, slot dañado","Diagnóstico general: SSD M.2 no hace contacto, slot dañado. Se requiere revisión técnica especializada.",Baja,Ejecutar optimización de disco. Liberar espacio en SSD para mejorar rendimiento.,Garantía vigente,167.52,2.0
1784,Computadora,Apple,Mac Pro 2023,Workstation,RAM,RAM no se inicializa al arrancar en frío,Error de memoria RAM. RAM no se inicializa al arrancar en frío. Verificar compatibilidad y velocidad de módulos.,Crítica,Reemplazo inmediato de módulo RAM defectuoso. Verificar compatibilidad con placa madre.,Fuera de servicio,92.57,38.5
1785,Laptop,MSI,Bravo 15,Económica,GPU,"Error CODE 43 en GPU, Windows deshabilitó el dispositivo","Problema de vídeo por GPU. Error CODE 43 en GPU, Windows deshabilitó el dispositivo. Verificar alimentación PCIe y conectores de poder.",Alta,Reflow o reball de GPU. Reemplazar pasta térmica. Verificar alimentación.,Reparable,184.75,19.1
1786,Laptop,Lenovo,ThinkPad E14,Económica,RAM,Sistema se congela al consumir más del 75% de RAM,Problema de memoria. Sistema se congela al consumir más del 75% de RAM. Revisar slots y limpieza de contactos con alcohol isopropílico.,Baja,Ejecutar diagnóstico de memoria extendido. Monitorear en próximos días.,En diagnóstico,114.93,4.0
1787,Computadora,Custom/Genérica,PC Economica Ryzen 5,Gaming,Puertos,"Puerto SD card no lee tarjetas, slot dañado","Diagnóstico general: Puerto SD card no lee tarjetas, slot dañado. Se requiere revisión técnica especializada.",Crítica,Reemplazo de placa de puertos o motherboard. Daño irreparable en múltiples puertos.,Requiere reemplazo de componente,100.44,46.3
1788,Tablet,Xiaomi,Pad 6 Pro,Gaming,Batería,Porcentaje de batería salta de 30% a 5% sin aviso,Fallo en sistema de alimentación por batería. Porcentaje de batería salta de 30% a 5% sin aviso. Reemplazo de batería necesario.,Alta,Reemplazar batería con original de fabricante. No usar baterías genéricas.,Reparable,85.62,22.3
1789,Laptop,Acer,TravelMate P2,Gaming,Disco Duro/SSD,"SSD con vida útil agotada, escrituras fallidas","Diagnóstico general: SSD con vida útil agotada, escrituras fallidas. Se requiere revisión técnica especializada.",Baja,Ejecutar optimización de disco. Liberar espacio en SSD para mejorar rendimiento.,En diagnóstico,92.03,1.1
1790,Laptop,Lenovo,IdeaPad Gaming 3,Económica,Teclado,"Teclas no responden, controlador de teclado dañado","Problema de teclado. Teclas no responden, controlador de teclado dañado. Probar con teclado externo para confirmar diagnóstico.",Crítica,"Reemplazo completo del teclado. Si es por líquido, evaluar daño a motherboard.",Requiere reemplazo de componente,90.03,25.4
1791,Laptop,Dell,Latitude 5540,Premium,Disco Duro/SSD,Partición de recuperación inaccesible en disco,Diagnóstico general: Partición de recuperación inaccesible en disco. Se requiere revisión técnica especializada.,Baja,Ejecutar optimización de disco. Liberar espacio en SSD para mejorar rendimiento.,En diagnóstico,180.24,3.5
1792,Computadora,MSI,Aegis RS 13th,Mini PC,Ventilación,"CPU se sobrecalienta, ventilador no gira","Diagnóstico general: CPU se sobrecalienta, ventilador no gira. Se requiere revisión técnica especializada.",Baja,Limpieza preventiva y monitoreo de temperaturas. Ajustar curva de ventilador.,Garantía vigente,54.31,3.3
1793,Laptop,Apple,MacBook Pro 16 M3 Pro,Chromebook,Disco Duro/SSD,"Sistema no arranca, sector de arranque dañado en disco","Diagnóstico general: Sistema no arranca, sector de arranque dañado en disco. Se requiere revisión técnica especializada.",Media,Ejecutar CHKDSK y reparación de sectores. Monitorear SMART diariamente.,En diagnóstico,207.38,5.2
1794,Laptop,HP,EliteBook 650,Workstation,Conectividad,"Conexión WiFi se cae constantemente, driver inestable","Diagnóstico general: Conexión WiFi se cae constantemente, driver inestable. Se requiere revisión técnica especializada.",Media,Actualizar drivers y firmware. Verificar configuración de red.,Reparable,43.71,2.1
1795,Tablet,Apple,iPad Air M2,Estándar,RAM,"Beep code 2 pitidos, error de parity check en RAM","Problema de memoria. Beep code 2 pitidos, error de parity check en RAM. Revisar slots y limpieza de contactos con alcohol isopropílico.",Media,Limpiar contactos con alcohol isopropílico. Reubicar módulos en slots diferentes.,En diagnóstico,71.55,1.5
1796,Laptop,Acer,Nitro 5,Chromebook,Batería,"Batería no carga, indica 0% permanentemente","Batería degradada. Batería no carga, indica 0% permanentemente. Verificar con diagnóstico de fabricante.",Baja,Reemplazar batería cuando sea conveniente. Funciona con limitaciones.,Reparable,56.28,1.8
1797,Laptop,Samsung,Galaxy Book3 Ultra,Workstation,Teclado,"Teclado se desconecta aleatoriamente, flex dañado","Diagnóstico: Teclado defectuoso. Teclado se desconecta aleatoriamente, flex dañado. Reemplazo del conjunto recomendado.",Crítica,"Reemplazo completo del teclado. Si es por líquido, evaluar daño a motherboard.",En diagnóstico,126.78,21.8
1798,Computadora,HP,EliteDesk 800 G8,All-in-One,Disco Duro/SSD,"Disco duro con PCB quemada, no recibe alimentación","Diagnóstico general: Disco duro con PCB quemada, no recibe alimentación. Se requiere revisión técnica especializada.",Alta,Respaldar datos y reemplazar disco. Ejecutar recuperación con herramientas especializadas.,Requiere reemplazo de componente,129.38,4.4
1799,Computadora,Gigabyte,AORUS Model S,Mini PC,Disco Duro/SSD,"Disco se desconecta aleatoriamente, cable SATA defectuoso","Diagnóstico general: Disco se desconecta aleatoriamente, cable SATA defectuoso. Se requiere revisión técnica especializada.",Media,Ejecutar CHKDSK y reparación de sectores. Monitorear SMART diariamente.,En diagnóstico,141.22,7.7
1800,Computadora,Dell,OptiPlex 5090,Workstation,Motherboard,"Motherboard no reconoce batería, circuito de carga roto","Diagnóstico: Motherboard defectuosa. Motherboard no reconoce batería, circuito de carga roto. Verificar todas las pistas y componentes SMD.",Alta,Reparación especializada de microsoldadura. Reemplazar componentes SMD dañados.,En diagnóstico,317.37,6.5
1801,Laptop,HP,ProBook 450,Empresarial,RAM,Error MEMORY_READ_EXCEPTION en tareas pesadas,Diagnóstico general: Error MEMORY_READ_EXCEPTION en tareas pesadas. Se requiere revisión técnica especializada.,Baja,Ejecutar diagnóstico de memoria extendido. Monitorear en próximos días.,En diagnóstico,41.24,0.8
1802,Laptop,Samsung,Galaxy Book2 360,2 en 1,Puertos,"Puerto USB no reconoce dispositivos, controlador dañado","Diagnóstico general: Puerto USB no reconoce dispositivos, controlador dañado. Se requiere revisión técnica especializada.",Media,Limpiar puerto con aire comprimido. Verificar drivers del controlador USB.,Garantía vigente,193.07,3.3
1803,Computadora,Dell,Inspiron 3881,Gaming,Motherboard,Conector de pantalla dañado en motherboard de laptop,Componente de motherboard dañado. Conector de pantalla dañado en motherboard de laptop. Se requiere microsoldadura especializada.,Media,Reparar pista o componente específico. Verificar todos los circuitos de alimentación.,Garantía vigente,484.52,2.9
1804,Computadora,Custom/Genérica,PC Economica Ryzen 5,SFF,Puertos,Puertos USB dan descarga estática al conectar,Fallo en conectividad de puertos. Puertos USB dan descarga estática al conectar. Verificar controlador I/O y soldaduras.,Alta,Reparar soldadura de puerto dañado. Usar adaptador temporal mientras se repara.,Reparable,105.13,13.3
1805,Computadora,Dell,Alienware Aurora R16,Torre,Motherboard,BIOS chip dañado físicamente en la motherboard,Problema de configuración BIOS. BIOS chip dañado físicamente en la motherboard. Solución: Reset de configuración y actualización de firmware.,Alta,Reparación especializada de microsoldadura. Reemplazar componentes SMD dañados.,Requiere reemplazo de componente,369.64,15.9
1806,Computadora,ASUS,ProArt Station PD5,Mini PC,Batería,"Laptop se apaga al desconectar el cargador, batería muerta","Batería degradada. Laptop se apaga al desconectar el cargador, batería muerta. Verificar con diagnóstico de fabricante.",Alta,Reemplazar batería con original de fabricante. No usar baterías genéricas.,Reparable,96.56,8.2
1807,Laptop,MSI,Cyborg 15,Premium,Teclado,"Teclado se desconecta aleatoriamente, flex dañado","Fallo en dispositivo de entrada. Teclado se desconecta aleatoriamente, flex dañado. Evaluar reemplazo de teclado.",Crítica,"Reemplazo completo del teclado. Si es por líquido, evaluar daño a motherboard.",Fuera de servicio,76.31,7.9
1808,Laptop,ASUS,VivoBook S14,2 en 1,Conectividad,"WiFi muestra redes pero no conecta, error de autenticación","Diagnóstico general: WiFi muestra redes pero no conecta, error de autenticación. Se requiere revisión técnica especializada.",Baja,Resetear adaptador de red. Olvidar y reconectar redes WiFi.,Reparable,78.75,3.9
1809,Computadora,Apple,Mac Studio M2 Max,Servidor,Puertos,"Puerto HDMI no da señal de video, pin dañado","Diagnóstico general: Puerto HDMI no da señal de video, pin dañado. Se requiere revisión técnica especializada.",Baja,Usar puerto alternativo. Monitorear funcionamiento del puerto afectado.,Reparable,145.42,3.9
1810,Laptop,Lenovo,ThinkBook 15,Chromebook,BIOS,"BIOS no detecta RAM nueva, módulos no compatibles","Error de inicialización de BIOS detectado. BIOS no detecta RAM nueva, módulos no compatibles. Verificar batería CMOS y versión de firmware.",Alta,Flashear BIOS desde USB con método de recuperación del fabricante. Verificar versión actual.,Requiere reemplazo de componente,92.44,3.5
1811,Laptop,Toshiba,Portege Z30,Empresarial,Motherboard,"PCIe slot dañado, tarjeta gráfica no detectada","Diagnóstico general: PCIe slot dañado, tarjeta gráfica no detectada. Se requiere revisión técnica especializada.",Media,Reparar pista o componente específico. Verificar todos los circuitos de alimentación.,Garantía vigente,326.21,7.0
1812,Laptop,Huawei,MateBook E Go,Ultrabook,BIOS,"BIOS muestra pantalla de error al iniciar, sector de arranque dañado","Fallo en firmware BIOS. BIOS muestra pantalla de error al iniciar, sector de arranque dañado. Se recomienda reemplazo de chip BIOS.",Baja,Actualizar BIOS a la última versión disponible. Reemplazar batería CMOS si es necesario.,Reparable,67.34,1.8
1813,Laptop,HP,Envy 13,Gaming,Sistema Operativo,Sistema no entra en modo hibernación correctamente,Diagnóstico general: Sistema no entra en modo hibernación correctamente. Se requiere revisión técnica especializada.,Media,Restaurar sistema a punto anterior. Eliminar software problemático.,En diagnóstico,3.02,4.8
1814,Computadora,Huawei,MateStation B515,Torre,Disco Duro/SSD,Partición de recuperación inaccesible en disco,Diagnóstico general: Partición de recuperación inaccesible en disco. Se requiere revisión técnica especializada.,Baja,Ejecutar optimización de disco. Liberar espacio en SSD para mejorar rendimiento.,Reparable,70.45,1.1
1815,Laptop,ASUS,TUF Gaming A15,Chromebook,Ventilación,"Sistema hace throttle térmico, disipador obstruido","Diagnóstico general: Sistema hace throttle térmico, disipador obstruido. Se requiere revisión técnica especializada.",Media,Limpieza de polvo con aire comprimido. Verificar RPM del ventilador.,En diagnóstico,59.44,4.3
1816,Laptop,ASUS,Chromebook CX1,Económica,Sistema Operativo,"Servicio de Windows no inicia, dependencia rota","Diagnóstico general: Servicio de Windows no inicia, dependencia rota. Se requiere revisión técnica especializada.",Media,Restaurar sistema a punto anterior. Eliminar software problemático.,Reparable,52.31,4.2
1817,Laptop,Toshiba,Tecra A50,Chromebook,RAM,"RAM no detectada, sistema muestra menos memoria de la instalada","Diagnóstico: Memoria RAM con errores. RAM no detectada, sistema muestra menos memoria de la instalada. Ejecutar MemTest86 para confirmar sector dañado.",Baja,Ejecutar diagnóstico de memoria extendido. Monitorear en próximos días.,En diagnóstico,107.23,1.5
1818,Computadora,Dell,OptiPlex 5090,Workstation,Teclado,"Teclado retroiluminado no enciende, LED defectuoso","Teclado dañado. Teclado retroiluminado no enciende, LED defectuoso. Si es por líquido, evaluar limpieza ultrasonido o reemplazo.",Alta,Reemplazar teclado completo. Verificar si hay daño adicional por líquido.,En diagnóstico,97.64,22.4
1819,Computadora,ASUS,Chromebox 4,All-in-One,Conectividad,Módulo WiFi/Bluetooth no detectado en BIOS,Se requiere flashear la BIOS para restaurar funcionalidad. Módulo WiFi/Bluetooth no detectado en BIOS,Alta,Reinstalar drivers. Verificar antenas internas. Reemplazar módulo M.2 si aplica.,Requiere reemplazo de componente,25.44,4.7
1820,Tablet,Lenovo,Tab M10 Plus,Profesional,Pantalla,"Resolución atascada en modo seguro, driver de pantalla corrupto","Pantalla defectuosa. Resolución atascada en modo seguro, driver de pantalla corrupto. Inspeccionar conexiones y testear con pantalla externa.",Alta,Reemplazar panel o componente de backlight. Cotizar reparación vs equipo nuevo.,En diagnóstico,133.41,21.7
1821,Computadora,Dell,Vostro 3710,Servidor,Sistema Operativo,"Windows no arranca, BCD corrupto","Diagnóstico general: Windows no arranca, BCD corrupto. Se requiere revisión técnica especializada.",Baja,Actualizar Windows/macOS. Ejecutar Windows Update y reparación de archivos.,Garantía vigente,22.31,3.7
1822,Laptop,HP,Pavilion Gaming 15,Gaming,Pantalla,"Screen tearing constante, VSync no funciona","Diagnóstico general: Screen tearing constante, VSync no funciona. Se requiere revisión técnica especializada.",Alta,Reemplazar panel o componente de backlight. Cotizar reparación vs equipo nuevo.,Reparable,298.05,15.4
1823,Tablet,Microsoft,Surface Pro 8,2 en 1,BIOS,"Configuración BIOS se resetea al apagar, batería CMOS agotada","Error de inicialización de BIOS detectado. Configuración BIOS se resetea al apagar, batería CMOS agotada. Verificar batería CMOS y versión de firmware.",Alta,Flashear BIOS desde USB con método de recuperación del fabricante. Verificar versión actual.,Reparable,20.39,15.6
1824,Computadora,Gigabyte,AORUS Model S,Torre,Pantalla,"Bisagra rota daña cable de pantalla, imagen se corta","Problema de display detectado. Bisagra rota daña cable de pantalla, imagen se corta. Evaluar reemplazo de panel o componentes asociados.",Media,Reemplazar cable flex o inverter. Verificar conexión al motherboard.,En diagnóstico,297.2,5.7
1825,Laptop,Apple,MacBook Air M1,Chromebook,Pantalla,"Pantalla con dead zones, zonas que no responden al tacto","Problema de display detectado. Pantalla con dead zones, zonas que no responden al tacto. Evaluar reemplazo de panel o componentes asociados.",Alta,Reemplazar panel o componente de backlight. Cotizar reparación vs equipo nuevo.,Requiere reemplazo de componente,277.72,12.9
1826,Laptop,Dell,Precision 5680,Workstation,Conectividad,"Bluetooth no empareja dispositivos, stack dañado","Diagnóstico general: Bluetooth no empareja dispositivos, stack dañado. Se requiere revisión técnica especializada.",Media,Actualizar drivers y firmware. Verificar configuración de red.,En diagnóstico,52.83,1.4
1827,Computadora,Huawei,MateStation X,Mini PC,Fuente de Poder,"Reinicios aleatorios bajo carga, PSU insuficiente","Diagnóstico general: Reinicios aleatorios bajo carga, PSU insuficiente. Se requiere revisión técnica especializada.",Media,Verificar conexiones y cables. Probar con fuente de respaldo.,En diagnóstico,173.19,3.4
1828,Laptop,Huawei,MateBook E Go,Chromebook,Pantalla,"Pantalla con bandas de color, conexión LVDS dañada","Problema de display detectado. Pantalla con bandas de color, conexión LVDS dañada. Evaluar reemplazo de panel o componentes asociados.",Alta,Reemplazar panel o componente de backlight. Cotizar reparación vs equipo nuevo.,Reparable,343.58,15.5
1829,Laptop,Acer,Swift 3,Ultrabook,RAM,Memoria RAM causa artefactos visuales en pantalla,Inestabilidad por RAM defectuosa. Memoria RAM causa artefactos visuales en pantalla. Probar módulos individualmente para aislar el dañado.,Baja,Ejecutar diagnóstico de memoria extendido. Monitorear en próximos días.,En diagnóstico,106.44,3.3
1830,Computadora,HP,HP 290 G9,Gaming,Puertos,"Múltiples puertos USB no funcionan, hub interno dañado","Fallo en conectividad de puertos. Múltiples puertos USB no funcionan, hub interno dañado. Verificar controlador I/O y soldaduras.",Crítica,Reemplazo de placa de puertos o motherboard. Daño irreparable en múltiples puertos.,Requiere reemplazo de componente,83.64,39.8
1831,Laptop,MSI,Creator Z16,Premium,Disco Duro/SSD,Disco muestra advertencia de fallo inminente,Diagnóstico general: Disco muestra advertencia de fallo inminente. Se requiere revisión técnica especializada.,Alta,Respaldar datos y reemplazar disco. Ejecutar recuperación con herramientas especializadas.,En diagnóstico,202.76,3.1
1832,Computadora,Dell,Alienware Aurora R16,Mini PC,RAM,Memoria RAM causa artefactos visuales en pantalla,Fallo de memoria detectado. Memoria RAM causa artefactos visuales en pantalla. Se recomienda reemplazar módulo defectuoso.,Crítica,Reemplazo inmediato de módulo RAM defectuoso. Verificar compatibilidad con placa madre.,Requiere reemplazo de componente,57.86,44.9
1833,Computadora,Dell,G5 Gaming Desktop,SFF,Sistema Operativo,Blue screen SYSTEM_SERVICE_EXCEPTION en Windows 11,Diagnóstico general: Blue screen SYSTEM_SERVICE_EXCEPTION en Windows 11. Se requiere revisión técnica especializada.,Media,Restaurar sistema a punto anterior. Eliminar software problemático.,En diagnóstico,21.07,7.6
1834,Laptop,ASUS,TUF Gaming A15,Workstation,Pantalla,"Bisagra rota daña cable de pantalla, imagen se corta","Problema de display detectado. Bisagra rota daña cable de pantalla, imagen se corta. Evaluar reemplazo de panel o componentes asociados.",Alta,Reemplazar panel o componente de backlight. Cotizar reparación vs equipo nuevo.,En diagnóstico,387.99,7.2
1835,Laptop,HP,Omen 16,Empresarial,Fuente de Poder,"Voltaje inestable en riel de 12V, componentes fallan","Diagnóstico general: Voltaje inestable en riel de 12V, componentes fallan. Se requiere revisión técnica especializada.",Baja,Monitorear voltajes. Considerar reemplazo preventivo.,Reparable,83.6,1.0
1836,Laptop,Samsung,Galaxy Book Go,Premium,Ventilación,"Heat pipe dañado, calor no se disipa correctamente","Diagnóstico general: Heat pipe dañado, calor no se disipa correctamente. Se requiere revisión técnica especializada.",Media,Limpieza de polvo con aire comprimido. Verificar RPM del ventilador.,Reparable,30.16,2.2
1837,Computadora,MSI,Cubi 5,Gaming,Teclado,"Teclado se desconecta aleatoriamente, flex dañado","Fallo en dispositivo de entrada. Teclado se desconecta aleatoriamente, flex dañado. Evaluar reemplazo de teclado.",Crítica,"Reemplazo completo del teclado. Si es por líquido, evaluar daño a motherboard.",Requiere reemplazo de componente,141.91,10.5
1838,Computadora,MSI,Infinite RS 13th,Mini PC,Ventilación,"Ventilador vibra anormalmente, aspas desbalanceadas","Diagnóstico general: Ventilador vibra anormalmente, aspas desbalanceadas. Se requiere revisión técnica especializada.",Media,Limpieza de polvo con aire comprimido. Verificar RPM del ventilador.,En diagnóstico,45.55,5.9
1839,Computadora,MSI,Aegis RS 13th,Torre,Pantalla,"Pantalla con líneas verticales, panel LCD dañado","Fallo en sistema de visualización. Pantalla con líneas verticales, panel LCD dañado. Verificar cable flex y controlador de backlight.",Crítica,Reemplazo completo de panel LCD/LED. Verificar disponibilidad de repuesto.,Requiere reemplazo de componente,145.71,21.8
1840,Laptop,Huawei,MateBook 14s,Chromebook,Sistema Operativo,"Windows Update en bucle, descarga infinita","Diagnóstico general: Windows Update en bucle, descarga infinita. Se requiere revisión técnica especializada.",Media,Restaurar sistema a punto anterior. Eliminar software problemático.,En diagnóstico,21.74,1.1
1841,Laptop,Toshiba,Dynabook E10,Chromebook,Sistema Operativo,"Sistema se congela aleatoriamente, conflicto de drivers","Diagnóstico general: Sistema se congela aleatoriamente, conflicto de drivers. Se requiere revisión técnica especializada.",Baja,Actualizar Windows/macOS. Ejecutar Windows Update y reparación de archivos.,Reparable,11.0,0.7
1842,Laptop,Toshiba,Satellite Pro R50,Premium,Disco Duro/SSD,Disco con Bad Blocks en zona crítica del sistema,Diagnóstico general: Disco con Bad Blocks en zona crítica del sistema. Se requiere revisión técnica especializada.,Alta,Respaldar datos y reemplazar disco. Ejecutar recuperación con herramientas especializadas.,Reparable,62.55,17.5
1843,Tablet,Amazon,Fire Max 11,Educacional,RAM,"Beep code 2 pitidos, error de parity check en RAM","Fallo de memoria detectado. Beep code 2 pitidos, error de parity check en RAM. Se recomienda reemplazar módulo defectuoso.",Media,Limpiar contactos con alcohol isopropílico. Reubicar módulos en slots diferentes.,En diagnóstico,64.98,7.0
1844,Laptop,Acer,Aspire 3,Premium,RAM,"SODIMM RAM con pines dañados, contacto intermitente","Problema de memoria. SODIMM RAM con pines dañados, contacto intermitente. Revisar slots y limpieza de contactos con alcohol isopropílico.",Baja,Ejecutar diagnóstico de memoria extendido. Monitorear en próximos días.,Reparable,70.33,2.9
1845,Laptop,Lenovo,IdeaPad 5 Pro,2 en 1,Teclado,"Varias teclas no funcionan, daño por líquido derramado","Fallo de memoria detectado. Varias teclas no funcionan, daño por líquido derramado. Se recomienda reemplazar módulo defectuoso.",Crítica,"Reemplazo completo del teclado. Si es por líquido, evaluar daño a motherboard.",Requiere reemplazo de componente,71.11,15.5
1846,Computadora,Lenovo,ThinkStation P350,Mini PC,Disco Duro/SSD,"Disco lento, tiempos de lectura excesivos y errores SMART","Diagnóstico general: Disco lento, tiempos de lectura excesivos y errores SMART. Se requiere revisión técnica especializada.",Baja,Ejecutar optimización de disco. Liberar espacio en SSD para mejorar rendimiento.,Garantía vigente,125.01,2.2
1847,Computadora,Gigabyte,AORUS Model S,Mini PC,Fuente de Poder,"Voltaje de 5V fuera de especificación, USB inestable","Diagnóstico general: Voltaje de 5V fuera de especificación, USB inestable. Se requiere revisión técnica especializada.",Baja,Monitorear voltajes. Considerar reemplazo preventivo.,En diagnóstico,40.62,1.0
1848,Laptop,Acer,Aspire 3,Premium,Motherboard,BIOS chip dañado físicamente en la motherboard,Error de inicialización de BIOS detectado. BIOS chip dañado físicamente en la motherboard. Verificar batería CMOS y versión de firmware.,Alta,Reparación especializada de microsoldadura. Reemplazar componentes SMD dañados.,Reparable,329.69,15.6
1849,Computadora,Lenovo,Legion Tower 5i,All-in-One,Motherboard,Circuito de protección de sobretensión activado permanentemente,Diagnóstico general: Circuito de protección de sobretensión activado permanentemente. Se requiere revisión técnica especializada.,Crítica,Reemplazo de placa madre. Evaluar costo vs equipo nuevo. Rescatar componentes reutilizables.,Fuera de servicio,391.96,36.9
1850,Laptop,Samsung,Galaxy Book Go,Empresarial,Motherboard,"Motherboard con condensadores inflados, inestabilidad","Diagnóstico: Motherboard defectuosa. Motherboard con condensadores inflados, inestabilidad. Verificar todas las pistas y componentes SMD.",Alta,Reparación especializada de microsoldadura. Reemplazar componentes SMD dañados.,En diagnóstico,295.09,6.0
1851,Laptop,Huawei,MateBook 14s,Workstation,Motherboard,"PCIe slot dañado, tarjeta gráfica no detectada","Diagnóstico general: PCIe slot dañado, tarjeta gráfica no detectada. Se requiere revisión técnica especializada.",Media,Reparar pista o componente específico. Verificar todos los circuitos de alimentación.,Reparable,332.86,1.2
1852,Laptop,Toshiba,Satellite C55,Workstation,RAM,"Pitidos continuos al encender, módulo RAM defectuoso","Problema de memoria. Pitidos continuos al encender, módulo RAM defectuoso. Revisar slots y limpieza de contactos con alcohol isopropílico.",Alta,Reemplazar módulo RAM dañado. Probar con módulo nuevo en slot afectado.,Reparable,30.6,12.9
1853,Laptop,Samsung,Galaxy Book3 Ultra,Ultrabook,Sistema Operativo,"Sistema se congela aleatoriamente, conflicto de drivers","Diagnóstico general: Sistema se congela aleatoriamente, conflicto de drivers. Se requiere revisión técnica especializada.",Media,Restaurar sistema a punto anterior. Eliminar software problemático.,En diagnóstico,48.27,8.0
1854,Computadora,Acer,Aspire XC,Servidor,BIOS,"BIOS no reconoce puertos USB, controlador dañado","Problema de configuración BIOS. BIOS no reconoce puertos USB, controlador dañado. Solución: Reset de configuración y actualización de firmware.",Alta,Flashear BIOS desde USB con método de recuperación del fabricante. Verificar versión actual.,Reparable,107.27,22.9
1855,Tablet,Lenovo,Tab P12 Pro,Estándar,Motherboard,"VRM de motherboard sobrecalentado, throttling severo","Motherboard con daño eléctrico. VRM de motherboard sobrecalentado, throttling severo. Inspeccionar con microscopio y multímetro.",Alta,Reparación especializada de microsoldadura. Reemplazar componentes SMD dañados.,Requiere reemplazo de componente,483.24,23.1
1856,Computadora,Acer,Nitro 50,Servidor,Teclado,"Fn keys no funcionan, controlador ACPI dañado","Diagnóstico general: Fn keys no funcionan, controlador ACPI dañado. Se requiere revisión técnica especializada.",Media,Limpiar contacto de teclas afectadas. Verificar flex de conexión.,Garantía vigente,129.9,6.2
1857,Laptop,HP,EliteBook 840,Empresarial,Pantalla,"Pantalla con manchas oscuras, daño por presión","Diagnóstico: Panel o componentes de pantalla dañados. Pantalla con manchas oscuras, daño por presión. Probar con monitor externo para descartar GPU.",Alta,Reemplazar panel o componente de backlight. Cotizar reparación vs equipo nuevo.,Reparable,340.85,8.7
1858,Tablet,Amazon,Fire HD 8,Económica,Ventilación,"Ventilador siempre al 100%, sensor de temperatura defectuoso","Diagnóstico general: Ventilador siempre al 100%, sensor de temperatura defectuoso. Se requiere revisión técnica especializada.",Alta,Limpiar obstrucciones y reaplicar pasta térmica. Verificar heat pipes.,Requiere reemplazo de componente,52.8,21.7
1859,Laptop,Apple,MacBook Pro 13 M2,Ultrabook,Ventilación,"CPU se sobrecalienta, ventilador no gira","Diagnóstico general: CPU se sobrecalienta, ventilador no gira. Se requiere revisión técnica especializada.",Alta,Limpiar obstrucciones y reaplicar pasta térmica. Verificar heat pipes.,Requiere reemplazo de componente,72.99,5.6
1860,Laptop,Lenovo,Yoga 7i,Premium,Motherboard,"PCIe slot dañado, tarjeta gráfica no detectada","Diagnóstico general: PCIe slot dañado, tarjeta gráfica no detectada. Se requiere revisión técnica especializada.",Baja,Limpieza profunda y rethermal. Verificar conexiones y reseat de componentes.,Reparable,460.78,1.0
1861,Computadora,Lenovo,ThinkCentre M90q,Servidor,Ventilación,"Ventilador siempre al 100%, sensor de temperatura defectuoso","Diagnóstico general: Ventilador siempre al 100%, sensor de temperatura defectuoso. Se requiere revisión técnica especializada.",Baja,Limpieza preventiva y monitoreo de temperaturas. Ajustar curva de ventilador.,Garantía vigente,60.84,2.8
1862,Laptop,Samsung,Galaxy Book2 360,Ultrabook,Pantalla,"Resolución atascada en modo seguro, driver de pantalla corrupto","Problema de display detectado. Resolución atascada en modo seguro, driver de pantalla corrupto. Evaluar reemplazo de panel o componentes asociados.",Media,Reemplazar cable flex o inverter. Verificar conexión al motherboard.,En diagnóstico,363.74,2.4
1863,Laptop,Dell,Inspiron 15 3000,Chromebook,Sistema Operativo,Sistema operativo no encuentra boot manager,Diagnóstico general: Sistema operativo no encuentra boot manager. Se requiere revisión técnica especializada.,Media,Restaurar sistema a punto anterior. Eliminar software problemático.,Reparable,17.48,4.7
1864,Tablet,Lenovo,Tab P12 Pro,Gaming,Conectividad,Módulo WiFi/Bluetooth no detectado en BIOS,Diagnóstico: Corrupción de BIOS. Módulo WiFi/Bluetooth no detectado en BIOS. Procedimiento: Reflashing con método de recuperación del fabricante.,Media,Actualizar drivers y firmware. Verificar configuración de red.,En diagnóstico,60.39,3.3
1865,Tablet,Microsoft,Surface Pro 9,eReader,Batería,"Batería no carga al 100%, se detiene en 80%","Batería degradada. Batería no carga al 100%, se detiene en 80%. Verificar con diagnóstico de fabricante.",Media,Calibrar batería siguiendo procedimiento del fabricante. Verificar ciclo de carga.,En diagnóstico,45.8,6.9
1866,Computadora,Apple,iMac 24 M3,Mini PC,BIOS,BIOS no guarda cambios después de guardar y salir,Problema de configuración BIOS. BIOS no guarda cambios después de guardar y salir. Solución: Reset de configuración y actualización de firmware.,Baja,Actualizar BIOS a la última versión disponible. Reemplazar batería CMOS si es necesario.,Garantía vigente,33.43,3.4
1867,Computadora,Huawei,MateStation X,Mini PC,Teclado,"Tecla se queda presionada, contacto pegajoso","Diagnóstico general: Tecla se queda presionada, contacto pegajoso. Se requiere revisión técnica especializada.",Baja,Limpiar tecla específica o reemplazar keycap. Verificar configuración de idioma.,Reparable,40.06,3.4
1868,Laptop,MSI,Summit E16,Premium,Motherboard,Placa madre con cortocircuito en sección de alimentación,Diagnóstico general: Placa madre con cortocircuito en sección de alimentación. Se requiere revisión técnica especializada.,Media,Reparar pista o componente específico. Verificar todos los circuitos de alimentación.,Reparable,396.64,7.9
1869,Laptop,Huawei,MateBook D15,Premium,Disco Duro/SSD,"Disco duro externo no monta, controlador USB-SATA fallido","Diagnóstico general: Disco duro externo no monta, controlador USB-SATA fallido. Se requiere revisión técnica especializada.",Baja,Ejecutar optimización de disco. Liberar espacio en SSD para mejorar rendimiento.,Reparable,152.96,3.2
1870,Laptop,HP,Pavilion Gaming 15,Gaming,Disco Duro/SSD,Error INACCESSIBLE_BOOT_DEVICE al iniciar Windows,Diagnóstico general: Error INACCESSIBLE_BOOT_DEVICE al iniciar Windows. Se requiere revisión técnica especializada.,Alta,Respaldar datos y reemplazar disco. Ejecutar recuperación con herramientas especializadas.,Reparable,98.97,5.4
1871,Laptop,ASUS,ProArt StudioBook,Económica,Ventilación,"Sistema hace throttle térmico, disipador obstruido","Diagnóstico general: Sistema hace throttle térmico, disipador obstruido. Se requiere revisión técnica especializada.",Baja,Limpieza preventiva y monitoreo de temperaturas. Ajustar curva de ventilador.,Reparable,32.4,1.0
1872,Tablet,Samsung,Galaxy Tab A8,2 en 1,Pantalla,"Pantalla con ghosting, retardo de respuesta del panel","Display con defecto. Pantalla con ghosting, retardo de respuesta del panel. Reemplazo de panel recomendado si costo es viable.",Baja,Calibrar pantalla y actualizar driver de vídeo. Ajustar perfil de color.,Garantía vigente,274.88,2.9
1873,Tablet,Lenovo,Tab M11,Profesional,Disco Duro/SSD,"SSD no detectado en BIOS, controlador NVMe dañado","Fallo en firmware BIOS. SSD no detectado en BIOS, controlador NVMe dañado. Se recomienda reemplazo de chip BIOS.",Alta,Respaldar datos y reemplazar disco. Ejecutar recuperación con herramientas especializadas.,Reparable,134.81,17.9
1874,Laptop,Dell,G15 Gaming,Empresarial,Disco Duro/SSD,"Disco se desconecta aleatoriamente, cable SATA defectuoso","Diagnóstico general: Disco se desconecta aleatoriamente, cable SATA defectuoso. Se requiere revisión técnica especializada.",Alta,Respaldar datos y reemplazar disco. Ejecutar recuperación con herramientas especializadas.,Requiere reemplazo de componente,158.64,17.0
1875,Laptop,Toshiba,Portege Z30,Premium,RAM,Reinicios aleatorios por errores de memoria RAM,Error de memoria RAM. Reinicios aleatorios por errores de memoria RAM. Verificar compatibilidad y velocidad de módulos.,Media,Limpiar contactos con alcohol isopropílico. Reubicar módulos en slots diferentes.,En diagnóstico,117.32,6.9
1876,Computadora,Apple,Mac Pro 2023,Gaming,BIOS,Voltaje de RAM configurado incorrectamente en BIOS,Error de inicialización de BIOS detectado. Voltaje de RAM configurado incorrectamente en BIOS. Verificar batería CMOS y versión de firmware.,Media,Reset de CMOS y reconfiguración de BIOS. Actualizar a última versión estable.,En diagnóstico,36.05,7.2
1877,Computadora,Gigabyte,Aero D1 Desktop,SFF,Pantalla,"Pantalla con bandas de color, conexión LVDS dañada","Problema de display detectado. Pantalla con bandas de color, conexión LVDS dañada. Evaluar reemplazo de panel o componentes asociados.",Media,Reemplazar cable flex o inverter. Verificar conexión al motherboard.,Reparable,186.93,5.2
1878,Laptop,Dell,Inspiron 15 3000,Económica,Pantalla,"Flex de pantalla dañado, imagen intermitente","Pantalla defectuosa. Flex de pantalla dañado, imagen intermitente. Inspeccionar conexiones y testear con pantalla externa.",Alta,Reemplazar panel o componente de backlight. Cotizar reparación vs equipo nuevo.,Reparable,263.62,17.1
1879,Laptop,Acer,Aspire 3,Empresarial,Pantalla,"Pantalla con bandas de color, conexión LVDS dañada","Fallo en sistema de visualización. Pantalla con bandas de color, conexión LVDS dañada. Verificar cable flex y controlador de backlight.",Media,Reemplazar cable flex o inverter. Verificar conexión al motherboard.,Reparable,298.68,6.3
1880,Laptop,MSI,Stealth 15M,Workstation,RAM,Sistema operativo reporta memoria reservada excesiva,Diagnóstico general: Sistema operativo reporta memoria reservada excesiva. Se requiere revisión técnica especializada.,Crítica,Reemplazo inmediato de módulo RAM defectuoso. Verificar compatibilidad con placa madre.,Requiere reemplazo de componente,95.37,35.0
1881,Laptop,MSI,Creator Z16,Workstation,Motherboard,"Filtro de EMI dañado, interferencia en audio/video","Sistema de audio dañado. Filtro de EMI dañado, interferencia en audio/video. Si es hardware, evaluar placa de audio USB como alternativa.",Baja,Limpieza profunda y rethermal. Verificar conexiones y reseat de componentes.,En diagnóstico,267.84,2.0
1882,Laptop,MSI,Katana 15,2 en 1,Motherboard,"PCIe slot dañado, tarjeta gráfica no detectada","Diagnóstico general: PCIe slot dañado, tarjeta gráfica no detectada. Se requiere revisión técnica especializada.",Alta,Reparación especializada de microsoldadura. Reemplazar componentes SMD dañados.,Requiere reemplazo de componente,489.08,4.9
1883,Laptop,ASUS,ROG Strix G16,Premium,Conectividad,"Bluetooth no empareja dispositivos, stack dañado","Diagnóstico general: Bluetooth no empareja dispositivos, stack dañado. Se requiere revisión técnica especializada.",Media,Actualizar drivers y firmware. Verificar configuración de red.,En diagnóstico,90.99,2.7
1884,Laptop,Apple,MacBook Air M1,Chromebook,Ventilación,Acumulación excesiva de polvo en ventilador y disipador,Diagnóstico general: Acumulación excesiva de polvo en ventilador y disipador. Se requiere revisión técnica especializada.,Baja,Limpieza preventiva y monitoreo de temperaturas. Ajustar curva de ventilador.,En diagnóstico,49.51,0.8
1885,Computadora,ASUS,Chromebox 4,Gaming,Disco Duro/SSD,"Disco duro con PCB quemada, no recibe alimentación","Diagnóstico general: Disco duro con PCB quemada, no recibe alimentación. Se requiere revisión técnica especializada.",Crítica,Clonar disco inmediatamente si es posible. Reemplazo urgente de unidad. Recuperación de datos profesional.,En diagnóstico,144.91,30.7
1886,Tablet,Xiaomi,Pad 5,Gaming,Sistema Operativo,"DLL faltante, aplicaciones no abren","Diagnóstico general: DLL faltante, aplicaciones no abren. Se requiere revisión técnica especializada.",Alta,Reparación de arranque con herramientas de recuperación. SFC y DISM.,Requiere reemplazo de componente,2.85,17.4
1887,Laptop,Dell,Precision 5680,Económica,Conectividad,Módulo WiFi/Bluetooth no detectado en BIOS,Diagnóstico: Corrupción de BIOS. Módulo WiFi/Bluetooth no detectado en BIOS. Procedimiento: Reflashing con método de recuperación del fabricante.,Media,Actualizar drivers y firmware. Verificar configuración de red.,Garantía vigente,80.47,6.9
1888,Computadora,Acer,Nitro 50,Workstation,Teclado,"Tecla Enter no funciona, membrana dañada","Diagnóstico general: Tecla Enter no funciona, membrana dañada. Se requiere revisión técnica especializada.",Alta,Reemplazar teclado completo. Verificar si hay daño adicional por líquido.,Requiere reemplazo de componente,119.89,8.9
1889,Tablet,Apple,iPad 9th Gen,Gaming,Disco Duro/SSD,"Disco se desconecta aleatoriamente, cable SATA defectuoso","Diagnóstico general: Disco se desconecta aleatoriamente, cable SATA defectuoso. Se requiere revisión técnica especializada.",Media,Ejecutar CHKDSK y reparación de sectores. Monitorear SMART diariamente.,Reparable,209.86,2.6
1890,Laptop,Apple,MacBook Pro 14 M3 Max,Empresarial,Disco Duro/SSD,"Error CRC en disco, datos corruptos al copiar archivos","Diagnóstico general: Error CRC en disco, datos corruptos al copiar archivos. Se requiere revisión técnica especializada.",Alta,Respaldar datos y reemplazar disco. Ejecutar recuperación con herramientas especializadas.,Reparable,49.58,23.1
1891,Computadora,Dell,G5 Gaming Desktop,Torre,GPU,"Rayos y artefactos en pantalla al iniciar juegos, GPU dañada","Problema de display detectado. Rayos y artefactos en pantalla al iniciar juegos, GPU dañada. Evaluar reemplazo de panel o componentes asociados.",Media,Reinstalar drivers con DDU. Verificar temperatura y ventilación de GPU.,En diagnóstico,330.5,1.6
1892,Computadora,MSI,Aegis RS 13th,Micro,RAM,"Sistema lento, RAM al 100% con pocas aplicaciones abiertas","Fallo de memoria detectado. Sistema lento, RAM al 100% con pocas aplicaciones abiertas. Se recomienda reemplazar módulo defectuoso.",Media,Limpiar contactos con alcohol isopropílico. Reubicar módulos en slots diferentes.,En diagnóstico,82.12,4.1
1893,Laptop,Apple,MacBook Air M2,Ultrabook,Pantalla,"Flex de pantalla dañado, imagen intermitente","Fallo en sistema de visualización. Flex de pantalla dañado, imagen intermitente. Verificar cable flex y controlador de backlight.",Crítica,Reemplazo completo de panel LCD/LED. Verificar disponibilidad de repuesto.,Fuera de servicio,368.04,45.5
1894,Laptop,MSI,Prestige 14,2 en 1,Puertos,Puertos USB dan descarga estática al conectar,"Puerto no funcional. Puertos USB dan descarga estática al conectar. Si es USB-C, verificar controlador PD y retractor.",Crítica,Reemplazo de placa de puertos o motherboard. Daño irreparable en múltiples puertos.,En diagnóstico,187.87,8.6
1895,Tablet,Xiaomi,Pad 6,eReader,Batería,"Batería no carga, indica 0% permanentemente","Batería en estado crítico. Batería no carga, indica 0% permanentemente. Retirar si está inflada por riesgo de seguridad.",Media,Calibrar batería siguiendo procedimiento del fabricante. Verificar ciclo de carga.,En diagnóstico,32.54,2.0
1896,Tablet,Microsoft,Surface Pro 8,eReader,Pantalla,"Pantalla parpadea constantemente, inverter defectuoso","Fallo en sistema de visualización. Pantalla parpadea constantemente, inverter defectuoso. Verificar cable flex y controlador de backlight.",Baja,Calibrar pantalla y actualizar driver de vídeo. Ajustar perfil de color.,Reparable,192.09,2.1
1897,Laptop,Lenovo,ThinkPad T14,Workstation,Ventilación,"Sistema hace throttle térmico, disipador obstruido","Diagnóstico general: Sistema hace throttle térmico, disipador obstruido. Se requiere revisión técnica especializada.",Media,Limpieza de polvo con aire comprimido. Verificar RPM del ventilador.,Garantía vigente,66.31,1.8
1898,Computadora,ASUS,ProArt Station PD5,Gaming,Teclado,"Teclas no responden, controlador de teclado dañado","Teclado dañado. Teclas no responden, controlador de teclado dañado. Si es por líquido, evaluar limpieza ultrasonido o reemplazo.",Baja,Limpiar tecla específica o reemplazar keycap. Verificar configuración de idioma.,Garantía vigente,143.79,3.1
1899,Computadora,Dell,XPS Desktop 8960,SFF,Audio,"Altavoces con distorsión, membrana dañada","Diagnóstico general: Altavoces con distorsión, membrana dañada. Se requiere revisión técnica especializada.",Media,Limpiar jack de audio. Verificar configuración de dispositivos de sonido.,Reparable,73.6,4.8
1900,Tablet,Xiaomi,Pad 5 Pro 5G,Profesional,RAM,"Aplicaciones se cierran solas, RAM con sectores defectuosos","Error de memoria RAM. Aplicaciones se cierran solas, RAM con sectores defectuosos. Verificar compatibilidad y velocidad de módulos.",Baja,Ejecutar diagnóstico de memoria extendido. Monitorear en próximos días.,Garantía vigente,49.53,2.8
1901,Computadora,MSI,All-in-One PC AG271,Mini PC,Sistema Operativo,"Windows no arranca, BCD corrupto","Diagnóstico general: Windows no arranca, BCD corrupto. Se requiere revisión técnica especializada.",Media,Restaurar sistema a punto anterior. Eliminar software problemático.,En diagnóstico,57.53,1.4
1902,Laptop,Toshiba,Portege Z30,Ultrabook,Batería,Sistema entra en hibernación repentino por batería,Fallo en sistema de alimentación por batería. Sistema entra en hibernación repentino por batería. Reemplazo de batería necesario.,Alta,Reemplazar batería con original de fabricante. No usar baterías genéricas.,Requiere reemplazo de componente,81.06,5.4
1903,Laptop,Toshiba,Dynabook E10,Económica,Teclado,"Tecla Enter no funciona, membrana dañada","Diagnóstico general: Tecla Enter no funciona, membrana dañada. Se requiere revisión técnica especializada.",Crítica,"Reemplazo completo del teclado. Si es por líquido, evaluar daño a motherboard.",En diagnóstico,62.53,42.5
1904,Tablet,Apple,iPad 9th Gen,2 en 1,Pantalla,"Touchscreen no responde, controlador táctil dañado","Diagnóstico general: Touchscreen no responde, controlador táctil dañado. Se requiere revisión técnica especializada.",Alta,Reemplazar panel o componente de backlight. Cotizar reparación vs equipo nuevo.,En diagnóstico,362.9,4.3
1905,Computadora,Gigabyte,AORUS Model S,Torre,BIOS,"Fan speed no controlado por BIOS, ventilador a máxima velocidad","Diagnóstico: Corrupción de BIOS. Fan speed no controlado por BIOS, ventilador a máxima velocidad. Procedimiento: Reflashing con método de recuperación del fabricante.",Media,Reset de CMOS y reconfiguración de BIOS. Actualizar a última versión estable.,Reparable,105.31,1.2
1906,Laptop,Toshiba,Portege Z30,Workstation,Motherboard,"Filtro de EMI dañado, interferencia en audio/video","Sistema de audio dañado. Filtro de EMI dañado, interferencia en audio/video. Si es hardware, evaluar placa de audio USB como alternativa.",Baja,Limpieza profunda y rethermal. Verificar conexiones y reseat de componentes.,Reparable,129.85,3.4
1907,Laptop,HP,Pavilion Gaming 15,Empresarial,Ventilación,"Ventilador vibra anormalmente, aspas desbalanceadas","Diagnóstico general: Ventilador vibra anormalmente, aspas desbalanceadas. Se requiere revisión técnica especializada.",Alta,Limpiar obstrucciones y reaplicar pasta térmica. Verificar heat pipes.,Reparable,48.75,13.5
1908,Laptop,Lenovo,Yoga 7i,Premium,Motherboard,"Motherboard con condensadores inflados, inestabilidad","Problema en circuito de motherboard. Motherboard con condensadores inflados, inestabilidad. Medir voltajes en puntos de test para localizar falla.",Alta,Reparación especializada de microsoldadura. Reemplazar componentes SMD dañados.,Reparable,494.79,10.3
1909,Computadora,Gigabyte,AORUS Model S,Servidor,Disco Duro/SSD,Disco con Bad Blocks en zona crítica del sistema,Diagnóstico general: Disco con Bad Blocks en zona crítica del sistema. Se requiere revisión técnica especializada.,Media,Ejecutar CHKDSK y reparación de sectores. Monitorear SMART diariamente.,En diagnóstico,220.51,6.7
1910,Tablet,Samsung,Galaxy Tab S7 FE,Estándar,Batería,"Batería no carga al 100%, se detiene en 80%","Batería degradada. Batería no carga al 100%, se detiene en 80%. Verificar con diagnóstico de fabricante.",Baja,Reemplazar batería cuando sea conveniente. Funciona con limitaciones.,Reparable,126.88,2.7
1911,Computadora,Gigabyte,AORUS Model S,Torre,Disco Duro/SSD,"Disco con latencia alta, sectores lentos detectados","Diagnóstico general: Disco con latencia alta, sectores lentos detectados. Se requiere revisión técnica especializada.",Crítica,Clonar disco inmediatamente si es posible. Reemplazo urgente de unidad. Recuperación de datos profesional.,En diagnóstico,41.9,21.1
1912,Computadora,Lenovo,Legion Tower 5i,Workstation,Ventilación,Acumulación excesiva de polvo en ventilador y disipador,Diagnóstico general: Acumulación excesiva de polvo en ventilador y disipador. Se requiere revisión técnica especializada.,Media,Limpieza de polvo con aire comprimido. Verificar RPM del ventilador.,Reparable,17.35,7.3
1913,Laptop,MSI,Bravo 15,Premium,Sistema Operativo,"Sistema extremadamente lento, malware detectado","Diagnóstico general: Sistema extremadamente lento, malware detectado. Se requiere revisión técnica especializada.",Baja,Actualizar Windows/macOS. Ejecutar Windows Update y reparación de archivos.,En diagnóstico,51.9,2.2
1914,Laptop,Huawei,MateBook D15,Económica,Pantalla,"Pantalla con bandas de color, conexión LVDS dañada","Pantalla defectuosa. Pantalla con bandas de color, conexión LVDS dañada. Inspeccionar conexiones y testear con pantalla externa.",Alta,Reemplazar panel o componente de backlight. Cotizar reparación vs equipo nuevo.,Requiere reemplazo de componente,97.19,7.8
1915,Laptop,Toshiba,Satellite C55,Empresarial,Motherboard,Motherboard no entra en suspensión correctamente,Diagnóstico: Motherboard defectuosa. Motherboard no entra en suspensión correctamente. Verificar todas las pistas y componentes SMD.,Baja,Limpieza profunda y rethermal. Verificar conexiones y reseat de componentes.,Garantía vigente,288.14,1.2
1916,Tablet,Apple,iPad Pro 11 M4,Gaming,Conectividad,"Bluetooth no empareja dispositivos, stack dañado","Diagnóstico general: Bluetooth no empareja dispositivos, stack dañado. Se requiere revisión técnica especializada.",Media,Actualizar drivers y firmware. Verificar configuración de red.,En diagnóstico,79.71,4.6
1917,Computadora,HP,ProDesk 400 G7,Gaming,Disco Duro/SSD,"SSD con error de sobretemperatura, throttle de escritura","Diagnóstico general: SSD con error de sobretemperatura, throttle de escritura. Se requiere revisión técnica especializada.",Baja,Ejecutar optimización de disco. Liberar espacio en SSD para mejorar rendimiento.,En diagnóstico,43.14,2.5
1918,Computadora,Gigabyte,B550 Vision D,All-in-One,Batería,"Laptop se apaga al desconectar el cargador, batería muerta","Batería degradada. Laptop se apaga al desconectar el cargador, batería muerta. Verificar con diagnóstico de fabricante.",Crítica,Retirar batería inmediatamente por seguridad (inflamación). Usar solo con cargador.,Fuera de servicio,74.93,38.4
1919,Laptop,Samsung,Galaxy Book2 360,2 en 1,Batería,"Batería se descarga muy rápido, capacidad reducida","Diagnóstico: Batería defectuosa. Batería se descarga muy rápido, capacidad reducida. Reemplazar con batería original certificada.",Media,Calibrar batería siguiendo procedimiento del fabricante. Verificar ciclo de carga.,Reparable,91.17,5.2
1920,Laptop,Acer,Swift 3,Gaming,Conectividad,"WiFi no detecta redes, adaptador inalámbrico dañado","Diagnóstico general: WiFi no detecta redes, adaptador inalámbrico dañado. Se requiere revisión técnica especializada.",Media,Actualizar drivers y firmware. Verificar configuración de red.,Garantía vigente,72.77,1.5
1921,Computadora,Acer,Aspire XC,Torre,Motherboard,"PCIe slot dañado, tarjeta gráfica no detectada","Diagnóstico general: PCIe slot dañado, tarjeta gráfica no detectada. Se requiere revisión técnica especializada.",Crítica,Reemplazo de placa madre. Evaluar costo vs equipo nuevo. Rescatar componentes reutilizables.,Requiere reemplazo de componente,105.72,10.0
1922,Computadora,Dell,OptiPlex 5090,All-in-One,GPU,"Artefactos gráficos en pantalla, memoria VRAM dañada","Fallo de memoria detectado. Artefactos gráficos en pantalla, memoria VRAM dañada. Se recomienda reemplazar módulo defectuoso.",Alta,Reflow o reball de GPU. Reemplazar pasta térmica. Verificar alimentación.,En diagnóstico,443.02,20.9
1923,Tablet,ASUS,ZenPad Z8s,Estándar,GPU,"Pantalla azul VIDEO_TDR_FAILURE, GPU dedicada fallida","Display con defecto. Pantalla azul VIDEO_TDR_FAILURE, GPU dedicada fallida. Reemplazo de panel recomendado si costo es viable.",Baja,Actualizar drivers de GPU. Ajustar configuración de rendimiento.,Reparable,366.26,2.9
1924,Laptop,Lenovo,IdeaPad 5 Pro,Empresarial,Disco Duro/SSD,"Disco duro hace clic repetitivo, fallo mecánico inminente","Diagnóstico general: Disco duro hace clic repetitivo, fallo mecánico inminente. Se requiere revisión técnica especializada.",Baja,Ejecutar optimización de disco. Liberar espacio en SSD para mejorar rendimiento.,Garantía vigente,225.26,2.6
1925,Tablet,Microsoft,Surface Pro 10,Gaming,RAM,Sistema operativo reporta memoria reservada excesiva,Diagnóstico general: Sistema operativo reporta memoria reservada excesiva. Se requiere revisión técnica especializada.,Alta,Reemplazar módulo RAM dañado. Probar con módulo nuevo en slot afectado.,En diagnóstico,89.48,17.7
1926,Computadora,MSI,Infinite RS 13th,Workstation,Conectividad,"Bluetooth no funciona, módulo no detectado","Diagnóstico general: Bluetooth no funciona, módulo no detectado. Se requiere revisión técnica especializada.",Alta,Reinstalar drivers. Verificar antenas internas. Reemplazar módulo M.2 si aplica.,Requiere reemplazo de componente,72.67,10.7
1927,Computadora,Gigabyte,AORUS Model S,Workstation,Pantalla,"Resolución atascada en modo seguro, driver de pantalla corrupto","Display con defecto. Resolución atascada en modo seguro, driver de pantalla corrupto. Reemplazo de panel recomendado si costo es viable.",Crítica,Reemplazo completo de panel LCD/LED. Verificar disponibilidad de repuesto.,Fuera de servicio,120.99,25.7
1928,Laptop,Lenovo,Legion 5,Workstation,RAM,Memoria RAM causa artefactos visuales en pantalla,Fallo de memoria detectado. Memoria RAM causa artefactos visuales en pantalla. Se recomienda reemplazar módulo defectuoso.,Alta,Reemplazar módulo RAM dañado. Probar con módulo nuevo en slot afectado.,En diagnóstico,73.65,2.5
1929,Computadora,Acer,Chromebox CXI5,All-in-One,Teclado,"Teclado repite caracteres, debounce defectuoso","Diagnóstico: Teclado defectuoso. Teclado repite caracteres, debounce defectuoso. Reemplazo del conjunto recomendado.",Baja,Limpiar tecla específica o reemplazar keycap. Verificar configuración de idioma.,Garantía vigente,92.94,1.9
1930,Computadora,Apple,iMac 24 M3,Workstation,Disco Duro/SSD,"Ruidos de raspado en disco duro, cabezal dañado","Diagnóstico general: Ruidos de raspado en disco duro, cabezal dañado. Se requiere revisión técnica especializada.",Crítica,Clonar disco inmediatamente si es posible. Reemplazo urgente de unidad. Recuperación de datos profesional.,En diagnóstico,244.88,12.9
1931,Tablet,Apple,iPad Pro 12.9 M2,Profesional,BIOS,"BIOS no reconoce puertos USB, controlador dañado","Diagnóstico: Corrupción de BIOS. BIOS no reconoce puertos USB, controlador dañado. Procedimiento: Reflashing con método de recuperación del fabricante.",Baja,Actualizar BIOS a la última versión disponible. Reemplazar batería CMOS si es necesario.,Reparable,112.64,3.5
1932,Tablet,Amazon,Fire 7,Gaming,Audio,"Zumbido constante en altavoces, filtrado de ruido eléctrico","Diagnóstico general: Zumbido constante en altavoces, filtrado de ruido eléctrico. Se requiere revisión técnica especializada.",Media,Limpiar jack de audio. Verificar configuración de dispositivos de sonido.,Garantía vigente,27.39,2.3
1933,Tablet,Apple,iPad Air M2,Educacional,GPU,GPU no detectada en Administrador de dispositivos,Fallo en procesador gráfico. GPU no detectada en Administrador de dispositivos. Verificar temperatura y reflow si es BGA.,Baja,Actualizar drivers de GPU. Ajustar configuración de rendimiento.,En diagnóstico,180.05,2.9
1934,Computadora,ASUS,ROG Strix G10,Torre,Pantalla,"Bisagra rota daña cable de pantalla, imagen se corta","Display con defecto. Bisagra rota daña cable de pantalla, imagen se corta. Reemplazo de panel recomendado si costo es viable.",Crítica,Reemplazo completo de panel LCD/LED. Verificar disponibilidad de repuesto.,En diagnóstico,111.57,23.4
1935,Laptop,MSI,GF63 Thin,Ultrabook,Pantalla,"Pantalla externa no detectada, puerto HDMI dañado","Problema de display detectado. Pantalla externa no detectada, puerto HDMI dañado. Evaluar reemplazo de panel o componentes asociados.",Alta,Reemplazar panel o componente de backlight. Cotizar reparación vs equipo nuevo.,Requiere reemplazo de componente,135.59,22.2
1936,Laptop,Apple,MacBook Pro 13 M2,Económica,Pantalla,"Flickering solo con batería, regulador de voltaje defectuoso","Problema de energía de batería. Flickering solo con batería, regulador de voltaje defectuoso. Evaluar seguridad de uso continuo.",Alta,Reemplazar panel o componente de backlight. Cotizar reparación vs equipo nuevo.,Requiere reemplazo de componente,233.59,18.9
1937,Laptop,Lenovo,Yoga 7i,Empresarial,Ventilación,"Pasta térmica seca, temperatura CPU sobre 95°C","Diagnóstico general: Pasta térmica seca, temperatura CPU sobre 95°C. Se requiere revisión técnica especializada.",Media,Limpieza de polvo con aire comprimido. Verificar RPM del ventilador.,Reparable,57.58,1.3
1938,Computadora,MSI,All-in-One PC AG271,Torre,RAM,"RAM no detectada, sistema muestra menos memoria de la instalada","Error de memoria RAM. RAM no detectada, sistema muestra menos memoria de la instalada. Verificar compatibilidad y velocidad de módulos.",Baja,Ejecutar diagnóstico de memoria extendido. Monitorear en próximos días.,En diagnóstico,55.89,1.7
1939,Laptop,Acer,ConceptD 3,Ultrabook,Motherboard,"Fan header dañado, ventilador no gira","Diagnóstico general: Fan header dañado, ventilador no gira. Se requiere revisión técnica especializada.",Baja,Limpieza profunda y rethermal. Verificar conexiones y reseat de componentes.,Reparable,412.14,1.2
1940,Computadora,HP,Z4 G5 Workstation,Micro,Teclado,"Teclado escribe caracteres incorrectos, layout mal configurado","Teclado dañado. Teclado escribe caracteres incorrectos, layout mal configurado. Si es por líquido, evaluar limpieza ultrasonido o reemplazo.",Media,Limpiar contacto de teclas afectadas. Verificar flex de conexión.,En diagnóstico,105.97,3.0
1941,Laptop,MSI,Prestige 14,Económica,Batería,"Advertencia de batería genuina, chip de autenticación dañado","Batería degradada. Advertencia de batería genuina, chip de autenticación dañado. Verificar con diagnóstico de fabricante.",Media,Calibrar batería siguiendo procedimiento del fabricante. Verificar ciclo de carga.,Reparable,124.16,4.2
1942,Tablet,Lenovo,Tab M11,Gaming,GPU,"Pantalla azul VIDEO_TDR_FAILURE, GPU dedicada fallida","Display con defecto. Pantalla azul VIDEO_TDR_FAILURE, GPU dedicada fallida. Reemplazo de panel recomendado si costo es viable.",Media,Reinstalar drivers con DDU. Verificar temperatura y ventilación de GPU.,Reparable,150.24,3.5
1943,Computadora,Huawei,MateStation B515,SFF,Batería,"Advertencia de batería genuina, chip de autenticación dañado","Batería en estado crítico. Advertencia de batería genuina, chip de autenticación dañado. Retirar si está inflada por riesgo de seguridad.",Alta,Reemplazar batería con original de fabricante. No usar baterías genéricas.,En diagnóstico,101.22,20.0
1944,Computadora,Apple,Mac Pro 2023,Micro,Batería,Batería no detectada por el sistema operativo,Problema de energía de batería. Batería no detectada por el sistema operativo. Evaluar seguridad de uso continuo.,Baja,Reemplazar batería cuando sea conveniente. Funciona con limitaciones.,Reparable,134.3,3.3
1945,Tablet,Apple,iPad Pro 11 M2,Educacional,BIOS,"Bucle de reinicio por error en BIOS, reinicio continuo","Fallo en firmware BIOS. Bucle de reinicio por error en BIOS, reinicio continuo. Se recomienda reemplazo de chip BIOS.",Baja,Actualizar BIOS a la última versión disponible. Reemplazar batería CMOS si es necesario.,Garantía vigente,57.99,1.7
1946,Laptop,Acer,Predator Helios 16,Chromebook,Ventilación,"Heat pipe dañado, calor no se disipa correctamente","Diagnóstico general: Heat pipe dañado, calor no se disipa correctamente. Se requiere revisión técnica especializada.",Media,Limpieza de polvo con aire comprimido. Verificar RPM del ventilador.,En diagnóstico,64.66,4.8
1947,Laptop,Lenovo,IdeaPad 5 Pro,Económica,Sistema Operativo,"Actualización de Windows fallida, bucle de reinicio","Diagnóstico general: Actualización de Windows fallida, bucle de reinicio. Se requiere revisión técnica especializada.",Crítica,Reinstalación limpia del sistema operativo. Backup completo de datos primero.,Fuera de servicio,73.47,10.4
1948,Computadora,Dell,OptiPlex 5090,SFF,RAM,Memoria RAM causa artefactos visuales en pantalla,Diagnóstico: Memoria RAM con errores. Memoria RAM causa artefactos visuales en pantalla. Ejecutar MemTest86 para confirmar sector dañado.,Media,Limpiar contactos con alcohol isopropílico. Reubicar módulos en slots diferentes.,Reparable,46.63,3.7
1949,Tablet,Apple,iPad Pro 11 M2,Profesional,RAM,RAM causa corrupción de archivos en disco,Error de memoria RAM. RAM causa corrupción de archivos en disco. Verificar compatibilidad y velocidad de módulos.,Alta,Reemplazar módulo RAM dañado. Probar con módulo nuevo en slot afectado.,En diagnóstico,38.54,9.2
1950,Laptop,HP,Pavilion Gaming 15,Ultrabook,Motherboard,Motherboard no entra en suspensión correctamente,Componente de motherboard dañado. Motherboard no entra en suspensión correctamente. Se requiere microsoldadura especializada.,Alta,Reparación especializada de microsoldadura. Reemplazar componentes SMD dañados.,En diagnóstico,257.87,5.7
1951,Computadora,Custom/Genérica,PC Economica Ryzen 5,SFF,Puertos,"Puerto USB no reconoce dispositivos, controlador dañado","Diagnóstico general: Puerto USB no reconoce dispositivos, controlador dañado. Se requiere revisión técnica especializada.",Baja,Usar puerto alternativo. Monitorear funcionamiento del puerto afectado.,Reparable,98.92,4.0
1952,Computadora,Acer,Chromebox CXI5,Gaming,Motherboard,BIOS chip dañado físicamente en la motherboard,Diagnóstico: Corrupción de BIOS. BIOS chip dañado físicamente en la motherboard. Procedimiento: Reflashing con método de recuperación del fabricante.,Media,Reparar pista o componente específico. Verificar todos los circuitos de alimentación.,Reparable,134.4,6.1
1953,Computadora,MSI,Cubi 5,Workstation,Conectividad,"Bluetooth no empareja dispositivos, stack dañado","Diagnóstico general: Bluetooth no empareja dispositivos, stack dañado. Se requiere revisión técnica especializada.",Crítica,"Reemplazo de módulo WiFi/Bluetooth. Si es integrado, usar adaptador USB.",Requiere reemplazo de componente,50.46,4.1
1954,Computadora,MSI,Modern AM241,Torre,Ventilación,"CPU se sobrecalienta, ventilador no gira","Diagnóstico general: CPU se sobrecalienta, ventilador no gira. Se requiere revisión técnica especializada.",Media,Limpieza de polvo con aire comprimido. Verificar RPM del ventilador.,Garantía vigente,46.44,3.7
1955,Tablet,Apple,iPad 9th Gen,Gaming,Teclado,"Teclas no responden, controlador de teclado dañado","Problema de teclado. Teclas no responden, controlador de teclado dañado. Probar con teclado externo para confirmar diagnóstico.",Alta,Reemplazar teclado completo. Verificar si hay daño adicional por líquido.,En diagnóstico,54.92,8.3
1956,Computadora,Huawei,MateStation S,Micro,Teclado,"Tecla Enter no funciona, membrana dañada","Diagnóstico general: Tecla Enter no funciona, membrana dañada. Se requiere revisión técnica especializada.",Baja,Limpiar tecla específica o reemplazar keycap. Verificar configuración de idioma.,En diagnóstico,50.03,2.6
1957,Tablet,ASUS,ZenPad Z8s,Profesional,Batería,"Batería con celda dañada, voltaje desequilibrado","Batería en estado crítico. Batería con celda dañada, voltaje desequilibrado. Retirar si está inflada por riesgo de seguridad.",Baja,Reemplazar batería cuando sea conveniente. Funciona con limitaciones.,Garantía vigente,45.82,1.7
1958,Laptop,ASUS,ProArt StudioBook,Empresarial,RAM,"Beep code 2 pitidos, error de parity check en RAM","Problema de memoria. Beep code 2 pitidos, error de parity check en RAM. Revisar slots y limpieza de contactos con alcohol isopropílico.",Media,Limpiar contactos con alcohol isopropílico. Reubicar módulos en slots diferentes.,Garantía vigente,74.97,1.7
1959,Tablet,Xiaomi,Pad 6,Económica,BIOS,Error de checksum en BIOS al arrancar,Fallo en firmware BIOS. Error de checksum en BIOS al arrancar. Se recomienda reemplazo de chip BIOS.,Media,Reset de CMOS y reconfiguración de BIOS. Actualizar a última versión estable.,En diagnóstico,95.9,6.4
1960,Tablet,Lenovo,Tab M8,Profesional,Sistema Operativo,"Error de registro, sistema no carga perfil de usuario","Diagnóstico general: Error de registro, sistema no carga perfil de usuario. Se requiere revisión técnica especializada.",Media,Restaurar sistema a punto anterior. Eliminar software problemático.,Garantía vigente,39.06,6.2
1961,Tablet,ASUS,Chromebook Detachable CZ1,Gaming,Puertos,"Puerto SD card no lee tarjetas, slot dañado","Diagnóstico general: Puerto SD card no lee tarjetas, slot dañado. Se requiere revisión técnica especializada.",Media,Limpiar puerto con aire comprimido. Verificar drivers del controlador USB.,Reparable,172.98,7.3
1962,Tablet,ASUS,Chromebook Detachable CZ1,Económica,GPU,"Fan de GPU no gira, temperatura excesiva","Diagnóstico: Tarjeta gráfica defectuosa. Fan de GPU no gira, temperatura excesiva. Testear con FurMark para reproducir fallo.",Baja,Actualizar drivers de GPU. Ajustar configuración de rendimiento.,Reparable,596.28,2.5
1963,Tablet,Huawei,MatePad 11.5 S,Económica,Motherboard,"Pista de señal de reloj dañada, inestabilidad del sistema","Diagnóstico general: Pista de señal de reloj dañada, inestabilidad del sistema. Se requiere revisión técnica especializada.",Baja,Limpieza profunda y rethermal. Verificar conexiones y reseat de componentes.,Garantía vigente,238.51,2.2
1964,Computadora,Dell,Alienware Aurora R16,Gaming,Conectividad,"Conexión WiFi se cae constantemente, driver inestable","Diagnóstico general: Conexión WiFi se cae constantemente, driver inestable. Se requiere revisión técnica especializada.",Media,Actualizar drivers y firmware. Verificar configuración de red.,Garantía vigente,41.71,1.2
1965,Tablet,Apple,iPad Air M1,eReader,Teclado,"Teclado repite caracteres, debounce defectuoso","Teclado dañado. Teclado repite caracteres, debounce defectuoso. Si es por líquido, evaluar limpieza ultrasonido o reemplazo.",Crítica,"Reemplazo completo del teclado. Si es por líquido, evaluar daño a motherboard.",Fuera de servicio,74.41,7.7
1966,Laptop,ASUS,ExpertBook B5,Ultrabook,Motherboard,"VRM de motherboard sobrecalentado, throttling severo","Problema en circuito de motherboard. VRM de motherboard sobrecalentado, throttling severo. Medir voltajes en puntos de test para localizar falla.",Media,Reparar pista o componente específico. Verificar todos los circuitos de alimentación.,Garantía vigente,127.21,5.2
1967,Laptop,ASUS,VivoBook 15,Empresarial,Batería,"Batería se descarga muy rápido, capacidad reducida","Diagnóstico: Batería defectuosa. Batería se descarga muy rápido, capacidad reducida. Reemplazar con batería original certificada.",Crítica,Retirar batería inmediatamente por seguridad (inflamación). Usar solo con cargador.,Fuera de servicio,112.76,20.3
1968,Tablet,Amazon,Fire HD 8,Gaming,Conectividad,"WiFi no detecta redes, adaptador inalámbrico dañado","Diagnóstico general: WiFi no detecta redes, adaptador inalámbrico dañado. Se requiere revisión técnica especializada.",Alta,Reinstalar drivers. Verificar antenas internas. Reemplazar módulo M.2 si aplica.,Reparable,20.34,23.1
1969,Tablet,ASUS,Chromebook Detachable CZ1,2 en 1,Ventilación,"Ventilador vibra anormalmente, aspas desbalanceadas","Diagnóstico general: Ventilador vibra anormalmente, aspas desbalanceadas. Se requiere revisión técnica especializada.",Baja,Limpieza preventiva y monitoreo de temperaturas. Ajustar curva de ventilador.,Reparable,76.06,1.9
1970,Computadora,Acer,Aspire XC,Torre,Motherboard,"Fan header dañado, ventilador no gira","Diagnóstico general: Fan header dañado, ventilador no gira. Se requiere revisión técnica especializada.",Media,Reparar pista o componente específico. Verificar todos los circuitos de alimentación.,Garantía vigente,161.49,3.2
1971,Tablet,Huawei,MatePad Paper,Gaming,Disco Duro/SSD,SMART warning: Reallocated Sector Count excedido,Diagnóstico general: SMART warning: Reallocated Sector Count excedido. Se requiere revisión técnica especializada.,Alta,Respaldar datos y reemplazar disco. Ejecutar recuperación con herramientas especializadas.,Reparable,221.31,18.7
1972,Computadora,HP,ProDesk 600 G6,Torre,Disco Duro/SSD,"Disco con latencia alta, sectores lentos detectados","Diagnóstico general: Disco con latencia alta, sectores lentos detectados. Se requiere revisión técnica especializada.",Crítica,Clonar disco inmediatamente si es posible. Reemplazo urgente de unidad. Recuperación de datos profesional.,Requiere reemplazo de componente,121.52,46.4
1973,Computadora,ASUS,ProArt Station PD5,Gaming,Motherboard,"Placa no detecta disco SATA, controlador dañado","Diagnóstico general: Placa no detecta disco SATA, controlador dañado. Se requiere revisión técnica especializada.",Media,Reparar pista o componente específico. Verificar todos los circuitos de alimentación.,Reparable,169.41,5.9
1974,Laptop,MSI,Summit E16,Workstation,Ventilación,"Pasta térmica seca, temperatura CPU sobre 95°C","Diagnóstico general: Pasta térmica seca, temperatura CPU sobre 95°C. Se requiere revisión técnica especializada.",Crítica,Reemplazar disipador y ventilador. Reaplicar pasta térmica de calidad. Limpieza completa.,En diagnóstico,19.21,30.7
1975,Laptop,HP,Omen 16,Económica,Batería,"Batería no carga al 100%, se detiene en 80%","Batería degradada. Batería no carga al 100%, se detiene en 80%. Verificar con diagnóstico de fabricante.",Alta,Reemplazar batería con original de fabricante. No usar baterías genéricas.,Requiere reemplazo de componente,54.8,22.8
1976,Tablet,Lenovo,Tab P12 Pro,Económica,Pantalla,"Pantalla con color amarillento, perfil de color corrupto","Display con defecto. Pantalla con color amarillento, perfil de color corrupto. Reemplazo de panel recomendado si costo es viable.",Alta,Reemplazar panel o componente de backlight. Cotizar reparación vs equipo nuevo.,Reparable,369.24,9.2
1977,Laptop,Apple,MacBook Air M2,Empresarial,Batería,"Batería no carga, indica 0% permanentemente","Problema de energía de batería. Batería no carga, indica 0% permanentemente. Evaluar seguridad de uso continuo.",Alta,Reemplazar batería con original de fabricante. No usar baterías genéricas.,Requiere reemplazo de componente,82.98,14.4
1978,Laptop,Huawei,MateBook 14s,Chromebook,Motherboard,"Southbridge dañado, puertos SATA no responden","Puerto no funcional. Southbridge dañado, puertos SATA no responden. Si es USB-C, verificar controlador PD y retractor.",Alta,Reparación especializada de microsoldadura. Reemplazar componentes SMD dañados.,En diagnóstico,371.89,9.8
1979,Computadora,Acer,Aspire TC,Mini PC,Batería,Batería se calienta excesivamente durante la carga,Fallo en sistema de alimentación por batería. Batería se calienta excesivamente durante la carga. Reemplazo de batería necesario.,Media,Calibrar batería siguiendo procedimiento del fabricante. Verificar ciclo de carga.,En diagnóstico,60.72,7.9
1980,Tablet,Microsoft,Surface Go 3,Profesional,Batería,"Batería inflada, deformación visible del chasis","Batería degradada. Batería inflada, deformación visible del chasis. Verificar con diagnóstico de fabricante.",Media,Calibrar batería siguiendo procedimiento del fabricante. Verificar ciclo de carga.,Garantía vigente,94.42,1.6
1981,Computadora,Gigabyte,B550 Vision D,All-in-One,Puertos,"Puerto Thunderbolt no funciona, controlador dañado","Diagnóstico general: Puerto Thunderbolt no funciona, controlador dañado. Se requiere revisión técnica especializada.",Media,Limpiar puerto con aire comprimido. Verificar drivers del controlador USB.,Reparable,99.18,5.2
1982,Laptop,MSI,Prestige 14,2 en 1,GPU,"Error CODE 43 en GPU, Windows deshabilitó el dispositivo","Problema de vídeo por GPU. Error CODE 43 en GPU, Windows deshabilitó el dispositivo. Verificar alimentación PCIe y conectores de poder.",Media,Reinstalar drivers con DDU. Verificar temperatura y ventilación de GPU.,Garantía vigente,385.63,7.6
1983,Computadora,Lenovo,IdeaCentre Gaming 5,Torre,Disco Duro/SSD,"Error CRC en disco, datos corruptos al copiar archivos","Diagnóstico general: Error CRC en disco, datos corruptos al copiar archivos. Se requiere revisión técnica especializada.",Crítica,Clonar disco inmediatamente si es posible. Reemplazo urgente de unidad. Recuperación de datos profesional.,Fuera de servicio,164.76,34.5
1984,Computadora,Lenovo,Legion Tower 5i,Gaming,Puertos,"Puerto Thunderbolt no funciona, controlador dañado","Diagnóstico general: Puerto Thunderbolt no funciona, controlador dañado. Se requiere revisión técnica especializada.",Media,Limpiar puerto con aire comprimido. Verificar drivers del controlador USB.,Reparable,144.3,7.0
1985,Laptop,MSI,Modern 14,Premium,Motherboard,"Puertos USB traseros no funcionan, controlador I/O dañado","Puerto no funcional. Puertos USB traseros no funcionan, controlador I/O dañado. Si es USB-C, verificar controlador PD y retractor.",Baja,Limpieza profunda y rethermal. Verificar conexiones y reseat de componentes.,Garantía vigente,482.15,2.9
1986,Computadora,ASUS,Chromebox 4,Servidor,Motherboard,Conector de pantalla dañado en motherboard de laptop,Diagnóstico: Motherboard defectuosa. Conector de pantalla dañado en motherboard de laptop. Verificar todas las pistas y componentes SMD.,Baja,Limpieza profunda y rethermal. Verificar conexiones y reseat de componentes.,Garantía vigente,417.8,2.3
1987,Computadora,ASUS,ROG Strix G10,Torre,BIOS,"BIOS emite 3 pitidos largos, error de memoria base","Fallo en firmware BIOS. BIOS emite 3 pitidos largos, error de memoria base. Se recomienda reemplazo de chip BIOS.",Baja,Actualizar BIOS a la última versión disponible. Reemplazar batería CMOS si es necesario.,Reparable,148.72,1.8
1988,Laptop,HP,EliteBook 840,Económica,Conectividad,"WiFi muestra redes pero no conecta, error de autenticación","Diagnóstico general: WiFi muestra redes pero no conecta, error de autenticación. Se requiere revisión técnica especializada.",Crítica,"Reemplazo de módulo WiFi/Bluetooth. Si es integrado, usar adaptador USB.",En diagnóstico,87.34,42.5
1989,Laptop,Huawei,MateBook D15,Workstation,Fuente de Poder,"PC no arranca, protección de sobrecorriente activada","Diagnóstico general: PC no arranca, protección de sobrecorriente activada. Se requiere revisión técnica especializada.",Baja,Monitorear voltajes. Considerar reemplazo preventivo.,En diagnóstico,67.49,3.9
1990,Tablet,Xiaomi,Pad 6 Pro,Profesional,Motherboard,"Filtro de EMI dañado, interferencia en audio/video","Audio no funcional. Filtro de EMI dañado, interferencia en audio/video. Reinstalar drivers Realtek/AMD y verificar servicios de audio.",Media,Reparar pista o componente específico. Verificar todos los circuitos de alimentación.,Garantía vigente,211.29,1.5
1991,Laptop,HP,Spectre x360,Gaming,Batería,"Ciclos de carga excedidos, salud de batería crítica","Batería en estado crítico. Ciclos de carga excedidos, salud de batería crítica. Retirar si está inflada por riesgo de seguridad.",Alta,Reemplazar batería con original de fabricante. No usar baterías genéricas.,Requiere reemplazo de componente,74.57,19.4
1992,Tablet,Apple,iPad Air M2,Estándar,GPU,"GPU con throttling térmico severo, rendimiento reducido","GPU fallida. GPU con throttling térmico severo, rendimiento reducido. Si es integrada, motherboard necesita reemplazo.",Crítica,"Reemplazo de GPU dedicada. Si es integrada, reemplazo de motherboard.",Fuera de servicio,89.88,30.9
1993,Laptop,Acer,ConceptD 3,Ultrabook,Fuente de Poder,"Fuente hace ruido eléctrico, capacitor dañado","Diagnóstico general: Fuente hace ruido eléctrico, capacitor dañado. Se requiere revisión técnica especializada.",Media,Verificar conexiones y cables. Probar con fuente de respaldo.,Garantía vigente,109.51,4.7
1994,Laptop,Dell,Vostro 3520,Chromebook,GPU,"Pantalla azul VIDEO_TDR_FAILURE, GPU dedicada fallida","Fallo en sistema de visualización. Pantalla azul VIDEO_TDR_FAILURE, GPU dedicada fallida. Verificar cable flex y controlador de backlight.",Media,Reinstalar drivers con DDU. Verificar temperatura y ventilación de GPU.,Reparable,81.4,6.4
1995,Laptop,MSI,Katana 15,2 en 1,Disco Duro/SSD,"Disco duro hace clic repetitivo, fallo mecánico inminente","Diagnóstico general: Disco duro hace clic repetitivo, fallo mecánico inminente. Se requiere revisión técnica especializada.",Alta,Respaldar datos y reemplazar disco. Ejecutar recuperación con herramientas especializadas.,Requiere reemplazo de componente,137.34,14.7
1996,Laptop,Huawei,MateBook E Go,Empresarial,RAM,"RAM no detectada, sistema muestra menos memoria de la instalada","Inestabilidad por RAM defectuosa. RAM no detectada, sistema muestra menos memoria de la instalada. Probar módulos individualmente para aislar el dañado.",Media,Limpiar contactos con alcohol isopropílico. Reubicar módulos en slots diferentes.,Garantía vigente,30.07,3.9
1997,Computadora,Gigabyte,Aero D1 Desktop,Servidor,GPU,GPU integrada causa parpadeo en pantalla,Fallo en sistema de visualización. GPU integrada causa parpadeo en pantalla. Verificar cable flex y controlador de backlight.,Baja,Actualizar drivers de GPU. Ajustar configuración de rendimiento.,Reparable,509.4,2.1
1998,Computadora,HP,EliteDesk 800 G8,Workstation,Teclado,"Teclado retroiluminado no enciende, LED defectuoso","Teclado con malfunction. Teclado retroiluminado no enciende, LED defectuoso. Verificar flex de conexión y controlador.",Baja,Limpiar tecla específica o reemplazar keycap. Verificar configuración de idioma.,Garantía vigente,93.01,1.7
1999,Laptop,Huawei,MateBook E Go,2 en 1,Disco Duro/SSD,"Disco con latencia alta, sectores lentos detectados","Diagnóstico general: Disco con latencia alta, sectores lentos detectados. Se requiere revisión técnica especializada.",Crítica,Clonar disco inmediatamente si es posible. Reemplazo urgente de unidad. Recuperación de datos profesional.,En diagnóstico,133.91,7.3
2000,Laptop,Dell,Precision 5680,Premium,RAM,Memoria insufficient al abrir aplicaciones pesadas,Diagnóstico general: Memoria insufficient al abrir aplicaciones pesadas. Se requiere revisión técnica especializada.,Media,Limpiar contactos con alcohol isopropílico. Reubicar módulos en slots diferentes.,En diagnóstico,96.88,4.3
2001,Laptop,Dell,XPS 15,2 en 1,Puertos,"Puerto de carga suelto, conexión intermitente","Diagnóstico general: Puerto de carga suelto, conexión intermitente. Se requiere revisión técnica especializada.",Crítica,Reemplazo de placa de puertos o motherboard. Daño irreparable en múltiples puertos.,Requiere reemplazo de componente,75.49,9.2
2002,Tablet,Huawei,MatePad T10,Gaming,GPU,GPU no detectada en Administrador de dispositivos,Problema de vídeo por GPU. GPU no detectada en Administrador de dispositivos. Verificar alimentación PCIe y conectores de poder.,Media,Reinstalar drivers con DDU. Verificar temperatura y ventilación de GPU.,Reparable,94.54,2.9
2003,Laptop,Acer,Aspire 5,2 en 1,Disco Duro/SSD,Disco muestra advertencia de fallo inminente,Diagnóstico general: Disco muestra advertencia de fallo inminente. Se requiere revisión técnica especializada.,Baja,Ejecutar optimización de disco. Liberar espacio en SSD para mejorar rendimiento.,Reparable,225.19,0.9
2004,Laptop,Dell,XPS 15,Workstation,RAM,"Beep code 2 pitidos, error de parity check en RAM","Problema de memoria. Beep code 2 pitidos, error de parity check en RAM. Revisar slots y limpieza de contactos con alcohol isopropílico.",Media,Limpiar contactos con alcohol isopropílico. Reubicar módulos en slots diferentes.,En diagnóstico,90.72,7.4
2005,Computadora,Huawei,MateStation B515,Mini PC,Pantalla,"Screen tearing constante, VSync no funciona","Diagnóstico general: Screen tearing constante, VSync no funciona. Se requiere revisión técnica especializada.",Alta,Reemplazar panel o componente de backlight. Cotizar reparación vs equipo nuevo.,Requiere reemplazo de componente,270.01,23.2
2006,Computadora,Custom/Genérica,PC Economica Ryzen 5,Mini PC,Disco Duro/SSD,"Ruidos de raspado en disco duro, cabezal dañado","Diagnóstico general: Ruidos de raspado en disco duro, cabezal dañado. Se requiere revisión técnica especializada.",Media,Ejecutar CHKDSK y reparación de sectores. Monitorear SMART diariamente.,En diagnóstico,76.51,7.1
2007,Tablet,Amazon,Fire Max 11,Económica,Pantalla,"Pantalla externa no detectada, puerto HDMI dañado","Fallo en sistema de visualización. Pantalla externa no detectada, puerto HDMI dañado. Verificar cable flex y controlador de backlight.",Alta,Reemplazar panel o componente de backlight. Cotizar reparación vs equipo nuevo.,Requiere reemplazo de componente,387.07,22.3
2008,Tablet,Amazon,Fire 7,Profesional,Disco Duro/SSD,Disco muestra advertencia de fallo inminente,Diagnóstico general: Disco muestra advertencia de fallo inminente. Se requiere revisión técnica especializada.,Alta,Respaldar datos y reemplazar disco. Ejecutar recuperación con herramientas especializadas.,En diagnóstico,125.73,23.2
2009,Laptop,HP,EliteBook 840,Premium,Sistema Operativo,"Arranque lento, más de 5 minutos para iniciar sesión","Diagnóstico general: Arranque lento, más de 5 minutos para iniciar sesión. Se requiere revisión técnica especializada.",Crítica,Reinstalación limpia del sistema operativo. Backup completo de datos primero.,Fuera de servicio,22.42,40.8
2010,Tablet,Apple,iPad Pro 12.9 M2,2 en 1,Sistema Operativo,Blue screen SYSTEM_SERVICE_EXCEPTION en Windows 11,Diagnóstico general: Blue screen SYSTEM_SERVICE_EXCEPTION en Windows 11. Se requiere revisión técnica especializada.,Alta,Reparación de arranque con herramientas de recuperación. SFC y DISM.,Reparable,11.62,18.2
2011,Computadora,ASUS,VivoBook 22 Desktop,Torre,Pantalla,"Pantalla con dead zones, zonas que no responden al tacto","Display con defecto. Pantalla con dead zones, zonas que no responden al tacto. Reemplazo de panel recomendado si costo es viable.",Media,Reemplazar cable flex o inverter. Verificar conexión al motherboard.,En diagnóstico,116.51,1.0
2012,Computadora,MSI,Aegis RS 13th,Torre,BIOS,Error de checksum en BIOS al arrancar,Diagnóstico: Corrupción de BIOS. Error de checksum en BIOS al arrancar. Procedimiento: Reflashing con método de recuperación del fabricante.,Alta,Flashear BIOS desde USB con método de recuperación del fabricante. Verificar versión actual.,Requiere reemplazo de componente,71.77,6.9
2013,Laptop,Huawei,MateBook 14s,Empresarial,Pantalla,"Pantalla externa no detectada, puerto HDMI dañado","Fallo en sistema de visualización. Pantalla externa no detectada, puerto HDMI dañado. Verificar cable flex y controlador de backlight.",Crítica,Reemplazo completo de panel LCD/LED. Verificar disponibilidad de repuesto.,Requiere reemplazo de componente,212.44,11.5
2014,Computadora,ASUS,Chromebox 4,Servidor,Conectividad,"Bluetooth no empareja dispositivos, stack dañado","Diagnóstico general: Bluetooth no empareja dispositivos, stack dañado. Se requiere revisión técnica especializada.",Alta,Reinstalar drivers. Verificar antenas internas. Reemplazar módulo M.2 si aplica.,En diagnóstico,43.1,14.2
2015,Laptop,ASUS,ROG Zephyrus G14,Workstation,Motherboard,"Power button connector suelto, motherboard no arranca","Diagnóstico: Motherboard defectuosa. Power button connector suelto, motherboard no arranca. Verificar todas las pistas y componentes SMD.",Alta,Reparación especializada de microsoldadura. Reemplazar componentes SMD dañados.,En diagnóstico,290.66,23.6
2016,Computadora,Custom/Genérica,PC Oficina i5-12400,Torre,Disco Duro/SSD,"SSD con vida útil agotada, escrituras fallidas","Diagnóstico general: SSD con vida útil agotada, escrituras fallidas. Se requiere revisión técnica especializada.",Crítica,Clonar disco inmediatamente si es posible. Reemplazo urgente de unidad. Recuperación de datos profesional.,Requiere reemplazo de componente,243.69,23.8
2017,Computadora,Lenovo,IdeaCentre AIO 3,Servidor,Motherboard,Motherboard no entra en suspensión correctamente,Fallo en placa madre. Motherboard no entra en suspensión correctamente. Evaluar viabilidad de reparación vs reemplazo.,Media,Reparar pista o componente específico. Verificar todos los circuitos de alimentación.,Garantía vigente,464.77,2.4
2018,Laptop,HP,ZBook Firefly,Empresarial,Ventilación,"Ventilador siempre al 100%, sensor de temperatura defectuoso","Diagnóstico general: Ventilador siempre al 100%, sensor de temperatura defectuoso. Se requiere revisión técnica especializada.",Crítica,Reemplazar disipador y ventilador. Reaplicar pasta térmica de calidad. Limpieza completa.,En diagnóstico,69.76,27.9
2019,Computadora,Apple,Mac Pro 2023,Torre,Motherboard,"Placa madre no enciende, sin luz de power","Diagnóstico general: Placa madre no enciende, sin luz de power. Se requiere revisión técnica especializada.",Alta,Reparación especializada de microsoldadura. Reemplazar componentes SMD dañados.,Requiere reemplazo de componente,248.74,4.5
2020,Laptop,Apple,MacBook Pro 16 M3 Pro,Empresarial,Conectividad,"Conexión Ethernet limitada a 10Mbps, negociación fallida","Diagnóstico general: Conexión Ethernet limitada a 10Mbps, negociación fallida. Se requiere revisión técnica especializada.",Alta,Reinstalar drivers. Verificar antenas internas. Reemplazar módulo M.2 si aplica.,En diagnóstico,64.07,18.1
2021,Computadora,Dell,Alienware Aurora R16,SFF,Motherboard,"Southbridge dañado, puertos SATA no responden","Diagnóstico: Puerto defectuoso. Southbridge dañado, puertos SATA no responden. Inspeccionar pines y soldaduras con lupa.",Baja,Limpieza profunda y rethermal. Verificar conexiones y reseat de componentes.,Garantía vigente,314.94,3.7
2022,Computadora,Huawei,MateStation B515,Micro,Disco Duro/SSD,Disco con Bad Blocks en zona crítica del sistema,Diagnóstico general: Disco con Bad Blocks en zona crítica del sistema. Se requiere revisión técnica especializada.,Media,Ejecutar CHKDSK y reparación de sectores. Monitorear SMART diariamente.,Reparable,225.49,2.1
2023,Tablet,Lenovo,Tab P12 Pro,Económica,Batería,Porcentaje de batería salta de 30% a 5% sin aviso,Fallo en sistema de alimentación por batería. Porcentaje de batería salta de 30% a 5% sin aviso. Reemplazo de batería necesario.,Media,Calibrar batería siguiendo procedimiento del fabricante. Verificar ciclo de carga.,Garantía vigente,79.11,6.8
2024,Laptop,Toshiba,Portege Z30,Económica,RAM,Sistema no arranca con los dos módulos RAM instalados,Diagnóstico: Memoria RAM con errores. Sistema no arranca con los dos módulos RAM instalados. Ejecutar MemTest86 para confirmar sector dañado.,Alta,Reemplazar módulo RAM dañado. Probar con módulo nuevo en slot afectado.,En diagnóstico,106.76,6.5
2025,Laptop,Huawei,MateBook E Go,Ultrabook,Disco Duro/SSD,"Disco se desconecta aleatoriamente, cable SATA defectuoso","Diagnóstico general: Disco se desconecta aleatoriamente, cable SATA defectuoso. Se requiere revisión técnica especializada.",Crítica,Clonar disco inmediatamente si es posible. Reemplazo urgente de unidad. Recuperación de datos profesional.,Fuera de servicio,129.95,46.3
2026,Computadora,ASUS,ROG Strix G10,Torre,Batería,Error de comunicación entre batería y ACPI,Problema de energía de batería. Error de comunicación entre batería y ACPI. Evaluar seguridad de uso continuo.,Crítica,Retirar batería inmediatamente por seguridad (inflamación). Usar solo con cargador.,En diagnóstico,33.15,47.7
2027,Laptop,HP,Stream 14,Chromebook,Motherboard,"Fan header dañado, ventilador no gira","Diagnóstico general: Fan header dañado, ventilador no gira. Se requiere revisión técnica especializada.",Alta,Reparación especializada de microsoldadura. Reemplazar componentes SMD dañados.,Requiere reemplazo de componente,119.55,5.8
2028,Tablet,Apple,iPad 10th Gen,Gaming,RAM,RAM DDR4 no arranca a la velocidad XMP especificada,Problema de memoria. RAM DDR4 no arranca a la velocidad XMP especificada. Revisar slots y limpieza de contactos con alcohol isopropílico.,Alta,Reemplazar módulo RAM dañado. Probar con módulo nuevo en slot afectado.,Requiere reemplazo de componente,43.83,19.6
2029,Tablet,ASUS,Chromebook Detachable CZ1,Estándar,Disco Duro/SSD,SSD con escritura lenta después de 80% de capacidad,Diagnóstico general: SSD con escritura lenta después de 80% de capacidad. Se requiere revisión técnica especializada.,Media,Ejecutar CHKDSK y reparación de sectores. Monitorear SMART diariamente.,Garantía vigente,221.4,7.9
2030,Laptop,Apple,MacBook Pro 14 M3 Max,2 en 1,Motherboard,"Pista de señal de reloj dañada, inestabilidad del sistema","Diagnóstico general: Pista de señal de reloj dañada, inestabilidad del sistema. Se requiere revisión técnica especializada.",Media,Reparar pista o componente específico. Verificar todos los circuitos de alimentación.,En diagnóstico,124.61,5.2
2031,Computadora,Acer,Aspire XC,Mini PC,Disco Duro/SSD,"Disco duro con PCB quemada, no recibe alimentación","Diagnóstico general: Disco duro con PCB quemada, no recibe alimentación. Se requiere revisión técnica especializada.",Media,Ejecutar CHKDSK y reparación de sectores. Monitorear SMART diariamente.,Garantía vigente,62.84,6.4
2032,Computadora,Acer,Chromebox CXI5,Micro,RAM,"RAM sobrecalentada, thermal throttling frecuente","Problema de memoria. RAM sobrecalentada, thermal throttling frecuente. Revisar slots y limpieza de contactos con alcohol isopropílico.",Alta,Reemplazar módulo RAM dañado. Probar con módulo nuevo en slot afectado.,Reparable,46.21,8.8
2033,Tablet,Lenovo,Idea Tab K10,Profesional,Sistema Operativo,"Arranque lento, más de 5 minutos para iniciar sesión","Diagnóstico general: Arranque lento, más de 5 minutos para iniciar sesión. Se requiere revisión técnica especializada.",Media,Restaurar sistema a punto anterior. Eliminar software problemático.,En diagnóstico,79.11,5.4
2034,Tablet,Samsung,Galaxy Tab A8,Gaming,BIOS,Voltaje de RAM configurado incorrectamente en BIOS,Fallo en firmware BIOS. Voltaje de RAM configurado incorrectamente en BIOS. Se recomienda reemplazo de chip BIOS.,Crítica,"Retroflash de BIOS con programador externo SPI. Si no es posible, reemplazo de placa madre.",Fuera de servicio,62.68,4.4
2035,Laptop,Toshiba,Satellite C55,Gaming,RAM,Pantalla azul MEMORY_MANAGEMENT al usar múltiples aplicaciones,Problema de display detectado. Pantalla azul MEMORY_MANAGEMENT al usar múltiples aplicaciones. Evaluar reemplazo de panel o componentes asociados.,Alta,Reemplazar módulo RAM dañado. Probar con módulo nuevo en slot afectado.,Requiere reemplazo de componente,115.28,6.7
2036,Laptop,HP,Pavilion Gaming 15,Chromebook,Disco Duro/SSD,"SSD con firmware corrupto, no monta partición","Diagnóstico general: SSD con firmware corrupto, no monta partición. Se requiere revisión técnica especializada.",Baja,Ejecutar optimización de disco. Liberar espacio en SSD para mejorar rendimiento.,Garantía vigente,56.28,0.9
2037,Computadora,MSI,Modern AM241,Servidor,Motherboard,Placa madre con cortocircuito en sección de alimentación,Diagnóstico general: Placa madre con cortocircuito en sección de alimentación. Se requiere revisión técnica especializada.,Media,Reparar pista o componente específico. Verificar todos los circuitos de alimentación.,Garantía vigente,390.74,6.8
2038,Tablet,Lenovo,Tab P11 Pro,Educacional,Motherboard,Motherboard con corrosión por líquido derramado,Fallo de memoria detectado. Motherboard con corrosión por líquido derramado. Se recomienda reemplazar módulo defectuoso.,Media,Reparar pista o componente específico. Verificar todos los circuitos de alimentación.,Reparable,454.86,3.2
2039,Laptop,Huawei,MateBook 14s,Chromebook,Sistema Operativo,Sistema no entra en modo hibernación correctamente,Diagnóstico general: Sistema no entra en modo hibernación correctamente. Se requiere revisión técnica especializada.,Alta,Reparación de arranque con herramientas de recuperación. SFC y DISM.,Reparable,45.5,23.7
2040,Laptop,HP,ZBook Firefly,2 en 1,Fuente de Poder,"Voltaje inestable en riel de 12V, componentes fallan","Diagnóstico general: Voltaje inestable en riel de 12V, componentes fallan. Se requiere revisión técnica especializada.",Baja,Monitorear voltajes. Considerar reemplazo preventivo.,En diagnóstico,49.23,1.9
2041,Computadora,Acer,Veriton X2680G,Gaming,Teclado,Tecla espacio no responde en zona central,Diagnóstico general: Tecla espacio no responde en zona central. Se requiere revisión técnica especializada.,Media,Limpiar contacto de teclas afectadas. Verificar flex de conexión.,En diagnóstico,105.99,1.5
2042,Laptop,Samsung,Galaxy Book3 Ultra,Gaming,Fuente de Poder,Fuente no suministra suficiente energía a GPU dedicada,Diagnóstico: Tarjeta gráfica defectuosa. Fuente no suministra suficiente energía a GPU dedicada. Testear con FurMark para reproducir fallo.,Media,Verificar conexiones y cables. Probar con fuente de respaldo.,Garantía vigente,163.47,6.3
2043,Computadora,Huawei,MateStation B515,Workstation,Disco Duro/SSD,Error de formato al intentar reparar disco,Diagnóstico general: Error de formato al intentar reparar disco. Se requiere revisión técnica especializada.,Media,Ejecutar CHKDSK y reparación de sectores. Monitorear SMART diariamente.,Reparable,153.27,7.3
2044,Computadora,Gigabyte,B550 Vision D,Mini PC,Batería,"Batería se descarga muy rápido, capacidad reducida","Fallo en sistema de alimentación por batería. Batería se descarga muy rápido, capacidad reducida. Reemplazo de batería necesario.",Alta,Reemplazar batería con original de fabricante. No usar baterías genéricas.,En diagnóstico,147.55,11.4
2045,Laptop,HP,EliteBook 650,Workstation,Sistema Operativo,"Windows Update en bucle, descarga infinita","Diagnóstico general: Windows Update en bucle, descarga infinita. Se requiere revisión técnica especializada.",Alta,Reparación de arranque con herramientas de recuperación. SFC y DISM.,En diagnóstico,77.07,14.8
2046,Laptop,HP,ProBook 450,Económica,Ventilación,"Heat pipe dañado, calor no se disipa correctamente","Diagnóstico general: Heat pipe dañado, calor no se disipa correctamente. Se requiere revisión técnica especializada.",Baja,Limpieza preventiva y monitoreo de temperaturas. Ajustar curva de ventilador.,En diagnóstico,75.64,3.0
2047,Computadora,Acer,Veriton X2680G,Torre,Ventilación,"Ventilador no arranca al encender, motor quemado","Diagnóstico general: Ventilador no arranca al encender, motor quemado. Se requiere revisión técnica especializada.",Alta,Limpiar obstrucciones y reaplicar pasta térmica. Verificar heat pipes.,Requiere reemplazo de componente,30.75,10.0
2048,Laptop,MSI,Modern 14,Gaming,Teclado,"Teclado repite caracteres, debounce defectuoso","Teclado con malfunction. Teclado repite caracteres, debounce defectuoso. Verificar flex de conexión y controlador.",Baja,Limpiar tecla específica o reemplazar keycap. Verificar configuración de idioma.,En diagnóstico,149.08,2.6
2049,Laptop,Huawei,MateBook D15,Gaming,Teclado,Tecla espacio no responde en zona central,Diagnóstico general: Tecla espacio no responde en zona central. Se requiere revisión técnica especializada.,Alta,Reemplazar teclado completo. Verificar si hay daño adicional por líquido.,Requiere reemplazo de componente,91.25,19.9
2050,Tablet,Amazon,Fire 7,Profesional,Motherboard,"No hay vídeo, GPU integrada de motherboard fallida","Componente de motherboard dañado. No hay vídeo, GPU integrada de motherboard fallida. Se requiere microsoldadura especializada.",Media,Reparar pista o componente específico. Verificar todos los circuitos de alimentación.,Garantía vigente,484.78,3.2
2051,Computadora,Custom/Genérica,PC Workstation Xeon,SFF,Conectividad,"WiFi no detecta redes, adaptador inalámbrico dañado","Diagnóstico general: WiFi no detecta redes, adaptador inalámbrico dañado. Se requiere revisión técnica especializada.",Alta,Reinstalar drivers. Verificar antenas internas. Reemplazar módulo M.2 si aplica.,En diagnóstico,20.81,10.9
2052,Computadora,Lenovo,Legion Tower 7i,Gaming,RAM,"Fallo en test de memoria Windows, errores detectados","Diagnóstico general: Fallo en test de memoria Windows, errores detectados. Se requiere revisión técnica especializada.",Media,Limpiar contactos con alcohol isopropílico. Reubicar módulos en slots diferentes.,En diagnóstico,74.74,1.9
2053,Tablet,Lenovo,Tab M11,Profesional,BIOS,BIOS no guarda cambios después de guardar y salir,Problema de configuración BIOS. BIOS no guarda cambios después de guardar y salir. Solución: Reset de configuración y actualización de firmware.,Media,Reset de CMOS y reconfiguración de BIOS. Actualizar a última versión estable.,Garantía vigente,45.43,7.6
2054,Tablet,Lenovo,Tab M8,Económica,RAM,"RAM no funciona en dual channel, módulo incompatible","Error de memoria RAM. RAM no funciona en dual channel, módulo incompatible. Verificar compatibilidad y velocidad de módulos.",Crítica,Reemplazo inmediato de módulo RAM defectuoso. Verificar compatibilidad con placa madre.,Requiere reemplazo de componente,44.29,19.1
2055,Tablet,Samsung,Galaxy Tab S6 Lite,Profesional,Puertos,"Puerto de audio con estática, jack dañado","Audio no funcional. Puerto de audio con estática, jack dañado. Reinstalar drivers Realtek/AMD y verificar servicios de audio.",Media,Limpiar puerto con aire comprimido. Verificar drivers del controlador USB.,Garantía vigente,102.49,2.6
2056,Laptop,ASUS,ZenBook 14,2 en 1,Pantalla,"Pantalla externa no detectada, puerto HDMI dañado","Pantalla defectuosa. Pantalla externa no detectada, puerto HDMI dañado. Inspeccionar conexiones y testear con pantalla externa.",Crítica,Reemplazo completo de panel LCD/LED. Verificar disponibilidad de repuesto.,Fuera de servicio,252.44,34.8
2057,Computadora,MSI,Cubi 5,Mini PC,Conectividad,"WiFi no enciende, switch físico o función FN dañada","Diagnóstico general: WiFi no enciende, switch físico o función FN dañada. Se requiere revisión técnica especializada.",Baja,Resetear adaptador de red. Olvidar y reconectar redes WiFi.,Reparable,28.92,4.0
2058,Laptop,Huawei,MateBook E Go,Gaming,Batería,Controlador de carga de batería defectuoso,Problema de energía de batería. Controlador de carga de batería defectuoso. Evaluar seguridad de uso continuo.,Alta,Reemplazar batería con original de fabricante. No usar baterías genéricas.,En diagnóstico,142.42,10.9
2059,Computadora,Custom/Genérica,PC Gaming RTX 4070,All-in-One,GPU,"Rayos y artefactos en pantalla al iniciar juegos, GPU dañada","Display con defecto. Rayos y artefactos en pantalla al iniciar juegos, GPU dañada. Reemplazo de panel recomendado si costo es viable.",Media,Reinstalar drivers con DDU. Verificar temperatura y ventilación de GPU.,Garantía vigente,463.01,3.9
2060,Laptop,MSI,Summit E16,2 en 1,GPU,"Driver de GPU no instala, hardware no compatible","Problema de vídeo por GPU. Driver de GPU no instala, hardware no compatible. Verificar alimentación PCIe y conectores de poder.",Crítica,"Reemplazo de GPU dedicada. Si es integrada, reemplazo de motherboard.",Requiere reemplazo de componente,347.13,43.2
2061,Computadora,Huawei,MateStation B515,Torre,Conectividad,"Interferencia WiFi por tarjeta gráfica, antena mal posicionada","Diagnóstico general: Interferencia WiFi por tarjeta gráfica, antena mal posicionada. Se requiere revisión técnica especializada.",Media,Actualizar drivers y firmware. Verificar configuración de red.,En diagnóstico,80.22,2.4
2062,Tablet,Microsoft,Surface Pro 9,Profesional,BIOS,"Pantalla negra al encender, BIOS no inicializa vídeo","Diagnóstico: Corrupción de BIOS. Pantalla negra al encender, BIOS no inicializa vídeo. Procedimiento: Reflashing con método de recuperación del fabricante.",Alta,Flashear BIOS desde USB con método de recuperación del fabricante. Verificar versión actual.,Reparable,110.83,22.5
2063,Tablet,Apple,iPad Pro 12.9 M2,Económica,GPU,"Rayos y artefactos en pantalla al iniciar juegos, GPU dañada","Diagnóstico: Panel o componentes de pantalla dañados. Rayos y artefactos en pantalla al iniciar juegos, GPU dañada. Probar con monitor externo para descartar GPU.",Alta,Reflow o reball de GPU. Reemplazar pasta térmica. Verificar alimentación.,Requiere reemplazo de componente,470.44,19.1
2064,Tablet,ASUS,ZenPad Z8s,Profesional,Puertos,"Puerto de audio con estática, jack dañado","Audio no funcional. Puerto de audio con estática, jack dañado. Reinstalar drivers Realtek/AMD y verificar servicios de audio.",Media,Limpiar puerto con aire comprimido. Verificar drivers del controlador USB.,Reparable,101.32,5.6
2065,Laptop,ASUS,TUF Gaming A15,Económica,BIOS,"Pantalla negra al encender, BIOS no inicializa vídeo","Error de inicialización de BIOS detectado. Pantalla negra al encender, BIOS no inicializa vídeo. Verificar batería CMOS y versión de firmware.",Alta,Flashear BIOS desde USB con método de recuperación del fabricante. Verificar versión actual.,En diagnóstico,48.27,10.7
2066,Computadora,Apple,iMac 24 M3,Torre,GPU,GPU integrada causa parpadeo en pantalla,Fallo en sistema de visualización. GPU integrada causa parpadeo en pantalla. Verificar cable flex y controlador de backlight.,Media,Reinstalar drivers con DDU. Verificar temperatura y ventilación de GPU.,En diagnóstico,80.83,4.2
2067,Tablet,Xiaomi,Pad 5 Pro 5G,Estándar,Motherboard,BIOS chip dañado físicamente en la motherboard,Diagnóstico: Corrupción de BIOS. BIOS chip dañado físicamente en la motherboard. Procedimiento: Reflashing con método de recuperación del fabricante.,Crítica,Reemplazo de placa madre. Evaluar costo vs equipo nuevo. Rescatar componentes reutilizables.,Fuera de servicio,198.72,36.4
2068,Laptop,MSI,Raider GE78,Workstation,Disco Duro/SSD,Partición de recuperación inaccesible en disco,Diagnóstico general: Partición de recuperación inaccesible en disco. Se requiere revisión técnica especializada.,Alta,Respaldar datos y reemplazar disco. Ejecutar recuperación con herramientas especializadas.,Reparable,234.91,10.7
2069,Laptop,ASUS,ROG Strix G16,Workstation,Teclado,"Fn keys no funcionan, controlador ACPI dañado","Diagnóstico general: Fn keys no funcionan, controlador ACPI dañado. Se requiere revisión técnica especializada.",Media,Limpiar contacto de teclas afectadas. Verificar flex de conexión.,Garantía vigente,148.11,4.9
2070,Laptop,Lenovo,ThinkPad T14,Empresarial,Conectividad,"WiFi no enciende, switch físico o función FN dañada","Diagnóstico general: WiFi no enciende, switch físico o función FN dañada. Se requiere revisión técnica especializada.",Baja,Resetear adaptador de red. Olvidar y reconectar redes WiFi.,En diagnóstico,73.17,1.4
2071,Tablet,Lenovo,Tab M8,eReader,Fuente de Poder,"Reinicios aleatorios bajo carga, PSU insuficiente","Diagnóstico general: Reinicios aleatorios bajo carga, PSU insuficiente. Se requiere revisión técnica especializada.",Media,Verificar conexiones y cables. Probar con fuente de respaldo.,Reparable,107.56,3.2
2072,Laptop,ASUS,ProArt StudioBook,Económica,Conectividad,"Bluetooth no funciona, módulo no detectado","Diagnóstico general: Bluetooth no funciona, módulo no detectado. Se requiere revisión técnica especializada.",Alta,Reinstalar drivers. Verificar antenas internas. Reemplazar módulo M.2 si aplica.,Requiere reemplazo de componente,75.72,13.6
2073,Computadora,Custom/Genérica,PC Workstation Xeon,Mini PC,Pantalla,"Pantalla con artefactos coloridos, GPU o panel defectuoso","Diagnóstico: Panel o componentes de pantalla dañados. Pantalla con artefactos coloridos, GPU o panel defectuoso. Probar con monitor externo para descartar GPU.",Media,Reemplazar cable flex o inverter. Verificar conexión al motherboard.,Garantía vigente,113.1,6.3
2074,Laptop,Acer,TravelMate P2,2 en 1,GPU,"Cuelgues al usar aplicaciones 3D, GPU sobrecalentada","Problema de vídeo por GPU. Cuelgues al usar aplicaciones 3D, GPU sobrecalentada. Verificar alimentación PCIe y conectores de poder.",Crítica,"Reemplazo de GPU dedicada. Si es integrada, reemplazo de motherboard.",En diagnóstico,453.54,29.6
2075,Laptop,ASUS,TUF Gaming A15,Workstation,Teclado,"Fn keys no funcionan, controlador ACPI dañado","Diagnóstico general: Fn keys no funcionan, controlador ACPI dañado. Se requiere revisión técnica especializada.",Baja,Limpiar tecla específica o reemplazar keycap. Verificar configuración de idioma.,Reparable,100.97,3.8
2076,Computadora,MSI,Infinite RS 13th,SFF,RAM,"Pitidos continuos al encender, módulo RAM defectuoso","Fallo de memoria detectado. Pitidos continuos al encender, módulo RAM defectuoso. Se recomienda reemplazar módulo defectuoso.",Baja,Ejecutar diagnóstico de memoria extendido. Monitorear en próximos días.,Garantía vigente,57.41,3.1
2077,Computadora,Gigabyte,B550 Vision D,Servidor,Ventilación,"Sistema hace throttle térmico, disipador obstruido","Diagnóstico general: Sistema hace throttle térmico, disipador obstruido. Se requiere revisión técnica especializada.",Media,Limpieza de polvo con aire comprimido. Verificar RPM del ventilador.,Reparable,39.67,6.2
2078,Laptop,MSI,Katana 15,Empresarial,GPU,"Rayos y artefactos en pantalla al iniciar juegos, GPU dañada","Display con defecto. Rayos y artefactos en pantalla al iniciar juegos, GPU dañada. Reemplazo de panel recomendado si costo es viable.",Crítica,"Reemplazo de GPU dedicada. Si es integrada, reemplazo de motherboard.",En diagnóstico,417.98,10.1
2079,Computadora,Apple,Mac Pro 2023,Gaming,Pantalla,"Pantalla parpadea constantemente, inverter defectuoso","Pantalla defectuosa. Pantalla parpadea constantemente, inverter defectuoso. Inspeccionar conexiones y testear con pantalla externa.",Media,Reemplazar cable flex o inverter. Verificar conexión al motherboard.,Garantía vigente,61.39,6.4
2080,Tablet,Xiaomi,Pad 6 Pro,2 en 1,Ventilación,"Ventilador vibra anormalmente, aspas desbalanceadas","Diagnóstico general: Ventilador vibra anormalmente, aspas desbalanceadas. Se requiere revisión técnica especializada.",Baja,Limpieza preventiva y monitoreo de temperaturas. Ajustar curva de ventilador.,Garantía vigente,26.14,1.5
2081,Tablet,Amazon,Fire Max 11,Educacional,Disco Duro/SSD,"Ruidos de raspado en disco duro, cabezal dañado","Diagnóstico general: Ruidos de raspado en disco duro, cabezal dañado. Se requiere revisión técnica especializada.",Baja,Ejecutar optimización de disco. Liberar espacio en SSD para mejorar rendimiento.,Garantía vigente,164.24,0.8
2082,Computadora,Gigabyte,AORUS Model S,Torre,Ventilación,"Ventilador siempre al 100%, sensor de temperatura defectuoso","Diagnóstico general: Ventilador siempre al 100%, sensor de temperatura defectuoso. Se requiere revisión técnica especializada.",Baja,Limpieza preventiva y monitoreo de temperaturas. Ajustar curva de ventilador.,Garantía vigente,15.25,1.5
2083,Laptop,Samsung,Galaxy Book2 360,Premium,Puertos,"Puerto de audio con estática, jack dañado","Diagnóstico: Circuito de audio defectuoso. Puerto de audio con estática, jack dañado. Verificar codec de audio y conexiones.",Media,Limpiar puerto con aire comprimido. Verificar drivers del controlador USB.,Garantía vigente,58.57,6.6
2084,Laptop,Acer,Nitro 5,Workstation,Disco Duro/SSD,Partición de recuperación inaccesible en disco,Diagnóstico general: Partición de recuperación inaccesible en disco. Se requiere revisión técnica especializada.,Alta,Respaldar datos y reemplazar disco. Ejecutar recuperación con herramientas especializadas.,Reparable,125.43,5.8
2085,Tablet,Samsung,Galaxy Tab S9 Ultra,Económica,Motherboard,"VRM de motherboard sobrecalentado, throttling severo","Componente de motherboard dañado. VRM de motherboard sobrecalentado, throttling severo. Se requiere microsoldadura especializada.",Alta,Reparación especializada de microsoldadura. Reemplazar componentes SMD dañados.,En diagnóstico,364.75,23.4
2086,Tablet,ASUS,ROG Flow Z13,Educacional,RAM,Error de memoria al instalar nuevo módulo RAM,Error de memoria RAM. Error de memoria al instalar nuevo módulo RAM. Verificar compatibilidad y velocidad de módulos.,Baja,Ejecutar diagnóstico de memoria extendido. Monitorear en próximos días.,En diagnóstico,114.65,3.0
2087,Laptop,Lenovo,ThinkBook 15,2 en 1,Ventilación,"Sistema se apaga por protección térmica, ventilación insuficiente","Fallo en sistema térmico. Sistema se apaga por protección térmica, ventilación insuficiente. Limpiar obstrucciones y verificar RPM del ventilador.",Media,Limpieza de polvo con aire comprimido. Verificar RPM del ventilador.,Garantía vigente,55.32,6.3
2088,Laptop,MSI,GF63 Thin,Empresarial,RAM,"RAM sobrecalentada, thermal throttling frecuente","Fallo de memoria detectado. RAM sobrecalentada, thermal throttling frecuente. Se recomienda reemplazar módulo defectuoso.",Alta,Reemplazar módulo RAM dañado. Probar con módulo nuevo en slot afectado.,En diagnóstico,112.05,7.1
2089,Laptop,Apple,MacBook Pro 16 M3 Pro,Económica,Conectividad,"Velocidad WiFi muy lenta, antena interna dañada","Diagnóstico general: Velocidad WiFi muy lenta, antena interna dañada. Se requiere revisión técnica especializada.",Alta,Reinstalar drivers. Verificar antenas internas. Reemplazar módulo M.2 si aplica.,Reparable,56.45,6.7
2090,Laptop,ASUS,ROG Strix G16,Workstation,BIOS,"Fan speed no controlado por BIOS, ventilador a máxima velocidad","Problema de configuración BIOS. Fan speed no controlado por BIOS, ventilador a máxima velocidad. Solución: Reset de configuración y actualización de firmware.",Baja,Actualizar BIOS a la última versión disponible. Reemplazar batería CMOS si es necesario.,Reparable,125.65,2.6
2091,Tablet,Amazon,Fire 7,Gaming,Audio,"Sin sonido, controlador de audio dañado","Problema de sonido. Sin sonido, controlador de audio dañado. Probar con auriculares para descartar altavoces.",Baja,Actualizar drivers de audio. Verificar configuración de volumen y dispositivos.,Garantía vigente,56.72,2.2
2092,Laptop,Apple,MacBook Pro 14 M3,Chromebook,Motherboard,"Motherboard con pista dañada, circuito abierto","Motherboard con daño eléctrico. Motherboard con pista dañada, circuito abierto. Inspeccionar con microscopio y multímetro.",Crítica,Reemplazo de placa madre. Evaluar costo vs equipo nuevo. Rescatar componentes reutilizables.,Fuera de servicio,349.94,26.7
2093,Computadora,MSI,All-in-One PC AG271,SFF,RAM,"SODIMM RAM con pines dañados, contacto intermitente","Inestabilidad por RAM defectuosa. SODIMM RAM con pines dañados, contacto intermitente. Probar módulos individualmente para aislar el dañado.",Media,Limpiar contactos con alcohol isopropílico. Reubicar módulos en slots diferentes.,En diagnóstico,83.87,3.6
2094,Tablet,Amazon,Fire 7,2 en 1,Pantalla,"Brillo de pantalla no ajusta, sensor ALS dañado","Problema de display detectado. Brillo de pantalla no ajusta, sensor ALS dañado. Evaluar reemplazo de panel o componentes asociados.",Alta,Reemplazar panel o componente de backlight. Cotizar reparación vs equipo nuevo.,Requiere reemplazo de componente,150.61,19.2
2095,Laptop,Samsung,Galaxy Book Go,Workstation,RAM,"RAM no funciona en dual channel, módulo incompatible","Inestabilidad por RAM defectuosa. RAM no funciona en dual channel, módulo incompatible. Probar módulos individualmente para aislar el dañado.",Media,Limpiar contactos con alcohol isopropílico. Reubicar módulos en slots diferentes.,Garantía vigente,48.52,4.3
2096,Tablet,Apple,iPad 9th Gen,Gaming,Audio,"Altavoces con distorsión, membrana dañada","Diagnóstico general: Altavoces con distorsión, membrana dañada. Se requiere revisión técnica especializada.",Alta,Reinstalar drivers de audio. Verificar jack de audio con multímetro.,Reparable,37.28,5.5
2097,Computadora,MSI,All-in-One PC AG271,Mini PC,BIOS,BIOS bloqueada con contraseña desconocida,Se requiere flashear la BIOS para restaurar funcionalidad. BIOS bloqueada con contraseña desconocida,Crítica,"Retroflash de BIOS con programador externo SPI. Si no es posible, reemplazo de placa madre.",Fuera de servicio,25.67,27.5
2098,Computadora,Gigabyte,AORUS Model S,Torre,Ventilación,"Ventilador no arranca al encender, motor quemado","Diagnóstico general: Ventilador no arranca al encender, motor quemado. Se requiere revisión técnica especializada.",Crítica,Reemplazar disipador y ventilador. Reaplicar pasta térmica de calidad. Limpieza completa.,Requiere reemplazo de componente,30.51,31.9
2099,Tablet,Lenovo,Tab M8,2 en 1,Puertos,"Puerto Ethernet no detecta cable, LED no enciende","Diagnóstico general: Puerto Ethernet no detecta cable, LED no enciende. Se requiere revisión técnica especializada.",Alta,Reparar soldadura de puerto dañado. Usar adaptador temporal mientras se repara.,Requiere reemplazo de componente,21.54,21.8
2100,Laptop,Samsung,Galaxy Book2 360,2 en 1,Batería,Batería no suministra energía suficiente bajo carga,Diagnóstico: Batería defectuosa. Batería no suministra energía suficiente bajo carga. Reemplazar con batería original certificada.,Baja,Reemplazar batería cuando sea conveniente. Funciona con limitaciones.,En diagnóstico,122.04,2.6
2101,Laptop,Apple,MacBook Pro 13 M2,Gaming,Pantalla,"Backlight no enciende, pantalla muy oscura","Pantalla defectuosa. Backlight no enciende, pantalla muy oscura. Inspeccionar conexiones y testear con pantalla externa.",Media,Reemplazar cable flex o inverter. Verificar conexión al motherboard.,Garantía vigente,349.95,3.5
2102,Laptop,Samsung,Galaxy Book Go,Ultrabook,BIOS,"BIOS no detecta RAM nueva, módulos no compatibles","Fallo en firmware BIOS. BIOS no detecta RAM nueva, módulos no compatibles. Se recomienda reemplazo de chip BIOS.",Alta,Flashear BIOS desde USB con método de recuperación del fabricante. Verificar versión actual.,En diagnóstico,28.16,21.5
2103,Laptop,ASUS,Chromebook CX1,Ultrabook,GPU,"Artefactos gráficos en pantalla, memoria VRAM dañada","Error de memoria RAM. Artefactos gráficos en pantalla, memoria VRAM dañada. Verificar compatibilidad y velocidad de módulos.",Media,Reinstalar drivers con DDU. Verificar temperatura y ventilación de GPU.,Reparable,168.0,5.4
2104,Tablet,Microsoft,Surface Pro 10,Gaming,Sistema Operativo,Error CRITICAL_PROCESS_DIED al iniciar,Diagnóstico general: Error CRITICAL_PROCESS_DIED al iniciar. Se requiere revisión técnica especializada.,Alta,Reparación de arranque con herramientas de recuperación. SFC y DISM.,En diagnóstico,51.99,14.6
2105,Tablet,ASUS,Chromebook Detachable CZ1,Educacional,Disco Duro/SSD,"Disco duro con PCB quemada, no recibe alimentación","Diagnóstico general: Disco duro con PCB quemada, no recibe alimentación. Se requiere revisión técnica especializada.",Baja,Ejecutar optimización de disco. Liberar espacio en SSD para mejorar rendimiento.,Reparable,100.04,3.2
2106,Computadora,Lenovo,Legion Tower 5i,Gaming,Fuente de Poder,"Voltaje inestable en riel de 12V, componentes fallan","Diagnóstico general: Voltaje inestable en riel de 12V, componentes fallan. Se requiere revisión técnica especializada.",Baja,Monitorear voltajes. Considerar reemplazo preventivo.,Garantía vigente,50.61,3.1
2107,Laptop,Apple,MacBook Pro 13 M2,Empresarial,Batería,"Batería se descarga muy rápido, capacidad reducida","Batería en estado crítico. Batería se descarga muy rápido, capacidad reducida. Retirar si está inflada por riesgo de seguridad.",Baja,Reemplazar batería cuando sea conveniente. Funciona con limitaciones.,Reparable,120.82,2.3
2108,Laptop,Huawei,MateBook 14s,2 en 1,Pantalla,"Píxeles muertos en pantalla, defecto del panel","Pantalla defectuosa. Píxeles muertos en pantalla, defecto del panel. Inspeccionar conexiones y testear con pantalla externa.",Baja,Calibrar pantalla y actualizar driver de vídeo. Ajustar perfil de color.,Reparable,234.53,0.7
2109,Computadora,ASUS,ProArt Station PD5,Workstation,BIOS,Incompatibilidad de BIOS con nuevo hardware instalado,Diagnóstico: Corrupción de BIOS. Incompatibilidad de BIOS con nuevo hardware instalado. Procedimiento: Reflashing con método de recuperación del fabricante.,Alta,Flashear BIOS desde USB con método de recuperación del fabricante. Verificar versión actual.,Reparable,132.16,14.4
2110,Computadora,Gigabyte,AORUS Model S,All-in-One,Ventilación,"Pasta térmica seca, temperatura CPU sobre 95°C","Diagnóstico general: Pasta térmica seca, temperatura CPU sobre 95°C. Se requiere revisión técnica especializada.",Alta,Limpiar obstrucciones y reaplicar pasta térmica. Verificar heat pipes.,En diagnóstico,46.01,11.8
2111,Laptop,Samsung,Galaxy Book2 Pro,Económica,Pantalla,"Pantalla con manchas oscuras, daño por presión","Display con defecto. Pantalla con manchas oscuras, daño por presión. Reemplazo de panel recomendado si costo es viable.",Alta,Reemplazar panel o componente de backlight. Cotizar reparación vs equipo nuevo.,Reparable,162.68,6.4
2112,Tablet,Samsung,Galaxy Tab A8,Gaming,Pantalla,"Flex de pantalla dañado, imagen intermitente","Fallo en sistema de visualización. Flex de pantalla dañado, imagen intermitente. Verificar cable flex y controlador de backlight.",Baja,Calibrar pantalla y actualizar driver de vídeo. Ajustar perfil de color.,Reparable,86.22,0.9
2113,Computadora,HP,ProDesk 400 G7,Micro,Disco Duro/SSD,"SSD con firmware corrupto, no monta partición","Diagnóstico general: SSD con firmware corrupto, no monta partición. Se requiere revisión técnica especializada.",Baja,Ejecutar optimización de disco. Liberar espacio en SSD para mejorar rendimiento.,En diagnóstico,224.29,3.2
2114,Tablet,ASUS,ROG Flow Z13,Gaming,GPU,"Pantalla azul VIDEO_TDR_FAILURE, GPU dedicada fallida","Problema de display detectado. Pantalla azul VIDEO_TDR_FAILURE, GPU dedicada fallida. Evaluar reemplazo de panel o componentes asociados.",Crítica,"Reemplazo de GPU dedicada. Si es integrada, reemplazo de motherboard.",En diagnóstico,90.27,7.4
2115,Computadora,Dell,OptiPlex 5090,Torre,Pantalla,"Touchscreen no responde, controlador táctil dañado","Diagnóstico general: Touchscreen no responde, controlador táctil dañado. Se requiere revisión técnica especializada.",Crítica,Reemplazo completo de panel LCD/LED. Verificar disponibilidad de repuesto.,Fuera de servicio,399.97,32.0
2116,Computadora,Gigabyte,B550 Vision D,SFF,Sistema Operativo,Sistema operativo no encuentra boot manager,Diagnóstico general: Sistema operativo no encuentra boot manager. Se requiere revisión técnica especializada.,Baja,Actualizar Windows/macOS. Ejecutar Windows Update y reparación de archivos.,En diagnóstico,79.9,2.3
2117,Computadora,Lenovo,Legion Tower 5i,All-in-One,Ventilación,"Ventilador no arranca al encender, motor quemado","Diagnóstico general: Ventilador no arranca al encender, motor quemado. Se requiere revisión técnica especializada.",Crítica,Reemplazar disipador y ventilador. Reaplicar pasta térmica de calidad. Limpieza completa.,Requiere reemplazo de componente,52.78,9.9
2118,Computadora,Apple,iMac 24 M3,Servidor,BIOS,"BIOS no detecta disco duro, secuencia de boot fallida","Fallo en firmware BIOS. BIOS no detecta disco duro, secuencia de boot fallida. Se recomienda reemplazo de chip BIOS.",Media,Reset de CMOS y reconfiguración de BIOS. Actualizar a última versión estable.,En diagnóstico,43.61,1.6
2119,Laptop,Acer,Aspire 7,Ultrabook,Puertos,"Puerto de audio con estática, jack dañado","Audio no funcional. Puerto de audio con estática, jack dañado. Reinstalar drivers Realtek/AMD y verificar servicios de audio.",Baja,Usar puerto alternativo. Monitorear funcionamiento del puerto afectado.,En diagnóstico,109.72,1.5
2120,Computadora,Gigabyte,AORUS Model S,All-in-One,Disco Duro/SSD,"Disco con latencia alta, sectores lentos detectados","Diagnóstico general: Disco con latencia alta, sectores lentos detectados. Se requiere revisión técnica especializada.",Baja,Ejecutar optimización de disco. Liberar espacio en SSD para mejorar rendimiento.,En diagnóstico,233.04,0.8
2121,Laptop,HP,Pavilion Gaming 15,2 en 1,Disco Duro/SSD,"SSD con vida útil agotada, escrituras fallidas","Diagnóstico general: SSD con vida útil agotada, escrituras fallidas. Se requiere revisión técnica especializada.",Crítica,Clonar disco inmediatamente si es posible. Reemplazo urgente de unidad. Recuperación de datos profesional.,En diagnóstico,55.23,44.5
2122,Tablet,Samsung,Galaxy Tab S7 FE,eReader,Sistema Operativo,"Arranque lento, más de 5 minutos para iniciar sesión","Diagnóstico general: Arranque lento, más de 5 minutos para iniciar sesión. Se requiere revisión técnica especializada.",Crítica,Reinstalación limpia del sistema operativo. Backup completo de datos primero.,Fuera de servicio,79.95,40.6
2123,Laptop,Toshiba,Satellite C55,Empresarial,Motherboard,"Motherboard no reconoce batería, circuito de carga roto","Diagnóstico: Motherboard defectuosa. Motherboard no reconoce batería, circuito de carga roto. Verificar todas las pistas y componentes SMD.",Media,Reparar pista o componente específico. Verificar todos los circuitos de alimentación.,Garantía vigente,328.07,6.4
2124,Computadora,Custom/Genérica,PC Oficina i5-12400,Gaming,Pantalla,"Resolución atascada en modo seguro, driver de pantalla corrupto","Problema de display detectado. Resolución atascada en modo seguro, driver de pantalla corrupto. Evaluar reemplazo de panel o componentes asociados.",Alta,Reemplazar panel o componente de backlight. Cotizar reparación vs equipo nuevo.,En diagnóstico,315.59,16.5
2125,Computadora,Dell,Inspiron 3881,Mini PC,Motherboard,BIOS chip dañado físicamente en la motherboard,Diagnóstico: Corrupción de BIOS. BIOS chip dañado físicamente en la motherboard. Procedimiento: Reflashing con método de recuperación del fabricante.,Alta,Reparación especializada de microsoldadura. Reemplazar componentes SMD dañados.,Requiere reemplazo de componente,105.57,10.2
2126,Computadora,Acer,Aspire XC,Torre,Fuente de Poder,"Fuente se apaga después de 10 minutos, sobrecalentamiento","Diagnóstico general: Fuente se apaga después de 10 minutos, sobrecalentamiento. Se requiere revisión técnica especializada.",Media,Verificar conexiones y cables. Probar con fuente de respaldo.,Reparable,59.57,5.5
2127,Tablet,Lenovo,Tab P12 Pro,Profesional,GPU,GPU no detectada en Administrador de dispositivos,"GPU fallida. GPU no detectada en Administrador de dispositivos. Si es integrada, motherboard necesita reemplazo.",Crítica,"Reemplazo de GPU dedicada. Si es integrada, reemplazo de motherboard.",Fuera de servicio,295.28,37.1
2128,Tablet,Xiaomi,Pad 6 Pro,Gaming,Pantalla,"Pantalla con ghosting, retardo de respuesta del panel","Display con defecto. Pantalla con ghosting, retardo de respuesta del panel. Reemplazo de panel recomendado si costo es viable.",Alta,Reemplazar panel o componente de backlight. Cotizar reparación vs equipo nuevo.,En diagnóstico,333.46,13.1
2129,Tablet,ASUS,ZenPad Z8s,Gaming,RAM,"RAM sobrecalentada, thermal throttling frecuente","Problema de memoria. RAM sobrecalentada, thermal throttling frecuente. Revisar slots y limpieza de contactos con alcohol isopropílico.",Media,Limpiar contactos con alcohol isopropílico. Reubicar módulos en slots diferentes.,Garantía vigente,53.41,4.4
2130,Laptop,MSI,Prestige 14,Ultrabook,Ventilación,"Ventilador no arranca al encender, motor quemado","Diagnóstico general: Ventilador no arranca al encender, motor quemado. Se requiere revisión técnica especializada.",Baja,Limpieza preventiva y monitoreo de temperaturas. Ajustar curva de ventilador.,Reparable,56.65,3.9
2131,Computadora,MSI,All-in-One PC AG271,Gaming,Batería,"Batería inflada, deformación visible del chasis","Fallo en sistema de alimentación por batería. Batería inflada, deformación visible del chasis. Reemplazo de batería necesario.",Media,Calibrar batería siguiendo procedimiento del fabricante. Verificar ciclo de carga.,Reparable,68.04,1.0
2132,Tablet,Microsoft,Surface Go 3,Gaming,Motherboard,"Puerto de carga dañado, motherboard no recibe energía","Fallo en placa madre. Puerto de carga dañado, motherboard no recibe energía. Evaluar viabilidad de reparación vs reemplazo.",Media,Reparar pista o componente específico. Verificar todos los circuitos de alimentación.,En diagnóstico,115.03,5.9
2133,Computadora,Lenovo,Legion Tower 7i,Mini PC,Teclado,"Teclado escribe caracteres incorrectos, layout mal configurado","Teclado con malfunction. Teclado escribe caracteres incorrectos, layout mal configurado. Verificar flex de conexión y controlador.",Baja,Limpiar tecla específica o reemplazar keycap. Verificar configuración de idioma.,Garantía vigente,123.4,3.3
2134,Tablet,Apple,iPad Pro 12.9 M2,Gaming,Motherboard,"Fan header dañado, ventilador no gira","Diagnóstico general: Fan header dañado, ventilador no gira. Se requiere revisión técnica especializada.",Media,Reparar pista o componente específico. Verificar todos los circuitos de alimentación.,Garantía vigente,493.07,4.4
2135,Tablet,Samsung,Galaxy Tab S9 Ultra,Estándar,Ventilación,"CPU se sobrecalienta, ventilador no gira","Diagnóstico general: CPU se sobrecalienta, ventilador no gira. Se requiere revisión técnica especializada.",Alta,Limpiar obstrucciones y reaplicar pasta térmica. Verificar heat pipes.,En diagnóstico,64.05,18.0
2136,Laptop,Acer,Chromebook Spin 514,Chromebook,Disco Duro/SSD,SMART warning: Reallocated Sector Count excedido,Diagnóstico general: SMART warning: Reallocated Sector Count excedido. Se requiere revisión técnica especializada.,Crítica,Clonar disco inmediatamente si es posible. Reemplazo urgente de unidad. Recuperación de datos profesional.,En diagnóstico,68.41,23.4
2137,Laptop,Toshiba,Dynabook E10,Gaming,Disco Duro/SSD,"Disco con latencia alta, sectores lentos detectados","Diagnóstico general: Disco con latencia alta, sectores lentos detectados. Se requiere revisión técnica especializada.",Alta,Respaldar datos y reemplazar disco. Ejecutar recuperación con herramientas especializadas.,Reparable,82.93,7.1
2138,Computadora,Acer,Veriton X2680G,Workstation,Audio,"Audio con estática y crujidos, DAC defectuoso","Problema de sonido. Audio con estática y crujidos, DAC defectuoso. Probar con auriculares para descartar altavoces.",Crítica,Reemplazo de codec de audio o usar tarjeta de sonido USB externa.,En diagnóstico,43.87,16.6
2139,Tablet,Lenovo,Tab M8,Educacional,RAM,Sistema operativo reporta memoria reservada excesiva,Diagnóstico general: Sistema operativo reporta memoria reservada excesiva. Se requiere revisión técnica especializada.,Baja,Ejecutar diagnóstico de memoria extendido. Monitorear en próximos días.,Reparable,83.9,0.8
2140,Tablet,Apple,iPad Air M1,2 en 1,Pantalla,"Pantalla con bandas de color, conexión LVDS dañada","Problema de display detectado. Pantalla con bandas de color, conexión LVDS dañada. Evaluar reemplazo de panel o componentes asociados.",Media,Reemplazar cable flex o inverter. Verificar conexión al motherboard.,Reparable,151.36,7.7
2141,Tablet,Lenovo,Tab M10 Plus,Educacional,Batería,Batería no detectada por el sistema operativo,Problema de energía de batería. Batería no detectada por el sistema operativo. Evaluar seguridad de uso continuo.,Alta,Reemplazar batería con original de fabricante. No usar baterías genéricas.,Requiere reemplazo de componente,119.79,7.8
2142,Laptop,Acer,Swift 3,Económica,Batería,Batería no detectada por el sistema operativo,Batería degradada. Batería no detectada por el sistema operativo. Verificar con diagnóstico de fabricante.,Alta,Reemplazar batería con original de fabricante. No usar baterías genéricas.,En diagnóstico,59.01,6.7
2143,Computadora,Acer,Nitro 50,SFF,Motherboard,"Chip de audio dañado en motherboard, sin sonido","Componente de motherboard dañado. Chip de audio dañado en motherboard, sin sonido. Se requiere microsoldadura especializada.",Media,Reparar pista o componente específico. Verificar todos los circuitos de alimentación.,Garantía vigente,350.46,3.2
2144,Computadora,MSI,All-in-One PC AG271,Workstation,Disco Duro/SSD,"Disco duro no gira, motor spindle fallido","Diagnóstico general: Disco duro no gira, motor spindle fallido. Se requiere revisión técnica especializada.",Alta,Respaldar datos y reemplazar disco. Ejecutar recuperación con herramientas especializadas.,Requiere reemplazo de componente,122.33,7.2
2145,Laptop,Apple,MacBook Pro 14 M3,2 en 1,Batería,"Batería inflada, deformación visible del chasis","Batería degradada. Batería inflada, deformación visible del chasis. Verificar con diagnóstico de fabricante.",Baja,Reemplazar batería cuando sea conveniente. Funciona con limitaciones.,En diagnóstico,132.54,0.7
2146,Laptop,HP,ZBook Firefly,Chromebook,Fuente de Poder,"Olor a quemado desde la fuente, componente quemado","Diagnóstico general: Olor a quemado desde la fuente, componente quemado. Se requiere revisión técnica especializada.",Media,Verificar conexiones y cables. Probar con fuente de respaldo.,En diagnóstico,175.84,1.7
2147,Laptop,Samsung,Galaxy Book2 Pro,Chromebook,RAM,Memoria insufficient al abrir aplicaciones pesadas,Diagnóstico general: Memoria insufficient al abrir aplicaciones pesadas. Se requiere revisión técnica especializada.,Media,Limpiar contactos con alcohol isopropílico. Reubicar módulos en slots diferentes.,Reparable,106.13,7.0
2148,Computadora,Custom/Genérica,PC Gaming RTX 4070,Gaming,Fuente de Poder,"Fuente de poder no enciende, ventilador sin movimiento","Diagnóstico general: Fuente de poder no enciende, ventilador sin movimiento. Se requiere revisión técnica especializada.",Baja,Monitorear voltajes. Considerar reemplazo preventivo.,Reparable,127.46,1.8
2149,Computadora,Apple,Mac Pro 2023,Servidor,Conectividad,"Interferencia WiFi por tarjeta gráfica, antena mal posicionada","Diagnóstico general: Interferencia WiFi por tarjeta gráfica, antena mal posicionada. Se requiere revisión técnica especializada.",Baja,Resetear adaptador de red. Olvidar y reconectar redes WiFi.,En diagnóstico,38.1,2.6
2150,Laptop,Apple,MacBook Pro 16 M2 Pro,Económica,Teclado,"Varias teclas no funcionan, daño por líquido derramado","Error de memoria RAM. Varias teclas no funcionan, daño por líquido derramado. Verificar compatibilidad y velocidad de módulos.",Media,Limpiar contacto de teclas afectadas. Verificar flex de conexión.,Garantía vigente,88.61,5.3
2151,Computadora,Custom/Genérica,PC Gaming RTX 4070,Gaming,Pantalla,"Resolución atascada en modo seguro, driver de pantalla corrupto","Diagnóstico: Panel o componentes de pantalla dañados. Resolución atascada en modo seguro, driver de pantalla corrupto. Probar con monitor externo para descartar GPU.",Media,Reemplazar cable flex o inverter. Verificar conexión al motherboard.,Garantía vigente,169.74,7.1
2152,Laptop,Acer,Swift X,Workstation,RAM,Error MEMORY_READ_EXCEPTION en tareas pesadas,Diagnóstico general: Error MEMORY_READ_EXCEPTION en tareas pesadas. Se requiere revisión técnica especializada.,Media,Limpiar contactos con alcohol isopropílico. Reubicar módulos en slots diferentes.,En diagnóstico,76.46,7.8
2153,Tablet,Apple,iPad Air M2,Gaming,Disco Duro/SSD,"Ruidos de raspado en disco duro, cabezal dañado","Diagnóstico general: Ruidos de raspado en disco duro, cabezal dañado. Se requiere revisión técnica especializada.",Alta,Respaldar datos y reemplazar disco. Ejecutar recuperación con herramientas especializadas.,Requiere reemplazo de componente,92.36,8.0
2154,Tablet,ASUS,ZenPad Z8s,Gaming,Disco Duro/SSD,"Disco se desconecta aleatoriamente, cable SATA defectuoso","Diagnóstico general: Disco se desconecta aleatoriamente, cable SATA defectuoso. Se requiere revisión técnica especializada.",Crítica,Clonar disco inmediatamente si es posible. Reemplazo urgente de unidad. Recuperación de datos profesional.,En diagnóstico,141.23,45.7
2155,Laptop,Dell,Inspiron 15 3000,Workstation,Ventilación,"Heat pipe dañado, calor no se disipa correctamente","Diagnóstico general: Heat pipe dañado, calor no se disipa correctamente. Se requiere revisión técnica especializada.",Baja,Limpieza preventiva y monitoreo de temperaturas. Ajustar curva de ventilador.,Garantía vigente,70.49,2.0
2156,Laptop,Acer,TravelMate P2,Premium,Ventilación,Acumulación excesiva de polvo en ventilador y disipador,Diagnóstico general: Acumulación excesiva de polvo en ventilador y disipador. Se requiere revisión técnica especializada.,Media,Limpieza de polvo con aire comprimido. Verificar RPM del ventilador.,Garantía vigente,65.03,5.5
2157,Computadora,Acer,Veriton X2680G,SFF,GPU,"Cuelgues al usar aplicaciones 3D, GPU sobrecalentada","Diagnóstico: Tarjeta gráfica defectuosa. Cuelgues al usar aplicaciones 3D, GPU sobrecalentada. Testear con FurMark para reproducir fallo.",Crítica,"Reemplazo de GPU dedicada. Si es integrada, reemplazo de motherboard.",En diagnóstico,513.71,42.6
2158,Tablet,Amazon,Fire Max 11,eReader,Disco Duro/SSD,"SSD M.2 no hace contacto, slot dañado","Diagnóstico general: SSD M.2 no hace contacto, slot dañado. Se requiere revisión técnica especializada.",Media,Ejecutar CHKDSK y reparación de sectores. Monitorear SMART diariamente.,Reparable,107.9,5.6
2159,Computadora,Dell,Alienware Aurora R16,Servidor,Motherboard,"Puertos USB traseros no funcionan, controlador I/O dañado","Problema en interfaz de puertos. Puertos USB traseros no funcionan, controlador I/O dañado. Probar con dispositivos conocidos como buenos.",Alta,Reparación especializada de microsoldadura. Reemplazar componentes SMD dañados.,Requiere reemplazo de componente,333.16,2.3
2160,Computadora,Acer,Aspire TC,Gaming,GPU,"Artefactos gráficos en pantalla, memoria VRAM dañada","Diagnóstico: Memoria RAM con errores. Artefactos gráficos en pantalla, memoria VRAM dañada. Ejecutar MemTest86 para confirmar sector dañado.",Baja,Actualizar drivers de GPU. Ajustar configuración de rendimiento.,Garantía vigente,258.21,1.2
2161,Laptop,Samsung,Galaxy Book3 Ultra,Gaming,RAM,Memoria insufficient al abrir aplicaciones pesadas,Diagnóstico general: Memoria insufficient al abrir aplicaciones pesadas. Se requiere revisión técnica especializada.,Media,Limpiar contactos con alcohol isopropílico. Reubicar módulos en slots diferentes.,Garantía vigente,26.08,6.7
2162,Computadora,Huawei,MateStation X,Gaming,Pantalla,"Pantalla con color amarillento, perfil de color corrupto","Diagnóstico: Panel o componentes de pantalla dañados. Pantalla con color amarillento, perfil de color corrupto. Probar con monitor externo para descartar GPU.",Media,Reemplazar cable flex o inverter. Verificar conexión al motherboard.,En diagnóstico,241.15,6.2
2163,Laptop,Samsung,Galaxy Book2 360,Empresarial,RAM,"RAM no detectada, sistema muestra menos memoria de la instalada","Inestabilidad por RAM defectuosa. RAM no detectada, sistema muestra menos memoria de la instalada. Probar módulos individualmente para aislar el dañado.",Alta,Reemplazar módulo RAM dañado. Probar con módulo nuevo en slot afectado.,Requiere reemplazo de componente,91.33,5.7
2164,Computadora,Apple,Mac Pro 2023,Gaming,Fuente de Poder,"Voltaje inestable en riel de 12V, componentes fallan","Diagnóstico general: Voltaje inestable en riel de 12V, componentes fallan. Se requiere revisión técnica especializada.",Alta,Reemplazar fuente con certificación adecuada. Verificar potencia necesaria.,Reparable,103.33,8.6
2165,Laptop,Huawei,MateBook 14s,Empresarial,RAM,"BSOD PAGE_FAULT_IN_NONPAGED_AREA, fallo en módulo RAM","Problema de memoria. BSOD PAGE_FAULT_IN_NONPAGED_AREA, fallo en módulo RAM. Revisar slots y limpieza de contactos con alcohol isopropílico.",Media,Limpiar contactos con alcohol isopropílico. Reubicar módulos en slots diferentes.,Reparable,116.71,1.8
2166,Laptop,Apple,MacBook Pro 14 M3 Max,Ultrabook,Sistema Operativo,Sistema no entra en modo hibernación correctamente,Diagnóstico general: Sistema no entra en modo hibernación correctamente. Se requiere revisión técnica especializada.,Media,Restaurar sistema a punto anterior. Eliminar software problemático.,Garantía vigente,45.09,4.7
2167,Laptop,Huawei,MateBook 14s,Chromebook,GPU,"Rayos y artefactos en pantalla al iniciar juegos, GPU dañada","Pantalla defectuosa. Rayos y artefactos en pantalla al iniciar juegos, GPU dañada. Inspeccionar conexiones y testear con pantalla externa.",Alta,Reflow o reball de GPU. Reemplazar pasta térmica. Verificar alimentación.,Reparable,304.21,21.6
2168,Computadora,Acer,Predator Orion 3000,Gaming,Teclado,"Tecla se queda presionada, contacto pegajoso","Diagnóstico general: Tecla se queda presionada, contacto pegajoso. Se requiere revisión técnica especializada.",Baja,Limpiar tecla específica o reemplazar keycap. Verificar configuración de idioma.,Garantía vigente,64.73,3.5
2169,Laptop,Samsung,Galaxy Book Go,Chromebook,Disco Duro/SSD,Error INACCESSIBLE_BOOT_DEVICE al iniciar Windows,Diagnóstico general: Error INACCESSIBLE_BOOT_DEVICE al iniciar Windows. Se requiere revisión técnica especializada.,Baja,Ejecutar optimización de disco. Liberar espacio en SSD para mejorar rendimiento.,Garantía vigente,95.39,3.3
2170,Computadora,Lenovo,ThinkStation P350,Micro,BIOS,BIOS legacy no soporta arranque UEFI,Problema de configuración BIOS. BIOS legacy no soporta arranque UEFI. Solución: Reset de configuración y actualización de firmware.,Baja,Actualizar BIOS a la última versión disponible. Reemplazar batería CMOS si es necesario.,Garantía vigente,48.94,0.9
2171,Laptop,Lenovo,IdeaPad 5 Pro,Premium,Ventilación,"Heat pipe dañado, calor no se disipa correctamente","Diagnóstico general: Heat pipe dañado, calor no se disipa correctamente. Se requiere revisión técnica especializada.",Alta,Limpiar obstrucciones y reaplicar pasta térmica. Verificar heat pipes.,Reparable,67.72,22.3
2172,Laptop,Huawei,MateBook 14s,Workstation,RAM,"Beep code 2 pitidos, error de parity check en RAM","Diagnóstico: Memoria RAM con errores. Beep code 2 pitidos, error de parity check en RAM. Ejecutar MemTest86 para confirmar sector dañado.",Crítica,Reemplazo inmediato de módulo RAM defectuoso. Verificar compatibilidad con placa madre.,Requiere reemplazo de componente,78.07,35.4
2173,Laptop,Huawei,MateBook 14s,Ultrabook,Puertos,"Puerto Ethernet no detecta cable, LED no enciende","Diagnóstico general: Puerto Ethernet no detecta cable, LED no enciende. Se requiere revisión técnica especializada.",Alta,Reparar soldadura de puerto dañado. Usar adaptador temporal mientras se repara.,Requiere reemplazo de componente,30.78,21.3
2174,Laptop,ASUS,VivoBook S14,Premium,Pantalla,"Píxeles muertos en pantalla, defecto del panel","Fallo en sistema de visualización. Píxeles muertos en pantalla, defecto del panel. Verificar cable flex y controlador de backlight.",Media,Reemplazar cable flex o inverter. Verificar conexión al motherboard.,En diagnóstico,182.37,7.3
2175,Computadora,Apple,iMac 24 M3,All-in-One,Motherboard,"Placa no detecta disco SATA, controlador dañado","Diagnóstico general: Placa no detecta disco SATA, controlador dañado. Se requiere revisión técnica especializada.",Media,Reparar pista o componente específico. Verificar todos los circuitos de alimentación.,Garantía vigente,332.36,1.2
2176,Computadora,Apple,Mac mini M2,Servidor,Pantalla,"Pantalla con artefactos coloridos, GPU o panel defectuoso","Diagnóstico: Panel o componentes de pantalla dañados. Pantalla con artefactos coloridos, GPU o panel defectuoso. Probar con monitor externo para descartar GPU.",Alta,Reemplazar panel o componente de backlight. Cotizar reparación vs equipo nuevo.,Requiere reemplazo de componente,122.96,4.4
2177,Computadora,Acer,Predator Orion 3000,Workstation,Batería,"Laptop se apaga al desconectar el cargador, batería muerta","Batería en estado crítico. Laptop se apaga al desconectar el cargador, batería muerta. Retirar si está inflada por riesgo de seguridad.",Crítica,Retirar batería inmediatamente por seguridad (inflamación). Usar solo con cargador.,En diagnóstico,36.9,13.5
2178,Computadora,Acer,Aspire XC,Workstation,Puertos,"Puerto de carga USB-C no funciona, PD dañado","Diagnóstico general: Puerto de carga USB-C no funciona, PD dañado. Se requiere revisión técnica especializada.",Baja,Usar puerto alternativo. Monitorear funcionamiento del puerto afectado.,Reparable,140.36,1.0
2179,Laptop,Huawei,MateBook 14s,Empresarial,Motherboard,Circuito de protección de sobretensión activado permanentemente,Diagnóstico general: Circuito de protección de sobretensión activado permanentemente. Se requiere revisión técnica especializada.,Crítica,Reemplazo de placa madre. Evaluar costo vs equipo nuevo. Rescatar componentes reutilizables.,Fuera de servicio,315.53,19.4
2180,Computadora,Custom/Genérica,PC Oficina i5-12400,All-in-One,RAM,Memoria insufficient al abrir aplicaciones pesadas,Diagnóstico general: Memoria insufficient al abrir aplicaciones pesadas. Se requiere revisión técnica especializada.,Baja,Ejecutar diagnóstico de memoria extendido. Monitorear en próximos días.,En diagnóstico,91.58,2.8
2181,Tablet,ASUS,ROG Flow Z13,Educacional,Batería,"Laptop se apaga al desconectar el cargador, batería muerta","Problema de energía de batería. Laptop se apaga al desconectar el cargador, batería muerta. Evaluar seguridad de uso continuo.",Crítica,Retirar batería inmediatamente por seguridad (inflamación). Usar solo con cargador.,En diagnóstico,36.46,4.9
2182,Computadora,Huawei,MateStation S,Workstation,Pantalla,"Pantalla táctil con calibración desviada, toques imprecisos","Pantalla defectuosa. Pantalla táctil con calibración desviada, toques imprecisos. Inspeccionar conexiones y testear con pantalla externa.",Alta,Reemplazar panel o componente de backlight. Cotizar reparación vs equipo nuevo.,Requiere reemplazo de componente,127.43,4.1
2183,Laptop,MSI,Cyborg 15,Económica,Ventilación,"Ventilador no arranca al encender, motor quemado","Diagnóstico general: Ventilador no arranca al encender, motor quemado. Se requiere revisión técnica especializada.",Media,Limpieza de polvo con aire comprimido. Verificar RPM del ventilador.,Garantía vigente,26.51,7.4
2184,Laptop,Acer,Predator Helios 16,2 en 1,Batería,"Batería se descarga muy rápido, capacidad reducida","Fallo en sistema de alimentación por batería. Batería se descarga muy rápido, capacidad reducida. Reemplazo de batería necesario.",Media,Calibrar batería siguiendo procedimiento del fabricante. Verificar ciclo de carga.,Reparable,44.93,1.1
2185,Laptop,Huawei,MateBook 14s,Económica,Disco Duro/SSD,"Disco lento, tiempos de lectura excesivos y errores SMART","Diagnóstico general: Disco lento, tiempos de lectura excesivos y errores SMART. Se requiere revisión técnica especializada.",Media,Ejecutar CHKDSK y reparación de sectores. Monitorear SMART diariamente.,En diagnóstico,82.9,4.3
2186,Tablet,ASUS,ROG Flow Z13,Profesional,Audio,"Zumbido constante en altavoces, filtrado de ruido eléctrico","Diagnóstico general: Zumbido constante en altavoces, filtrado de ruido eléctrico. Se requiere revisión técnica especializada.",Crítica,Reemplazo de codec de audio o usar tarjeta de sonido USB externa.,Requiere reemplazo de componente,72.93,17.9
2187,Tablet,Xiaomi,Pad 6 Pro,Económica,Disco Duro/SSD,Error de formato al intentar reparar disco,Diagnóstico general: Error de formato al intentar reparar disco. Se requiere revisión técnica especializada.,Alta,Respaldar datos y reemplazar disco. Ejecutar recuperación con herramientas especializadas.,Requiere reemplazo de componente,187.31,6.5
2188,Laptop,Acer,TravelMate P2,Gaming,Audio,Controlador de audio Realtek no instala correctamente,Problema de sonido. Controlador de audio Realtek no instala correctamente. Probar con auriculares para descartar altavoces.,Media,Limpiar jack de audio. Verificar configuración de dispositivos de sonido.,En diagnóstico,69.98,6.2
2189,Laptop,MSI,Raider GE78,Premium,RAM,Error BAD_POOL_HEADER por corrupción de pool de memoria,Diagnóstico general: Error BAD_POOL_HEADER por corrupción de pool de memoria. Se requiere revisión técnica especializada.,Alta,Reemplazar módulo RAM dañado. Probar con módulo nuevo en slot afectado.,Reparable,34.94,18.6
2190,Laptop,MSI,Bravo 15,Chromebook,Batería,"Advertencia de batería genuina, chip de autenticación dañado","Batería en estado crítico. Advertencia de batería genuina, chip de autenticación dañado. Retirar si está inflada por riesgo de seguridad.",Media,Calibrar batería siguiendo procedimiento del fabricante. Verificar ciclo de carga.,Reparable,46.72,4.9
2191,Laptop,ASUS,ExpertBook B5,Chromebook,Teclado,"Tecla se queda presionada, contacto pegajoso","Diagnóstico general: Tecla se queda presionada, contacto pegajoso. Se requiere revisión técnica especializada.",Media,Limpiar contacto de teclas afectadas. Verificar flex de conexión.,En diagnóstico,66.18,1.9
2192,Tablet,ASUS,ZenPad Z8s,Económica,GPU,"Cuelgues al usar aplicaciones 3D, GPU sobrecalentada","GPU con errores. Cuelgues al usar aplicaciones 3D, GPU sobrecalentada. Probar con drivers limpios usando DDU.",Alta,Reflow o reball de GPU. Reemplazar pasta térmica. Verificar alimentación.,En diagnóstico,216.51,11.4
2193,Laptop,Toshiba,Satellite Pro R50,Gaming,Motherboard,"Filtro de EMI dañado, interferencia en audio/video","Diagnóstico: Circuito de audio defectuoso. Filtro de EMI dañado, interferencia en audio/video. Verificar codec de audio y conexiones.",Media,Reparar pista o componente específico. Verificar todos los circuitos de alimentación.,Reparable,207.0,4.5
2194,Laptop,Dell,Latitude 5540,Económica,Disco Duro/SSD,Disco con Bad Blocks en zona crítica del sistema,Diagnóstico general: Disco con Bad Blocks en zona crítica del sistema. Se requiere revisión técnica especializada.,Media,Ejecutar CHKDSK y reparación de sectores. Monitorear SMART diariamente.,Reparable,246.52,7.0
2195,Tablet,Microsoft,Surface Go 3,Estándar,Pantalla,"Pantalla con dead zones, zonas que no responden al tacto","Display con defecto. Pantalla con dead zones, zonas que no responden al tacto. Reemplazo de panel recomendado si costo es viable.",Alta,Reemplazar panel o componente de backlight. Cotizar reparación vs equipo nuevo.,Reparable,154.15,5.0
2196,Computadora,Acer,Aspire XC,Mini PC,Fuente de Poder,Ruido de bobina en fuente bajo carga pesada,Diagnóstico general: Ruido de bobina en fuente bajo carga pesada. Se requiere revisión técnica especializada.,Baja,Monitorear voltajes. Considerar reemplazo preventivo.,Garantía vigente,167.96,2.1
2197,Laptop,ASUS,TUF Gaming A15,Empresarial,Conectividad,"WiFi no enciende, switch físico o función FN dañada","Diagnóstico general: WiFi no enciende, switch físico o función FN dañada. Se requiere revisión técnica especializada.",Alta,Reinstalar drivers. Verificar antenas internas. Reemplazar módulo M.2 si aplica.,Requiere reemplazo de componente,92.28,9.0
2198,Laptop,Huawei,MateBook D15,Gaming,Disco Duro/SSD,"SSD M.2 no hace contacto, slot dañado","Diagnóstico general: SSD M.2 no hace contacto, slot dañado. Se requiere revisión técnica especializada.",Media,Ejecutar CHKDSK y reparación de sectores. Monitorear SMART diariamente.,Reparable,87.09,2.4
2199,Laptop,Samsung,Galaxy Book3 Ultra,Gaming,Disco Duro/SSD,SSD con escritura lenta después de 80% de capacidad,Diagnóstico general: SSD con escritura lenta después de 80% de capacidad. Se requiere revisión técnica especializada.,Media,Ejecutar CHKDSK y reparación de sectores. Monitorear SMART diariamente.,Garantía vigente,209.37,7.7
2200,Tablet,Microsoft,Surface Pro 10,Gaming,RAM,Error MEMORY_READ_EXCEPTION en tareas pesadas,Diagnóstico general: Error MEMORY_READ_EXCEPTION en tareas pesadas. Se requiere revisión técnica especializada.,Alta,Reemplazar módulo RAM dañado. Probar con módulo nuevo en slot afectado.,En diagnóstico,72.44,13.0
2201,Tablet,Huawei,MatePad 11.5 S,Profesional,Batería,"Batería inflada, deformación visible del chasis","Problema de energía de batería. Batería inflada, deformación visible del chasis. Evaluar seguridad de uso continuo.",Alta,Reemplazar batería con original de fabricante. No usar baterías genéricas.,Requiere reemplazo de componente,84.27,21.7
2202,Computadora,Lenovo,Legion Tower 5i,Mini PC,BIOS,"BIOS no detecta RAM nueva, módulos no compatibles","Problema de configuración BIOS. BIOS no detecta RAM nueva, módulos no compatibles. Solución: Reset de configuración y actualización de firmware.",Media,Reset de CMOS y reconfiguración de BIOS. Actualizar a última versión estable.,En diagnóstico,79.19,2.3
2203,Laptop,Lenovo,ThinkPad T14,2 en 1,Disco Duro/SSD,"SSD con vida útil agotada, escrituras fallidas","Diagnóstico general: SSD con vida útil agotada, escrituras fallidas. Se requiere revisión técnica especializada.",Alta,Respaldar datos y reemplazar disco. Ejecutar recuperación con herramientas especializadas.,Requiere reemplazo de componente,160.11,21.7
2204,Computadora,Acer,Predator Orion 3000,Micro,Sistema Operativo,"Pantalla azul al iniciar, controlador incompatible","Problema de display detectado. Pantalla azul al iniciar, controlador incompatible. Evaluar reemplazo de panel o componentes asociados.",Media,Restaurar sistema a punto anterior. Eliminar software problemático.,Reparable,20.68,2.1
2205,Tablet,Samsung,Galaxy Tab A8,Estándar,RAM,"RAM sobrecalentada, thermal throttling frecuente","Problema de memoria. RAM sobrecalentada, thermal throttling frecuente. Revisar slots y limpieza de contactos con alcohol isopropílico.",Crítica,Reemplazo inmediato de módulo RAM defectuoso. Verificar compatibilidad con placa madre.,En diagnóstico,94.98,38.1
2206,Tablet,ASUS,ZenPad Z8s,Profesional,Batería,Batería se calienta excesivamente durante la carga,Batería degradada. Batería se calienta excesivamente durante la carga. Verificar con diagnóstico de fabricante.,Alta,Reemplazar batería con original de fabricante. No usar baterías genéricas.,Reparable,94.67,4.8
2207,Laptop,HP,Pavilion 15,Ultrabook,Sistema Operativo,"Kernel panic en macOS, extensión incompatible","Diagnóstico general: Kernel panic en macOS, extensión incompatible. Se requiere revisión técnica especializada.",Baja,Actualizar Windows/macOS. Ejecutar Windows Update y reparación de archivos.,En diagnóstico,73.05,2.7
2208,Computadora,Gigabyte,B550 Vision D,All-in-One,Teclado,"Fn keys no funcionan, controlador ACPI dañado","Diagnóstico general: Fn keys no funcionan, controlador ACPI dañado. Se requiere revisión técnica especializada.",Alta,Reemplazar teclado completo. Verificar si hay daño adicional por líquido.,Reparable,139.0,4.2
2209,Laptop,Toshiba,Dynabook E10,Económica,Motherboard,"PCIe slot dañado, tarjeta gráfica no detectada","Diagnóstico general: PCIe slot dañado, tarjeta gráfica no detectada. Se requiere revisión técnica especializada.",Media,Reparar pista o componente específico. Verificar todos los circuitos de alimentación.,En diagnóstico,381.24,2.5
2210,Computadora,Lenovo,IdeaCentre AIO 3,Torre,RAM,"Fallo intermitente en slot de RAM, módulo no hace contacto","Error de memoria RAM. Fallo intermitente en slot de RAM, módulo no hace contacto. Verificar compatibilidad y velocidad de módulos.",Media,Limpiar contactos con alcohol isopropílico. Reubicar módulos en slots diferentes.,En diagnóstico,73.65,6.9
2211,Laptop,Lenovo,Legion 5,Económica,Batería,"Batería se descarga muy rápido, capacidad reducida","Batería degradada. Batería se descarga muy rápido, capacidad reducida. Verificar con diagnóstico de fabricante.",Baja,Reemplazar batería cuando sea conveniente. Funciona con limitaciones.,En diagnóstico,66.71,2.0
2212,Laptop,Lenovo,Legion Pro 7,Empresarial,Audio,Controlador de audio Realtek no instala correctamente,Audio no funcional. Controlador de audio Realtek no instala correctamente. Reinstalar drivers Realtek/AMD y verificar servicios de audio.,Crítica,Reemplazo de codec de audio o usar tarjeta de sonido USB externa.,Fuera de servicio,114.46,16.7
2213,Laptop,Lenovo,ThinkPad T14,Ultrabook,Teclado,"Teclado escribe caracteres incorrectos, layout mal configurado","Diagnóstico: Teclado defectuoso. Teclado escribe caracteres incorrectos, layout mal configurado. Reemplazo del conjunto recomendado.",Media,Limpiar contacto de teclas afectadas. Verificar flex de conexión.,Garantía vigente,53.03,2.8
2214,Tablet,Lenovo,Tab M8,Educacional,Conectividad,"WiFi muestra redes pero no conecta, error de autenticación","Diagnóstico general: WiFi muestra redes pero no conecta, error de autenticación. Se requiere revisión técnica especializada.",Alta,Reinstalar drivers. Verificar antenas internas. Reemplazar módulo M.2 si aplica.,En diagnóstico,17.15,5.0
2215,Computadora,HP,Pavilion Desktop,Workstation,RAM,RAM no se inicializa al arrancar en frío,Problema de memoria. RAM no se inicializa al arrancar en frío. Revisar slots y limpieza de contactos con alcohol isopropílico.,Media,Limpiar contactos con alcohol isopropílico. Reubicar módulos en slots diferentes.,En diagnóstico,25.5,7.8
2216,Laptop,ASUS,Chromebook CX1,Premium,Sistema Operativo,Sistema no entra en modo hibernación correctamente,Diagnóstico general: Sistema no entra en modo hibernación correctamente. Se requiere revisión técnica especializada.,Baja,Actualizar Windows/macOS. Ejecutar Windows Update y reparación de archivos.,Garantía vigente,47.21,0.9
2217,Computadora,HP,OMEN 25L,Micro,Pantalla,"Pantalla con bandas de color, conexión LVDS dañada","Fallo en sistema de visualización. Pantalla con bandas de color, conexión LVDS dañada. Verificar cable flex y controlador de backlight.",Alta,Reemplazar panel o componente de backlight. Cotizar reparación vs equipo nuevo.,Requiere reemplazo de componente,201.7,6.0
2218,Laptop,Huawei,MateBook D15,Premium,BIOS,"BIOS no detecta RAM nueva, módulos no compatibles","Problema de configuración BIOS. BIOS no detecta RAM nueva, módulos no compatibles. Solución: Reset de configuración y actualización de firmware.",Baja,Actualizar BIOS a la última versión disponible. Reemplazar batería CMOS si es necesario.,En diagnóstico,50.58,3.0
2219,Tablet,Apple,iPad mini 6,2 en 1,RAM,"Sistema lento, RAM al 100% con pocas aplicaciones abiertas","Fallo de memoria detectado. Sistema lento, RAM al 100% con pocas aplicaciones abiertas. Se recomienda reemplazar módulo defectuoso.",Crítica,Reemplazo inmediato de módulo RAM defectuoso. Verificar compatibilidad con placa madre.,Requiere reemplazo de componente,30.61,33.7
2220,Computadora,HP,EliteDesk Mini,Gaming,Disco Duro/SSD,"Disco duro no gira, motor spindle fallido","Diagnóstico general: Disco duro no gira, motor spindle fallido. Se requiere revisión técnica especializada.",Alta,Respaldar datos y reemplazar disco. Ejecutar recuperación con herramientas especializadas.,En diagnóstico,189.32,14.7
2221,Computadora,Dell,XPS Desktop 8960,Micro,GPU,"Cuelgues al usar aplicaciones 3D, GPU sobrecalentada","GPU con errores. Cuelgues al usar aplicaciones 3D, GPU sobrecalentada. Probar con drivers limpios usando DDU.",Baja,Actualizar drivers de GPU. Ajustar configuración de rendimiento.,Reparable,220.89,1.4
2222,Computadora,Apple,Mac Pro 2023,Micro,Disco Duro/SSD,"Pantalla azul UNMOUNTABLE_BOOT_VOLUME, disco corrupto","Fallo en sistema de visualización. Pantalla azul UNMOUNTABLE_BOOT_VOLUME, disco corrupto. Verificar cable flex y controlador de backlight.",Alta,Respaldar datos y reemplazar disco. Ejecutar recuperación con herramientas especializadas.,En diagnóstico,92.6,7.5
2223,Laptop,Samsung,Galaxy Book2 360,Gaming,Motherboard,Conector de pantalla dañado en motherboard de laptop,Fallo en placa madre. Conector de pantalla dañado en motherboard de laptop. Evaluar viabilidad de reparación vs reemplazo.,Alta,Reparación especializada de microsoldadura. Reemplazar componentes SMD dañados.,En diagnóstico,354.91,7.4
2224,Computadora,MSI,Cubi 5,Workstation,BIOS,"Error de microcódigo en BIOS, CPU no inicializa correctamente","Diagnóstico: Corrupción de BIOS. Error de microcódigo en BIOS, CPU no inicializa correctamente. Procedimiento: Reflashing con método de recuperación del fabricante.",Baja,Actualizar BIOS a la última versión disponible. Reemplazar batería CMOS si es necesario.,En diagnóstico,56.42,3.0
2225,Laptop,Acer,Swift X,2 en 1,Motherboard,CMOS battery connector roto en motherboard,Fallo en placa madre. CMOS battery connector roto en motherboard. Evaluar viabilidad de reparación vs reemplazo.,Crítica,Reemplazo de placa madre. Evaluar costo vs equipo nuevo. Rescatar componentes reutilizables.,Requiere reemplazo de componente,402.05,40.5
2226,Laptop,MSI,Bravo 15,Económica,Puertos,"Puerto Thunderbolt no funciona, controlador dañado","Diagnóstico general: Puerto Thunderbolt no funciona, controlador dañado. Se requiere revisión técnica especializada.",Baja,Usar puerto alternativo. Monitorear funcionamiento del puerto afectado.,En diagnóstico,45.31,1.0
2227,Tablet,ASUS,Chromebook Detachable CZ1,Educacional,Disco Duro/SSD,Error de formato al intentar reparar disco,Diagnóstico general: Error de formato al intentar reparar disco. Se requiere revisión técnica especializada.,Media,Ejecutar CHKDSK y reparación de sectores. Monitorear SMART diariamente.,Garantía vigente,177.7,1.5
2228,Laptop,Dell,G15 Gaming,Económica,Disco Duro/SSD,"Sistema no arranca, sector de arranque dañado en disco","Diagnóstico general: Sistema no arranca, sector de arranque dañado en disco. Se requiere revisión técnica especializada.",Crítica,Clonar disco inmediatamente si es posible. Reemplazo urgente de unidad. Recuperación de datos profesional.,En diagnóstico,141.72,18.4
2229,Tablet,ASUS,Chromebook Detachable CZ1,2 en 1,GPU,"Fan de GPU no gira, temperatura excesiva","Diagnóstico: Tarjeta gráfica defectuosa. Fan de GPU no gira, temperatura excesiva. Testear con FurMark para reproducir fallo.",Media,Reinstalar drivers con DDU. Verificar temperatura y ventilación de GPU.,Reparable,180.32,2.3
2230,Laptop,Lenovo,ThinkPad E14,Empresarial,Puertos,"Puerto USB no reconoce dispositivos, controlador dañado","Diagnóstico general: Puerto USB no reconoce dispositivos, controlador dañado. Se requiere revisión técnica especializada.",Media,Limpiar puerto con aire comprimido. Verificar drivers del controlador USB.,Reparable,119.16,5.6
2231,Computadora,Gigabyte,AORUS Model S,SFF,RAM,"BSOD PAGE_FAULT_IN_NONPAGED_AREA, fallo en módulo RAM","Fallo de memoria detectado. BSOD PAGE_FAULT_IN_NONPAGED_AREA, fallo en módulo RAM. Se recomienda reemplazar módulo defectuoso.",Baja,Ejecutar diagnóstico de memoria extendido. Monitorear en próximos días.,En diagnóstico,92.74,3.3
2232,Computadora,Dell,XPS Desktop 8960,SFF,Sistema Operativo,Sistema operativo no encuentra boot manager,Diagnóstico general: Sistema operativo no encuentra boot manager. Se requiere revisión técnica especializada.,Alta,Reparación de arranque con herramientas de recuperación. SFC y DISM.,En diagnóstico,54.89,2.4
2233,Laptop,Huawei,MateBook D15,2 en 1,RAM,"Fallo intermitente en slot de RAM, módulo no hace contacto","Problema de memoria. Fallo intermitente en slot de RAM, módulo no hace contacto. Revisar slots y limpieza de contactos con alcohol isopropílico.",Media,Limpiar contactos con alcohol isopropílico. Reubicar módulos en slots diferentes.,Reparable,93.18,4.9
2234,Computadora,HP,EliteDesk Mini,Workstation,BIOS,Incompatibilidad de BIOS con nuevo hardware instalado,Diagnóstico: Corrupción de BIOS. Incompatibilidad de BIOS con nuevo hardware instalado. Procedimiento: Reflashing con método de recuperación del fabricante.,Media,Reset de CMOS y reconfiguración de BIOS. Actualizar a última versión estable.,Reparable,99.53,4.7
2235,Laptop,Toshiba,Satellite C55,Chromebook,GPU,"Artefactos gráficos en pantalla, memoria VRAM dañada","Problema de memoria. Artefactos gráficos en pantalla, memoria VRAM dañada. Revisar slots y limpieza de contactos con alcohol isopropílico.",Alta,Reflow o reball de GPU. Reemplazar pasta térmica. Verificar alimentación.,Requiere reemplazo de componente,428.06,7.2
2236,Tablet,ASUS,ROG Flow Z13,2 en 1,RAM,Pantalla azul MEMORY_MANAGEMENT al usar múltiples aplicaciones,Pantalla defectuosa. Pantalla azul MEMORY_MANAGEMENT al usar múltiples aplicaciones. Inspeccionar conexiones y testear con pantalla externa.,Alta,Reemplazar módulo RAM dañado. Probar con módulo nuevo en slot afectado.,En diagnóstico,105.08,7.9
2237,Computadora,Apple,iMac 24 M3,All-in-One,GPU,"Cuelgues al usar aplicaciones 3D, GPU sobrecalentada","GPU con errores. Cuelgues al usar aplicaciones 3D, GPU sobrecalentada. Probar con drivers limpios usando DDU.",Baja,Actualizar drivers de GPU. Ajustar configuración de rendimiento.,Reparable,496.41,1.2
2238,Laptop,MSI,Creator Z16,Gaming,Ventilación,"CPU se sobrecalienta, ventilador no gira","Diagnóstico general: CPU se sobrecalienta, ventilador no gira. Se requiere revisión técnica especializada.",Crítica,Reemplazar disipador y ventilador. Reaplicar pasta térmica de calidad. Limpieza completa.,Fuera de servicio,36.05,40.4
2239,Laptop,Apple,MacBook Pro 13 M2,Ultrabook,Pantalla,"Bisagra rota daña cable de pantalla, imagen se corta","Pantalla defectuosa. Bisagra rota daña cable de pantalla, imagen se corta. Inspeccionar conexiones y testear con pantalla externa.",Media,Reemplazar cable flex o inverter. Verificar conexión al motherboard.,En diagnóstico,110.08,6.5
2240,Laptop,Dell,Inspiron 16 5000,Económica,Motherboard,Motherboard no entra en suspensión correctamente,Problema en circuito de motherboard. Motherboard no entra en suspensión correctamente. Medir voltajes en puntos de test para localizar falla.,Alta,Reparación especializada de microsoldadura. Reemplazar componentes SMD dañados.,Requiere reemplazo de componente,458.56,20.0
2241,Computadora,ASUS,ProArt Station PD5,Micro,Batería,Sistema entra en hibernación repentino por batería,Problema de energía de batería. Sistema entra en hibernación repentino por batería. Evaluar seguridad de uso continuo.,Crítica,Retirar batería inmediatamente por seguridad (inflamación). Usar solo con cargador.,En diagnóstico,80.09,23.2
2242,Laptop,HP,Stream 14,2 en 1,Disco Duro/SSD,"Pantalla azul UNMOUNTABLE_BOOT_VOLUME, disco corrupto","Fallo en sistema de visualización. Pantalla azul UNMOUNTABLE_BOOT_VOLUME, disco corrupto. Verificar cable flex y controlador de backlight.",Baja,Ejecutar optimización de disco. Liberar espacio en SSD para mejorar rendimiento.,Reparable,249.54,0.7
2243,Tablet,Amazon,Fire 7,2 en 1,Motherboard,"VRM de motherboard sobrecalentado, throttling severo","Problema en circuito de motherboard. VRM de motherboard sobrecalentado, throttling severo. Medir voltajes en puntos de test para localizar falla.",Media,Reparar pista o componente específico. Verificar todos los circuitos de alimentación.,Garantía vigente,174.54,4.2
2244,Computadora,Dell,Alienware Aurora R16,Torre,Motherboard,"Puerto de carga dañado, motherboard no recibe energía","Fallo en placa madre. Puerto de carga dañado, motherboard no recibe energía. Evaluar viabilidad de reparación vs reemplazo.",Alta,Reparación especializada de microsoldadura. Reemplazar componentes SMD dañados.,Requiere reemplazo de componente,473.1,15.1
2245,Laptop,Lenovo,ThinkPad E14,Ultrabook,GPU,"Cuelgues al usar aplicaciones 3D, GPU sobrecalentada","Diagnóstico: Tarjeta gráfica defectuosa. Cuelgues al usar aplicaciones 3D, GPU sobrecalentada. Testear con FurMark para reproducir fallo.",Media,Reinstalar drivers con DDU. Verificar temperatura y ventilación de GPU.,En diagnóstico,181.67,1.4
2246,Tablet,Lenovo,Tab P11 Pro,eReader,Batería,Porcentaje de batería salta de 30% a 5% sin aviso,Fallo en sistema de alimentación por batería. Porcentaje de batería salta de 30% a 5% sin aviso. Reemplazo de batería necesario.,Media,Calibrar batería siguiendo procedimiento del fabricante. Verificar ciclo de carga.,En diagnóstico,42.31,1.6
2247,Laptop,Lenovo,Legion 5,2 en 1,Teclado,"Varias teclas no funcionan, daño por líquido derramado","Error de memoria RAM. Varias teclas no funcionan, daño por líquido derramado. Verificar compatibilidad y velocidad de módulos.",Alta,Reemplazar teclado completo. Verificar si hay daño adicional por líquido.,En diagnóstico,140.84,3.3
2248,Computadora,MSI,Infinite RS 13th,SFF,Motherboard,BIOS chip dañado físicamente en la motherboard,Diagnóstico: Corrupción de BIOS. BIOS chip dañado físicamente en la motherboard. Procedimiento: Reflashing con método de recuperación del fabricante.,Crítica,Reemplazo de placa madre. Evaluar costo vs equipo nuevo. Rescatar componentes reutilizables.,Fuera de servicio,297.13,4.7
2249,Computadora,Gigabyte,Aero D1 Desktop,SFF,Conectividad,"Interferencia WiFi por tarjeta gráfica, antena mal posicionada","Diagnóstico general: Interferencia WiFi por tarjeta gráfica, antena mal posicionada. Se requiere revisión técnica especializada.",Media,Actualizar drivers y firmware. Verificar configuración de red.,Garantía vigente,93.38,7.6
2250,Laptop,Acer,Predator Helios 16,Premium,GPU,"Cuelgues al usar aplicaciones 3D, GPU sobrecalentada","Diagnóstico: Tarjeta gráfica defectuosa. Cuelgues al usar aplicaciones 3D, GPU sobrecalentada. Testear con FurMark para reproducir fallo.",Crítica,"Reemplazo de GPU dedicada. Si es integrada, reemplazo de motherboard.",Fuera de servicio,532.53,9.5
2251,Computadora,ASUS,ProArt Station PD5,Servidor,Conectividad,"Bluetooth no empareja dispositivos, stack dañado","Diagnóstico general: Bluetooth no empareja dispositivos, stack dañado. Se requiere revisión técnica especializada.",Baja,Resetear adaptador de red. Olvidar y reconectar redes WiFi.,En diagnóstico,53.0,0.7
2252,Tablet,Lenovo,Tab M8,Económica,Ventilación,Acumulación excesiva de polvo en ventilador y disipador,Diagnóstico general: Acumulación excesiva de polvo en ventilador y disipador. Se requiere revisión técnica especializada.,Crítica,Reemplazar disipador y ventilador. Reaplicar pasta térmica de calidad. Limpieza completa.,En diagnóstico,59.04,23.9
2253,Computadora,Lenovo,ThinkCentre M90q,All-in-One,Ventilación,"Pasta térmica seca, temperatura CPU sobre 95°C","Diagnóstico general: Pasta térmica seca, temperatura CPU sobre 95°C. Se requiere revisión técnica especializada.",Alta,Limpiar obstrucciones y reaplicar pasta térmica. Verificar heat pipes.,Reparable,15.45,22.3
2254,Computadora,MSI,Cubi 5,All-in-One,GPU,"Error CODE 43 en GPU, Windows deshabilitó el dispositivo","Problema de vídeo por GPU. Error CODE 43 en GPU, Windows deshabilitó el dispositivo. Verificar alimentación PCIe y conectores de poder.",Crítica,"Reemplazo de GPU dedicada. Si es integrada, reemplazo de motherboard.",Requiere reemplazo de componente,129.16,20.2
2255,Laptop,Acer,Aspire 5,Workstation,Motherboard,"Fan header dañado, ventilador no gira","Diagnóstico general: Fan header dañado, ventilador no gira. Se requiere revisión técnica especializada.",Alta,Reparación especializada de microsoldadura. Reemplazar componentes SMD dañados.,Reparable,462.36,7.8
2256,Tablet,Huawei,MatePad 11.5 S,Económica,RAM,"BSOD PAGE_FAULT_IN_NONPAGED_AREA, fallo en módulo RAM","Fallo de memoria detectado. BSOD PAGE_FAULT_IN_NONPAGED_AREA, fallo en módulo RAM. Se recomienda reemplazar módulo defectuoso.",Baja,Ejecutar diagnóstico de memoria extendido. Monitorear en próximos días.,En diagnóstico,94.6,2.9
2257,Laptop,Samsung,Galaxy Book3 Ultra,Económica,Disco Duro/SSD,"Disco con latencia alta, sectores lentos detectados","Diagnóstico general: Disco con latencia alta, sectores lentos detectados. Se requiere revisión técnica especializada.",Crítica,Clonar disco inmediatamente si es posible. Reemplazo urgente de unidad. Recuperación de datos profesional.,Requiere reemplazo de componente,200.72,6.6
2258,Computadora,Lenovo,ThinkCentre M90q,Servidor,Conectividad,"Interferencia WiFi por tarjeta gráfica, antena mal posicionada","Diagnóstico general: Interferencia WiFi por tarjeta gráfica, antena mal posicionada. Se requiere revisión técnica especializada.",Baja,Resetear adaptador de red. Olvidar y reconectar redes WiFi.,Garantía vigente,17.76,3.7
2259,Computadora,Dell,OptiPlex 7090,Gaming,Puertos,"Puerto de carga suelto, conexión intermitente","Diagnóstico general: Puerto de carga suelto, conexión intermitente. Se requiere revisión técnica especializada.",Alta,Reparar soldadura de puerto dañado. Usar adaptador temporal mientras se repara.,En diagnóstico,96.34,14.7
2260,Computadora,MSI,All-in-One PC AG271,Servidor,Batería,Controlador de carga de batería defectuoso,Diagnóstico: Batería defectuosa. Controlador de carga de batería defectuoso. Reemplazar con batería original certificada.,Crítica,Retirar batería inmediatamente por seguridad (inflamación). Usar solo con cargador.,Fuera de servicio,64.05,25.7
2261,Computadora,Lenovo,ThinkCentre M70q,Workstation,GPU,"Rayos y artefactos en pantalla al iniciar juegos, GPU dañada","Display con defecto. Rayos y artefactos en pantalla al iniciar juegos, GPU dañada. Reemplazo de panel recomendado si costo es viable.",Media,Reinstalar drivers con DDU. Verificar temperatura y ventilación de GPU.,En diagnóstico,583.26,3.0
2262,Laptop,Lenovo,ThinkPad X1 Carbon,2 en 1,Conectividad,"WiFi no enciende, switch físico o función FN dañada","Diagnóstico general: WiFi no enciende, switch físico o función FN dañada. Se requiere revisión técnica especializada.",Crítica,"Reemplazo de módulo WiFi/Bluetooth. Si es integrado, usar adaptador USB.",En diagnóstico,60.92,5.7
2263,Computadora,Acer,Predator Orion 3000,Gaming,Disco Duro/SSD,"Disco duro hace clic repetitivo, fallo mecánico inminente","Diagnóstico general: Disco duro hace clic repetitivo, fallo mecánico inminente. Se requiere revisión técnica especializada.",Baja,Ejecutar optimización de disco. Liberar espacio en SSD para mejorar rendimiento.,En diagnóstico,137.28,1.5
2264,Tablet,Xiaomi,Pad 5 Pro 5G,Gaming,Teclado,"Tecla se queda presionada, contacto pegajoso","Diagnóstico general: Tecla se queda presionada, contacto pegajoso. Se requiere revisión técnica especializada.",Media,Limpiar contacto de teclas afectadas. Verificar flex de conexión.,En diagnóstico,128.45,5.7
2265,Computadora,Gigabyte,Aero D1 Desktop,All-in-One,Disco Duro/SSD,"SSD M.2 no hace contacto, slot dañado","Diagnóstico general: SSD M.2 no hace contacto, slot dañado. Se requiere revisión técnica especializada.",Alta,Respaldar datos y reemplazar disco. Ejecutar recuperación con herramientas especializadas.,En diagnóstico,217.37,5.7
2266,Computadora,Lenovo,ThinkCentre M70q,SFF,Disco Duro/SSD,SMART warning: Reallocated Sector Count excedido,Diagnóstico general: SMART warning: Reallocated Sector Count excedido. Se requiere revisión técnica especializada.,Media,Ejecutar CHKDSK y reparación de sectores. Monitorear SMART diariamente.,Garantía vigente,222.82,6.3
2267,Laptop,Samsung,Galaxy Book2 Pro,Empresarial,Fuente de Poder,Fuente no suministra suficiente energía a GPU dedicada,Diagnóstico: Tarjeta gráfica defectuosa. Fuente no suministra suficiente energía a GPU dedicada. Testear con FurMark para reproducir fallo.,Alta,Reemplazar fuente con certificación adecuada. Verificar potencia necesaria.,En diagnóstico,89.19,20.6
2268,Laptop,Samsung,Galaxy Book3 Ultra,2 en 1,Audio,"Audio funciona solo con auriculares, switch de jack atascado","Sistema de audio dañado. Audio funciona solo con auriculares, switch de jack atascado. Si es hardware, evaluar placa de audio USB como alternativa.",Baja,Actualizar drivers de audio. Verificar configuración de volumen y dispositivos.,Reparable,89.93,0.7
2269,Computadora,Apple,Mac Studio M2 Max,Gaming,Teclado,"Varias teclas no funcionan, daño por líquido derramado","Error de memoria RAM. Varias teclas no funcionan, daño por líquido derramado. Verificar compatibilidad y velocidad de módulos.",Media,Limpiar contacto de teclas afectadas. Verificar flex de conexión.,En diagnóstico,127.86,1.7
2270,Tablet,Samsung,Galaxy Tab S7 FE,Estándar,Pantalla,"Pantalla con manchas oscuras, daño por presión","Diagnóstico: Panel o componentes de pantalla dañados. Pantalla con manchas oscuras, daño por presión. Probar con monitor externo para descartar GPU.",Alta,Reemplazar panel o componente de backlight. Cotizar reparación vs equipo nuevo.,En diagnóstico,122.88,10.1
2271,Tablet,Samsung,Galaxy Tab S9 Ultra,Profesional,Pantalla,"Resolución atascada en modo seguro, driver de pantalla corrupto","Display con defecto. Resolución atascada en modo seguro, driver de pantalla corrupto. Reemplazo de panel recomendado si costo es viable.",Media,Reemplazar cable flex o inverter. Verificar conexión al motherboard.,En diagnóstico,314.52,2.1
2272,Computadora,Dell,Alienware Aurora R16,SFF,Disco Duro/SSD,"SSD con firmware corrupto, no monta partición","Diagnóstico general: SSD con firmware corrupto, no monta partición. Se requiere revisión técnica especializada.",Baja,Ejecutar optimización de disco. Liberar espacio en SSD para mejorar rendimiento.,Reparable,196.35,3.6
2273,Tablet,ASUS,ROG Flow Z13,2 en 1,Ventilación,"Sistema hace throttle térmico, disipador obstruido","Diagnóstico general: Sistema hace throttle térmico, disipador obstruido. Se requiere revisión técnica especializada.",Alta,Limpiar obstrucciones y reaplicar pasta térmica. Verificar heat pipes.,En diagnóstico,72.77,13.3
2274,Laptop,Apple,MacBook Pro 16 M3 Pro,Gaming,Puertos,"Múltiples puertos USB no funcionan, hub interno dañado","Puerto no funcional. Múltiples puertos USB no funcionan, hub interno dañado. Si es USB-C, verificar controlador PD y retractor.",Media,Limpiar puerto con aire comprimido. Verificar drivers del controlador USB.,Garantía vigente,109.14,4.0
2275,Tablet,ASUS,ROG Flow Z13,Educacional,Batería,"Laptop se apaga al desconectar el cargador, batería muerta","Batería degradada. Laptop se apaga al desconectar el cargador, batería muerta. Verificar con diagnóstico de fabricante.",Baja,Reemplazar batería cuando sea conveniente. Funciona con limitaciones.,Reparable,85.63,0.7
2276,Computadora,Lenovo,ThinkStation P350,SFF,RAM,"BSOD PAGE_FAULT_IN_NONPAGED_AREA, fallo en módulo RAM","Diagnóstico: Memoria RAM con errores. BSOD PAGE_FAULT_IN_NONPAGED_AREA, fallo en módulo RAM. Ejecutar MemTest86 para confirmar sector dañado.",Media,Limpiar contactos con alcohol isopropílico. Reubicar módulos en slots diferentes.,En diagnóstico,119.12,7.3
2277,Computadora,Custom/Genérica,PC Gamer RTX 3060,Torre,Puertos,"Puerto USB no reconoce dispositivos, controlador dañado","Diagnóstico general: Puerto USB no reconoce dispositivos, controlador dañado. Se requiere revisión técnica especializada.",Crítica,Reemplazo de placa de puertos o motherboard. Daño irreparable en múltiples puertos.,Fuera de servicio,88.48,6.9
2278,Tablet,Amazon,Fire 7,Económica,Ventilación,"Pasta térmica seca, temperatura CPU sobre 95°C","Diagnóstico general: Pasta térmica seca, temperatura CPU sobre 95°C. Se requiere revisión técnica especializada.",Alta,Limpiar obstrucciones y reaplicar pasta térmica. Verificar heat pipes.,En diagnóstico,61.02,3.0
2279,Laptop,Samsung,Galaxy Book2 Pro,Premium,Ventilación,"Sistema hace throttle térmico, disipador obstruido","Diagnóstico general: Sistema hace throttle térmico, disipador obstruido. Se requiere revisión técnica especializada.",Media,Limpieza de polvo con aire comprimido. Verificar RPM del ventilador.,Garantía vigente,78.87,1.2
2280,Tablet,Lenovo,Tab M8,Gaming,Ventilación,"Ventilador no arranca al encender, motor quemado","Diagnóstico general: Ventilador no arranca al encender, motor quemado. Se requiere revisión técnica especializada.",Crítica,Reemplazar disipador y ventilador. Reaplicar pasta térmica de calidad. Limpieza completa.,En diagnóstico,66.1,6.6
2281,Laptop,HP,Stream 14,Gaming,Batería,Batería no suministra energía suficiente bajo carga,Fallo en sistema de alimentación por batería. Batería no suministra energía suficiente bajo carga. Reemplazo de batería necesario.,Media,Calibrar batería siguiendo procedimiento del fabricante. Verificar ciclo de carga.,En diagnóstico,49.58,6.4
2282,Laptop,MSI,Prestige 14,Workstation,GPU,"Cuelgues al usar aplicaciones 3D, GPU sobrecalentada","GPU con errores. Cuelgues al usar aplicaciones 3D, GPU sobrecalentada. Probar con drivers limpios usando DDU.",Media,Reinstalar drivers con DDU. Verificar temperatura y ventilación de GPU.,En diagnóstico,297.72,3.3
2283,Laptop,Apple,MacBook Pro 13 M2,Empresarial,Motherboard,"Puertos USB traseros no funcionan, controlador I/O dañado","Diagnóstico: Puerto defectuoso. Puertos USB traseros no funcionan, controlador I/O dañado. Inspeccionar pines y soldaduras con lupa.",Alta,Reparación especializada de microsoldadura. Reemplazar componentes SMD dañados.,Reparable,356.11,22.2
2284,Computadora,Apple,Mac Pro 2023,Mini PC,Teclado,"Teclado retroiluminado no enciende, LED defectuoso","Diagnóstico: Teclado defectuoso. Teclado retroiluminado no enciende, LED defectuoso. Reemplazo del conjunto recomendado.",Media,Limpiar contacto de teclas afectadas. Verificar flex de conexión.,Garantía vigente,111.81,5.5
2285,Laptop,Acer,Swift 3,Workstation,Batería,Batería se calienta excesivamente durante la carga,Fallo en sistema de alimentación por batería. Batería se calienta excesivamente durante la carga. Reemplazo de batería necesario.,Media,Calibrar batería siguiendo procedimiento del fabricante. Verificar ciclo de carga.,En diagnóstico,115.05,1.3
2286,Tablet,Xiaomi,Pad 5,Gaming,Batería,"Laptop se apaga al desconectar el cargador, batería muerta","Batería en estado crítico. Laptop se apaga al desconectar el cargador, batería muerta. Retirar si está inflada por riesgo de seguridad.",Media,Calibrar batería siguiendo procedimiento del fabricante. Verificar ciclo de carga.,Reparable,139.14,7.0
2287,Laptop,HP,Stream 14,Empresarial,Sistema Operativo,"Servicio de Windows no inicia, dependencia rota","Diagnóstico general: Servicio de Windows no inicia, dependencia rota. Se requiere revisión técnica especializada.",Crítica,Reinstalación limpia del sistema operativo. Backup completo de datos primero.,Fuera de servicio,6.05,13.7
2288,Tablet,Amazon,Fire 7,Educacional,RAM,Memoria RAM causa artefactos visuales en pantalla,Fallo de memoria detectado. Memoria RAM causa artefactos visuales en pantalla. Se recomienda reemplazar módulo defectuoso.,Crítica,Reemplazo inmediato de módulo RAM defectuoso. Verificar compatibilidad con placa madre.,Requiere reemplazo de componente,99.78,23.5
2289,Laptop,Apple,MacBook Air M2,Gaming,Fuente de Poder,"Fuente de poder no enciende, ventilador sin movimiento","Diagnóstico general: Fuente de poder no enciende, ventilador sin movimiento. Se requiere revisión técnica especializada.",Crítica,Reemplazo inmediato de fuente. No intentar reparar por riesgo eléctrico.,Requiere reemplazo de componente,178.08,41.4
2290,Laptop,Acer,Predator Helios 16,Ultrabook,Pantalla,"Pantalla con dead zones, zonas que no responden al tacto","Diagnóstico: Panel o componentes de pantalla dañados. Pantalla con dead zones, zonas que no responden al tacto. Probar con monitor externo para descartar GPU.",Media,Reemplazar cable flex o inverter. Verificar conexión al motherboard.,En diagnóstico,303.26,3.8
2291,Computadora,Huawei,MateStation X,All-in-One,Disco Duro/SSD,"SSD con firmware corrupto, no monta partición","Diagnóstico general: SSD con firmware corrupto, no monta partición. Se requiere revisión técnica especializada.",Media,Ejecutar CHKDSK y reparación de sectores. Monitorear SMART diariamente.,Reparable,192.25,5.3
2292,Laptop,HP,EliteBook 650,Ultrabook,Disco Duro/SSD,"SSD M.2 no hace contacto, slot dañado","Diagnóstico general: SSD M.2 no hace contacto, slot dañado. Se requiere revisión técnica especializada.",Media,Ejecutar CHKDSK y reparación de sectores. Monitorear SMART diariamente.,Garantía vigente,52.03,3.8
2293,Tablet,Huawei,MatePad Pro 12.6,eReader,Batería,"Batería con celda dañada, voltaje desequilibrado","Batería degradada. Batería con celda dañada, voltaje desequilibrado. Verificar con diagnóstico de fabricante.",Alta,Reemplazar batería con original de fabricante. No usar baterías genéricas.,Reparable,53.43,18.0
2294,Computadora,Custom/Genérica,PC Workstation Xeon,Mini PC,BIOS,BIOS legacy no soporta arranque UEFI,Se requiere flashear la BIOS para restaurar funcionalidad. BIOS legacy no soporta arranque UEFI,Media,Reset de CMOS y reconfiguración de BIOS. Actualizar a última versión estable.,Garantía vigente,109.68,2.0
2295,Laptop,ASUS,ExpertBook B5,Gaming,Motherboard,MOSFET de alimentación del CPU quemado en motherboard,Problema en circuito de motherboard. MOSFET de alimentación del CPU quemado en motherboard. Medir voltajes en puntos de test para localizar falla.,Crítica,Reemplazo de placa madre. Evaluar costo vs equipo nuevo. Rescatar componentes reutilizables.,En diagnóstico,371.09,8.5
2296,Computadora,Apple,iMac 24 M3,Torre,Pantalla,"Pantalla táctil con calibración desviada, toques imprecisos","Pantalla defectuosa. Pantalla táctil con calibración desviada, toques imprecisos. Inspeccionar conexiones y testear con pantalla externa.",Crítica,Reemplazo completo de panel LCD/LED. Verificar disponibilidad de repuesto.,Requiere reemplazo de componente,288.87,35.5
2297,Tablet,Microsoft,Surface Pro 10,Estándar,Disco Duro/SSD,"Disco con latencia alta, sectores lentos detectados","Diagnóstico general: Disco con latencia alta, sectores lentos detectados. Se requiere revisión técnica especializada.",Crítica,Clonar disco inmediatamente si es posible. Reemplazo urgente de unidad. Recuperación de datos profesional.,En diagnóstico,201.71,27.2
2298,Tablet,Amazon,Fire HD 10,eReader,Motherboard,Placa madre con cortocircuito en sección de alimentación,Diagnóstico general: Placa madre con cortocircuito en sección de alimentación. Se requiere revisión técnica especializada.,Alta,Reparación especializada de microsoldadura. Reemplazar componentes SMD dañados.,Requiere reemplazo de componente,182.65,5.3
2299,Laptop,Apple,MacBook Pro 16 M2 Pro,Chromebook,Ventilación,Acumulación excesiva de polvo en ventilador y disipador,Diagnóstico general: Acumulación excesiva de polvo en ventilador y disipador. Se requiere revisión técnica especializada.,Alta,Limpiar obstrucciones y reaplicar pasta térmica. Verificar heat pipes.,Requiere reemplazo de componente,56.04,19.8
2300,Laptop,Dell,XPS 13,Gaming,Motherboard,"Placa no detecta disco SATA, controlador dañado","Diagnóstico general: Placa no detecta disco SATA, controlador dañado. Se requiere revisión técnica especializada.",Media,Reparar pista o componente específico. Verificar todos los circuitos de alimentación.,En diagnóstico,102.43,4.7
2301,Tablet,Huawei,MatePad 11,Profesional,Sistema Operativo,Sistema no entra en modo hibernación correctamente,Diagnóstico general: Sistema no entra en modo hibernación correctamente. Se requiere revisión técnica especializada.,Alta,Reparación de arranque con herramientas de recuperación. SFC y DISM.,Requiere reemplazo de componente,46.52,14.5
2302,Computadora,Gigabyte,AORUS Model S,Servidor,Teclado,"Teclado repite caracteres, debounce defectuoso","Diagnóstico: Teclado defectuoso. Teclado repite caracteres, debounce defectuoso. Reemplazo del conjunto recomendado.",Media,Limpiar contacto de teclas afectadas. Verificar flex de conexión.,En diagnóstico,38.2,5.4
2303,Tablet,Lenovo,Tab P12 Pro,Económica,Pantalla,"Flickering solo con batería, regulador de voltaje defectuoso","Diagnóstico: Batería defectuosa. Flickering solo con batería, regulador de voltaje defectuoso. Reemplazar con batería original certificada.",Alta,Reemplazar panel o componente de backlight. Cotizar reparación vs equipo nuevo.,Reparable,190.91,18.4
2304,Laptop,Acer,Aspire 5,Económica,Puertos,"Múltiples puertos USB no funcionan, hub interno dañado","Puerto no funcional. Múltiples puertos USB no funcionan, hub interno dañado. Si es USB-C, verificar controlador PD y retractor.",Media,Limpiar puerto con aire comprimido. Verificar drivers del controlador USB.,Reparable,165.58,6.9
2305,Tablet,Xiaomi,Pad 5,eReader,Disco Duro/SSD,"SSD con firmware corrupto, no monta partición","Diagnóstico general: SSD con firmware corrupto, no monta partición. Se requiere revisión técnica especializada.",Crítica,Clonar disco inmediatamente si es posible. Reemplazo urgente de unidad. Recuperación de datos profesional.,Requiere reemplazo de componente,109.83,16.6
2306,Laptop,Apple,MacBook Pro 16 M2 Pro,Empresarial,Puertos,"Puerto de carga suelto, conexión intermitente","Diagnóstico general: Puerto de carga suelto, conexión intermitente. Se requiere revisión técnica especializada.",Crítica,Reemplazo de placa de puertos o motherboard. Daño irreparable en múltiples puertos.,Requiere reemplazo de componente,161.96,45.2
2307,Tablet,Huawei,MatePad 11,Educacional,Batería,"Laptop se apaga al desconectar el cargador, batería muerta","Batería en estado crítico. Laptop se apaga al desconectar el cargador, batería muerta. Retirar si está inflada por riesgo de seguridad.",Baja,Reemplazar batería cuando sea conveniente. Funciona con limitaciones.,En diagnóstico,144.58,3.7
2308,Computadora,Apple,Mac Pro 2023,All-in-One,Motherboard,Circuito de protección de sobretensión activado permanentemente,Diagnóstico general: Circuito de protección de sobretensión activado permanentemente. Se requiere revisión técnica especializada.,Media,Reparar pista o componente específico. Verificar todos los circuitos de alimentación.,En diagnóstico,184.41,7.0
2309,Computadora,ASUS,ProArt Station PD5,Mini PC,Ventilación,"Ventilador siempre al 100%, sensor de temperatura defectuoso","Diagnóstico general: Ventilador siempre al 100%, sensor de temperatura defectuoso. Se requiere revisión técnica especializada.",Media,Limpieza de polvo con aire comprimido. Verificar RPM del ventilador.,Garantía vigente,58.7,4.7
2310,Laptop,Samsung,Galaxy Book2 360,Empresarial,RAM,RAM no se inicializa al arrancar en frío,Problema de memoria. RAM no se inicializa al arrancar en frío. Revisar slots y limpieza de contactos con alcohol isopropílico.,Alta,Reemplazar módulo RAM dañado. Probar con módulo nuevo en slot afectado.,Reparable,56.7,6.9
2311,Laptop,Apple,MacBook Pro 13 M2,Premium,GPU,"GPU con throttling térmico severo, rendimiento reducido","Fallo en procesador gráfico. GPU con throttling térmico severo, rendimiento reducido. Verificar temperatura y reflow si es BGA.",Alta,Reflow o reball de GPU. Reemplazar pasta térmica. Verificar alimentación.,En diagnóstico,311.46,2.6
2312,Laptop,Huawei,MateBook E Go,2 en 1,Pantalla,"Resolución atascada en modo seguro, driver de pantalla corrupto","Display con defecto. Resolución atascada en modo seguro, driver de pantalla corrupto. Reemplazo de panel recomendado si costo es viable.",Baja,Calibrar pantalla y actualizar driver de vídeo. Ajustar perfil de color.,En diagnóstico,248.58,2.4
2313,Computadora,Gigabyte,AORUS Model S,All-in-One,Ventilación,"Ventilador vibra anormalmente, aspas desbalanceadas","Diagnóstico general: Ventilador vibra anormalmente, aspas desbalanceadas. Se requiere revisión técnica especializada.",Media,Limpieza de polvo con aire comprimido. Verificar RPM del ventilador.,En diagnóstico,23.02,4.0
2314,Laptop,Huawei,MateBook 14s,Económica,Batería,"Batería no carga, indica 0% permanentemente","Batería en estado crítico. Batería no carga, indica 0% permanentemente. Retirar si está inflada por riesgo de seguridad.",Alta,Reemplazar batería con original de fabricante. No usar baterías genéricas.,Requiere reemplazo de componente,109.14,3.8
2315,Laptop,Huawei,MateBook X Pro,Empresarial,Disco Duro/SSD,Error INACCESSIBLE_BOOT_DEVICE al iniciar Windows,Diagnóstico general: Error INACCESSIBLE_BOOT_DEVICE al iniciar Windows. Se requiere revisión técnica especializada.,Alta,Respaldar datos y reemplazar disco. Ejecutar recuperación con herramientas especializadas.,En diagnóstico,152.58,14.1
2316,Laptop,Samsung,Galaxy Book2 Pro,2 en 1,Batería,Porcentaje de batería salta de 30% a 5% sin aviso,Problema de energía de batería. Porcentaje de batería salta de 30% a 5% sin aviso. Evaluar seguridad de uso continuo.,Baja,Reemplazar batería cuando sea conveniente. Funciona con limitaciones.,Garantía vigente,43.52,3.3
2317,Tablet,Xiaomi,Pad 5 Pro 5G,Gaming,Pantalla,"Pantalla con artefactos coloridos, GPU o panel defectuoso","Problema de display detectado. Pantalla con artefactos coloridos, GPU o panel defectuoso. Evaluar reemplazo de panel o componentes asociados.",Crítica,Reemplazo completo de panel LCD/LED. Verificar disponibilidad de repuesto.,Requiere reemplazo de componente,273.86,25.5
2318,Laptop,Huawei,MateBook D15,Workstation,Pantalla,"Pantalla externa no detectada, puerto HDMI dañado","Diagnóstico: Panel o componentes de pantalla dañados. Pantalla externa no detectada, puerto HDMI dañado. Probar con monitor externo para descartar GPU.",Alta,Reemplazar panel o componente de backlight. Cotizar reparación vs equipo nuevo.,En diagnóstico,313.32,19.5
2319,Tablet,Xiaomi,Pad 5,Estándar,BIOS,BIOS bloqueada con contraseña desconocida,Se requiere flashear la BIOS para restaurar funcionalidad. BIOS bloqueada con contraseña desconocida,Media,Reset de CMOS y reconfiguración de BIOS. Actualizar a última versión estable.,Garantía vigente,45.8,1.7
2320,Tablet,Lenovo,Tab M8,Estándar,Teclado,"Teclas no responden, controlador de teclado dañado","Problema de teclado. Teclas no responden, controlador de teclado dañado. Probar con teclado externo para confirmar diagnóstico.",Media,Limpiar contacto de teclas afectadas. Verificar flex de conexión.,En diagnóstico,50.03,3.4
2321,Tablet,Lenovo,Idea Tab K10,Económica,Pantalla,"Pantalla con manchas oscuras, daño por presión","Fallo en sistema de visualización. Pantalla con manchas oscuras, daño por presión. Verificar cable flex y controlador de backlight.",Alta,Reemplazar panel o componente de backlight. Cotizar reparación vs equipo nuevo.,En diagnóstico,209.1,21.8
2322,Laptop,Samsung,Galaxy Book2 360,Ultrabook,Teclado,"Tecla se queda presionada, contacto pegajoso","Diagnóstico general: Tecla se queda presionada, contacto pegajoso. Se requiere revisión técnica especializada.",Media,Limpiar contacto de teclas afectadas. Verificar flex de conexión.,En diagnóstico,122.17,1.6
2323,Computadora,Apple,Mac Studio M2 Max,SFF,Pantalla,"Pantalla con imagen residual, burn-in en panel OLED","Problema de display detectado. Pantalla con imagen residual, burn-in en panel OLED. Evaluar reemplazo de panel o componentes asociados.",Alta,Reemplazar panel o componente de backlight. Cotizar reparación vs equipo nuevo.,Reparable,190.41,9.9
2324,Computadora,Acer,Chromebox CXI5,Servidor,Puertos,"Puerto SD card no lee tarjetas, slot dañado","Diagnóstico general: Puerto SD card no lee tarjetas, slot dañado. Se requiere revisión técnica especializada.",Media,Limpiar puerto con aire comprimido. Verificar drivers del controlador USB.,Garantía vigente,74.53,7.7
2325,Laptop,Toshiba,Satellite Pro R50,Gaming,BIOS,Voltaje de RAM configurado incorrectamente en BIOS,Se requiere flashear la BIOS para restaurar funcionalidad. Voltaje de RAM configurado incorrectamente en BIOS,Alta,Flashear BIOS desde USB con método de recuperación del fabricante. Verificar versión actual.,Requiere reemplazo de componente,141.53,11.2
2326,Computadora,HP,OMEN 25L,Servidor,Disco Duro/SSD,"SSD M.2 no hace contacto, slot dañado","Diagnóstico general: SSD M.2 no hace contacto, slot dañado. Se requiere revisión técnica especializada.",Media,Ejecutar CHKDSK y reparación de sectores. Monitorear SMART diariamente.,En diagnóstico,212.16,2.8
2327,Computadora,Dell,Vostro 3710,Micro,Teclado,"Fn keys no funcionan, controlador ACPI dañado","Diagnóstico general: Fn keys no funcionan, controlador ACPI dañado. Se requiere revisión técnica especializada.",Alta,Reemplazar teclado completo. Verificar si hay daño adicional por líquido.,Requiere reemplazo de componente,123.84,3.5
2328,Computadora,Huawei,MateStation B515,Torre,Disco Duro/SSD,"SSD con vida útil agotada, escrituras fallidas","Diagnóstico general: SSD con vida útil agotada, escrituras fallidas. Se requiere revisión técnica especializada.",Baja,Ejecutar optimización de disco. Liberar espacio en SSD para mejorar rendimiento.,Reparable,75.8,2.4
2329,Computadora,Apple,Mac Pro 2023,Servidor,BIOS,BIOS no detecta tarjeta gráfica dedicada,Problema de configuración BIOS. BIOS no detecta tarjeta gráfica dedicada. Solución: Reset de configuración y actualización de firmware.,Media,Reset de CMOS y reconfiguración de BIOS. Actualizar a última versión estable.,Reparable,141.1,6.6
2330,Laptop,Apple,MacBook Pro 14 M3,Workstation,Pantalla,"Pantalla con bandas de color, conexión LVDS dañada","Problema de display detectado. Pantalla con bandas de color, conexión LVDS dañada. Evaluar reemplazo de panel o componentes asociados.",Media,Reemplazar cable flex o inverter. Verificar conexión al motherboard.,Garantía vigente,248.91,7.5
2331,Laptop,MSI,Prestige 14,Premium,Ventilación,"Ventilador siempre al 100%, sensor de temperatura defectuoso","Diagnóstico general: Ventilador siempre al 100%, sensor de temperatura defectuoso. Se requiere revisión técnica especializada.",Media,Limpieza de polvo con aire comprimido. Verificar RPM del ventilador.,En diagnóstico,30.82,4.7
2332,Laptop,ASUS,TUF Gaming A15,Chromebook,Puertos,"Puerto Thunderbolt no funciona, controlador dañado","Diagnóstico general: Puerto Thunderbolt no funciona, controlador dañado. Se requiere revisión técnica especializada.",Crítica,Reemplazo de placa de puertos o motherboard. Daño irreparable en múltiples puertos.,Fuera de servicio,145.98,39.5
2333,Tablet,Lenovo,Tab P11 Pro,Económica,Disco Duro/SSD,"Disco duro con PCB quemada, no recibe alimentación","Diagnóstico general: Disco duro con PCB quemada, no recibe alimentación. Se requiere revisión técnica especializada.",Alta,Respaldar datos y reemplazar disco. Ejecutar recuperación con herramientas especializadas.,En diagnóstico,236.32,20.5
2334,Tablet,ASUS,ZenPad Z8s,2 en 1,Disco Duro/SSD,Disco muestra advertencia de fallo inminente,Diagnóstico general: Disco muestra advertencia de fallo inminente. Se requiere revisión técnica especializada.,Alta,Respaldar datos y reemplazar disco. Ejecutar recuperación con herramientas especializadas.,En diagnóstico,89.55,20.3
2335,Laptop,Dell,Precision 5680,Empresarial,RAM,RAM no se inicializa al arrancar en frío,Fallo de memoria detectado. RAM no se inicializa al arrancar en frío. Se recomienda reemplazar módulo defectuoso.,Alta,Reemplazar módulo RAM dañado. Probar con módulo nuevo en slot afectado.,Reparable,85.67,13.8
2336,Tablet,Huawei,MatePad 11.5 S,Gaming,BIOS,"BIOS corrupta, no inicia el sistema","Diagnóstico: Corrupción de BIOS. BIOS corrupta, no inicia el sistema. Procedimiento: Reflashing con método de recuperación del fabricante.",Baja,Actualizar BIOS a la última versión disponible. Reemplazar batería CMOS si es necesario.,En diagnóstico,117.88,2.3
2337,Laptop,MSI,Katana 15,Económica,GPU,"Fan de GPU no gira, temperatura excesiva","GPU con errores. Fan de GPU no gira, temperatura excesiva. Probar con drivers limpios usando DDU.",Media,Reinstalar drivers con DDU. Verificar temperatura y ventilación de GPU.,En diagnóstico,576.0,7.1
2338,Computadora,Custom/Genérica,PC Gamer RTX 3060,Gaming,Conectividad,"Conexión WiFi se cae constantemente, driver inestable","Diagnóstico general: Conexión WiFi se cae constantemente, driver inestable. Se requiere revisión técnica especializada.",Baja,Resetear adaptador de red. Olvidar y reconectar redes WiFi.,En diagnóstico,40.95,2.3
2339,Tablet,Microsoft,Surface Pro 10,Económica,RAM,RAM DDR4 no arranca a la velocidad XMP especificada,Fallo de memoria detectado. RAM DDR4 no arranca a la velocidad XMP especificada. Se recomienda reemplazar módulo defectuoso.,Crítica,Reemplazo inmediato de módulo RAM defectuoso. Verificar compatibilidad con placa madre.,Fuera de servicio,41.94,32.5
2340,Laptop,ASUS,Chromebook CX1,Empresarial,GPU,"Pantalla azul VIDEO_TDR_FAILURE, GPU dedicada fallida","Diagnóstico: Panel o componentes de pantalla dañados. Pantalla azul VIDEO_TDR_FAILURE, GPU dedicada fallida. Probar con monitor externo para descartar GPU.",Crítica,"Reemplazo de GPU dedicada. Si es integrada, reemplazo de motherboard.",En diagnóstico,471.95,7.8
2341,Laptop,Dell,Inspiron 16 5000,Económica,Motherboard,BIOS chip dañado físicamente en la motherboard,Problema de configuración BIOS. BIOS chip dañado físicamente en la motherboard. Solución: Reset de configuración y actualización de firmware.,Alta,Reparación especializada de microsoldadura. Reemplazar componentes SMD dañados.,En diagnóstico,272.29,19.5
2342,Computadora,MSI,Aegis RS 13th,Torre,BIOS,"Pantalla negra al encender, BIOS no inicializa vídeo","Error de inicialización de BIOS detectado. Pantalla negra al encender, BIOS no inicializa vídeo. Verificar batería CMOS y versión de firmware.",Media,Reset de CMOS y reconfiguración de BIOS. Actualizar a última versión estable.,Garantía vigente,140.04,8.0
2343,Laptop,Apple,MacBook Pro 14 M3 Max,Gaming,Disco Duro/SSD,"Disco duro con PCB quemada, no recibe alimentación","Diagnóstico general: Disco duro con PCB quemada, no recibe alimentación. Se requiere revisión técnica especializada.",Alta,Respaldar datos y reemplazar disco. Ejecutar recuperación con herramientas especializadas.,En diagnóstico,244.42,10.4
2344,Tablet,Samsung,Galaxy Tab A9,Gaming,Disco Duro/SSD,"SSD no detectado en BIOS, controlador NVMe dañado","Diagnóstico: Corrupción de BIOS. SSD no detectado en BIOS, controlador NVMe dañado. Procedimiento: Reflashing con método de recuperación del fabricante.",Media,Ejecutar CHKDSK y reparación de sectores. Monitorear SMART diariamente.,En diagnóstico,174.71,5.8
2345,Laptop,Acer,Aspire 5,2 en 1,Disco Duro/SSD,"SSD con error de sobretemperatura, throttle de escritura","Diagnóstico general: SSD con error de sobretemperatura, throttle de escritura. Se requiere revisión técnica especializada.",Media,Ejecutar CHKDSK y reparación de sectores. Monitorear SMART diariamente.,En diagnóstico,112.41,7.8
2346,Computadora,Custom/Genérica,PC Oficina i5-12400,Servidor,Puertos,Puertos USB dan descarga estática al conectar,"Puerto no funcional. Puertos USB dan descarga estática al conectar. Si es USB-C, verificar controlador PD y retractor.",Baja,Usar puerto alternativo. Monitorear funcionamiento del puerto afectado.,Reparable,179.65,3.3
2347,Laptop,Samsung,Galaxy Book Go,Workstation,RAM,Pantalla azul MEMORY_MANAGEMENT al usar múltiples aplicaciones,Diagnóstico: Panel o componentes de pantalla dañados. Pantalla azul MEMORY_MANAGEMENT al usar múltiples aplicaciones. Probar con monitor externo para descartar GPU.,Media,Limpiar contactos con alcohol isopropílico. Reubicar módulos en slots diferentes.,Reparable,35.49,6.2
2348,Tablet,Xiaomi,Pad 6,Educacional,RAM,Sistema no arranca con los dos módulos RAM instalados,Problema de memoria. Sistema no arranca con los dos módulos RAM instalados. Revisar slots y limpieza de contactos con alcohol isopropílico.,Alta,Reemplazar módulo RAM dañado. Probar con módulo nuevo en slot afectado.,En diagnóstico,103.88,6.2
2349,Laptop,MSI,Summit E16,Económica,GPU,"Driver de GPU no instala, hardware no compatible","Fallo en procesador gráfico. Driver de GPU no instala, hardware no compatible. Verificar temperatura y reflow si es BGA.",Media,Reinstalar drivers con DDU. Verificar temperatura y ventilación de GPU.,Reparable,95.3,3.9
2350,Computadora,Apple,Mac mini M2,Mini PC,Ventilación,"Sistema hace throttle térmico, disipador obstruido","Diagnóstico general: Sistema hace throttle térmico, disipador obstruido. Se requiere revisión técnica especializada.",Baja,Limpieza preventiva y monitoreo de temperaturas. Ajustar curva de ventilador.,En diagnóstico,27.53,3.2
2351,Laptop,ASUS,Chromebook CX1,2 en 1,Disco Duro/SSD,"Sistema no arranca, sector de arranque dañado en disco","Diagnóstico general: Sistema no arranca, sector de arranque dañado en disco. Se requiere revisión técnica especializada.",Media,Ejecutar CHKDSK y reparación de sectores. Monitorear SMART diariamente.,Garantía vigente,206.22,3.5
2352,Tablet,Xiaomi,Pad 6 Pro,Educacional,RAM,"Fallo intermitente en slot de RAM, módulo no hace contacto","Fallo de memoria detectado. Fallo intermitente en slot de RAM, módulo no hace contacto. Se recomienda reemplazar módulo defectuoso.",Baja,Ejecutar diagnóstico de memoria extendido. Monitorear en próximos días.,Reparable,113.96,1.2
2353,Tablet,Xiaomi,Pad 6 Pro,eReader,Disco Duro/SSD,"Disco duro con sectores dañados, CHKDSK reporta errores","Diagnóstico general: Disco duro con sectores dañados, CHKDSK reporta errores. Se requiere revisión técnica especializada.",Alta,Respaldar datos y reemplazar disco. Ejecutar recuperación con herramientas especializadas.,Requiere reemplazo de componente,64.34,15.0
2354,Laptop,Toshiba,Portege Z30,Empresarial,GPU,"Artefactos gráficos en pantalla, memoria VRAM dañada","Inestabilidad por RAM defectuosa. Artefactos gráficos en pantalla, memoria VRAM dañada. Probar módulos individualmente para aislar el dañado.",Baja,Actualizar drivers de GPU. Ajustar configuración de rendimiento.,Reparable,191.06,2.0
2355,Computadora,Apple,Mac Studio M2 Max,Mini PC,Fuente de Poder,"Voltaje inestable en riel de 12V, componentes fallan","Diagnóstico general: Voltaje inestable en riel de 12V, componentes fallan. Se requiere revisión técnica especializada.",Media,Verificar conexiones y cables. Probar con fuente de respaldo.,En diagnóstico,46.4,3.7
2356,Laptop,ASUS,Chromebook CX1,Empresarial,RAM,Pantalla azul MEMORY_MANAGEMENT al usar múltiples aplicaciones,Problema de display detectado. Pantalla azul MEMORY_MANAGEMENT al usar múltiples aplicaciones. Evaluar reemplazo de panel o componentes asociados.,Alta,Reemplazar módulo RAM dañado. Probar con módulo nuevo en slot afectado.,Requiere reemplazo de componente,118.31,16.2
2357,Computadora,Acer,Chromebox CXI5,Workstation,Batería,"Batería no carga, indica 0% permanentemente","Fallo en sistema de alimentación por batería. Batería no carga, indica 0% permanentemente. Reemplazo de batería necesario.",Media,Calibrar batería siguiendo procedimiento del fabricante. Verificar ciclo de carga.,Garantía vigente,116.18,4.2
2358,Computadora,Apple,Mac Pro 2023,Workstation,Conectividad,"Velocidad WiFi muy lenta, antena interna dañada","Diagnóstico general: Velocidad WiFi muy lenta, antena interna dañada. Se requiere revisión técnica especializada.",Alta,Reinstalar drivers. Verificar antenas internas. Reemplazar módulo M.2 si aplica.,Reparable,51.09,22.7
2359,Laptop,Lenovo,ThinkBook 15,Premium,Fuente de Poder,Ruido de bobina en fuente bajo carga pesada,Diagnóstico general: Ruido de bobina en fuente bajo carga pesada. Se requiere revisión técnica especializada.,Alta,Reemplazar fuente con certificación adecuada. Verificar potencia necesaria.,Reparable,44.97,6.2
2360,Computadora,Lenovo,IdeaCentre AIO 3,All-in-One,RAM,RAM DDR4 no arranca a la velocidad XMP especificada,Fallo de memoria detectado. RAM DDR4 no arranca a la velocidad XMP especificada. Se recomienda reemplazar módulo defectuoso.,Crítica,Reemplazo inmediato de módulo RAM defectuoso. Verificar compatibilidad con placa madre.,Requiere reemplazo de componente,106.63,10.3
2361,Laptop,Huawei,MateBook D15,Gaming,Batería,Porcentaje de batería salta de 30% a 5% sin aviso,Diagnóstico: Batería defectuosa. Porcentaje de batería salta de 30% a 5% sin aviso. Reemplazar con batería original certificada.,Crítica,Retirar batería inmediatamente por seguridad (inflamación). Usar solo con cargador.,En diagnóstico,71.89,9.3
2362,Tablet,Lenovo,Tab M11,Gaming,Motherboard,"Fan header dañado, ventilador no gira","Diagnóstico general: Fan header dañado, ventilador no gira. Se requiere revisión técnica especializada.",Media,Reparar pista o componente específico. Verificar todos los circuitos de alimentación.,Garantía vigente,478.14,3.9
2363,Tablet,Huawei,MatePad Pro 12.6,eReader,RAM,Pantalla azul MEMORY_MANAGEMENT al usar múltiples aplicaciones,Problema de display detectado. Pantalla azul MEMORY_MANAGEMENT al usar múltiples aplicaciones. Evaluar reemplazo de panel o componentes asociados.,Crítica,Reemplazo inmediato de módulo RAM defectuoso. Verificar compatibilidad con placa madre.,Fuera de servicio,101.88,45.6
2364,Tablet,Xiaomi,Pad 6,eReader,Batería,Porcentaje de batería salta de 30% a 5% sin aviso,Problema de energía de batería. Porcentaje de batería salta de 30% a 5% sin aviso. Evaluar seguridad de uso continuo.,Baja,Reemplazar batería cuando sea conveniente. Funciona con limitaciones.,Reparable,141.01,2.9
2365,Tablet,Xiaomi,Pad 6 Pro,Educacional,Sistema Operativo,"Arranque lento, más de 5 minutos para iniciar sesión","Diagnóstico general: Arranque lento, más de 5 minutos para iniciar sesión. Se requiere revisión técnica especializada.",Media,Restaurar sistema a punto anterior. Eliminar software problemático.,En diagnóstico,57.24,7.8
2366,Laptop,Dell,Precision 5680,Ultrabook,RAM,"Sistema lento, RAM al 100% con pocas aplicaciones abiertas","Fallo de memoria detectado. Sistema lento, RAM al 100% con pocas aplicaciones abiertas. Se recomienda reemplazar módulo defectuoso.",Media,Limpiar contactos con alcohol isopropílico. Reubicar módulos en slots diferentes.,En diagnóstico,106.09,1.8
2367,Tablet,Samsung,Galaxy Tab S9 Ultra,Educacional,Puertos,Puertos USB dan descarga estática al conectar,Fallo en conectividad de puertos. Puertos USB dan descarga estática al conectar. Verificar controlador I/O y soldaduras.,Crítica,Reemplazo de placa de puertos o motherboard. Daño irreparable en múltiples puertos.,Fuera de servicio,159.36,10.4
2368,Computadora,Gigabyte,B550 Vision D,Micro,Pantalla,"Pantalla táctil con calibración desviada, toques imprecisos","Pantalla defectuosa. Pantalla táctil con calibración desviada, toques imprecisos. Inspeccionar conexiones y testear con pantalla externa.",Media,Reemplazar cable flex o inverter. Verificar conexión al motherboard.,Garantía vigente,307.53,6.9
2369,Computadora,Huawei,MateStation X,Workstation,Pantalla,"Pantalla con bandas de color, conexión LVDS dañada","Display con defecto. Pantalla con bandas de color, conexión LVDS dañada. Reemplazo de panel recomendado si costo es viable.",Baja,Calibrar pantalla y actualizar driver de vídeo. Ajustar perfil de color.,En diagnóstico,91.44,3.6
2370,Tablet,Huawei,MatePad Pro 12.6,Económica,Motherboard,"PCIe slot dañado, tarjeta gráfica no detectada","Diagnóstico general: PCIe slot dañado, tarjeta gráfica no detectada. Se requiere revisión técnica especializada.",Media,Reparar pista o componente específico. Verificar todos los circuitos de alimentación.,Reparable,327.5,5.3
2371,Laptop,Huawei,MateBook E Go,Económica,Sistema Operativo,Error CRITICAL_PROCESS_DIED al iniciar,Diagnóstico general: Error CRITICAL_PROCESS_DIED al iniciar. Se requiere revisión técnica especializada.,Media,Restaurar sistema a punto anterior. Eliminar software problemático.,En diagnóstico,40.95,2.6
2372,Laptop,Huawei,MateBook X Pro,Chromebook,Pantalla,"Pantalla con manchas oscuras, daño por presión","Pantalla defectuosa. Pantalla con manchas oscuras, daño por presión. Inspeccionar conexiones y testear con pantalla externa.",Crítica,Reemplazo completo de panel LCD/LED. Verificar disponibilidad de repuesto.,En diagnóstico,215.69,26.1
2373,Computadora,Custom/Genérica,PC Gamer RTX 3060,Workstation,Puertos,"Puerto Thunderbolt no funciona, controlador dañado","Diagnóstico general: Puerto Thunderbolt no funciona, controlador dañado. Se requiere revisión técnica especializada.",Media,Limpiar puerto con aire comprimido. Verificar drivers del controlador USB.,Reparable,179.95,4.3
2374,Computadora,Apple,iMac 24 M3,Mini PC,Disco Duro/SSD,"SSD M.2 no hace contacto, slot dañado","Diagnóstico general: SSD M.2 no hace contacto, slot dañado. Se requiere revisión técnica especializada.",Alta,Respaldar datos y reemplazar disco. Ejecutar recuperación con herramientas especializadas.,En diagnóstico,167.97,4.1
2375,Computadora,Gigabyte,AORUS Model S,Workstation,Motherboard,"Motherboard con pista dañada, circuito abierto","Motherboard con daño eléctrico. Motherboard con pista dañada, circuito abierto. Inspeccionar con microscopio y multímetro.",Alta,Reparación especializada de microsoldadura. Reemplazar componentes SMD dañados.,En diagnóstico,348.89,19.8
2376,Laptop,Apple,MacBook Pro 14 M3 Max,Gaming,Pantalla,"Pantalla con manchas oscuras, daño por presión","Display con defecto. Pantalla con manchas oscuras, daño por presión. Reemplazo de panel recomendado si costo es viable.",Crítica,Reemplazo completo de panel LCD/LED. Verificar disponibilidad de repuesto.,Requiere reemplazo de componente,336.44,34.4
2377,Computadora,Gigabyte,Aero D1 Desktop,Workstation,RAM,"RAM no detectada, sistema muestra menos memoria de la instalada","Problema de memoria. RAM no detectada, sistema muestra menos memoria de la instalada. Revisar slots y limpieza de contactos con alcohol isopropílico.",Crítica,Reemplazo inmediato de módulo RAM defectuoso. Verificar compatibilidad con placa madre.,Requiere reemplazo de componente,88.46,17.4
2378,Computadora,Lenovo,ThinkCentre M70q,Workstation,Pantalla,"Screen tearing constante, VSync no funciona","Diagnóstico general: Screen tearing constante, VSync no funciona. Se requiere revisión técnica especializada.",Alta,Reemplazar panel o componente de backlight. Cotizar reparación vs equipo nuevo.,Reparable,318.63,16.1
2379,Computadora,HP,ProDesk 400 G7,Micro,RAM,Memoria RAM causa artefactos visuales en pantalla,Problema de memoria. Memoria RAM causa artefactos visuales en pantalla. Revisar slots y limpieza de contactos con alcohol isopropílico.,Media,Limpiar contactos con alcohol isopropílico. Reubicar módulos en slots diferentes.,En diagnóstico,62.63,7.1
2380,Laptop,Dell,G15 Gaming,Ultrabook,RAM,"Aplicaciones se cierran solas, RAM con sectores defectuosos","Diagnóstico: Memoria RAM con errores. Aplicaciones se cierran solas, RAM con sectores defectuosos. Ejecutar MemTest86 para confirmar sector dañado.",Media,Limpiar contactos con alcohol isopropílico. Reubicar módulos en slots diferentes.,En diagnóstico,45.56,6.7
2381,Tablet,Apple,iPad Air M2,Económica,Audio,"Sin sonido, controlador de audio dañado","Problema de sonido. Sin sonido, controlador de audio dañado. Probar con auriculares para descartar altavoces.",Crítica,Reemplazo de codec de audio o usar tarjeta de sonido USB externa.,Requiere reemplazo de componente,112.01,5.8
2382,Computadora,ASUS,ROG Strix G10,SFF,Motherboard,"Pista de señal de reloj dañada, inestabilidad del sistema","Diagnóstico general: Pista de señal de reloj dañada, inestabilidad del sistema. Se requiere revisión técnica especializada.",Baja,Limpieza profunda y rethermal. Verificar conexiones y reseat de componentes.,En diagnóstico,217.86,2.6
2383,Laptop,Lenovo,Yoga 7i,Ultrabook,Motherboard,"Placa madre no enciende, sin luz de power","Diagnóstico general: Placa madre no enciende, sin luz de power. Se requiere revisión técnica especializada.",Crítica,Reemplazo de placa madre. Evaluar costo vs equipo nuevo. Rescatar componentes reutilizables.,Requiere reemplazo de componente,227.24,25.4
2384,Computadora,Lenovo,Legion Tower 7i,Gaming,Pantalla,"Flex de pantalla dañado, imagen intermitente","Fallo en sistema de visualización. Flex de pantalla dañado, imagen intermitente. Verificar cable flex y controlador de backlight.",Baja,Calibrar pantalla y actualizar driver de vídeo. Ajustar perfil de color.,En diagnóstico,180.97,3.1
2385,Laptop,MSI,Katana 15,Empresarial,Batería,"Ciclos de carga excedidos, salud de batería crítica","Batería en estado crítico. Ciclos de carga excedidos, salud de batería crítica. Retirar si está inflada por riesgo de seguridad.",Media,Calibrar batería siguiendo procedimiento del fabricante. Verificar ciclo de carga.,En diagnóstico,96.24,5.2
2386,Laptop,Lenovo,IdeaPad Gaming 3,Empresarial,GPU,GPU integrada causa parpadeo en pantalla,Diagnóstico: Panel o componentes de pantalla dañados. GPU integrada causa parpadeo en pantalla. Probar con monitor externo para descartar GPU.,Media,Reinstalar drivers con DDU. Verificar temperatura y ventilación de GPU.,Reparable,500.54,1.8
2387,Tablet,Microsoft,Surface Go 3,2 en 1,Motherboard,"Chip de audio dañado en motherboard, sin sonido","Motherboard con daño eléctrico. Chip de audio dañado en motherboard, sin sonido. Inspeccionar con microscopio y multímetro.",Media,Reparar pista o componente específico. Verificar todos los circuitos de alimentación.,Garantía vigente,405.37,2.0
2388,Laptop,Dell,Precision 5680,Chromebook,GPU,"GPU con throttling térmico severo, rendimiento reducido","Fallo en procesador gráfico. GPU con throttling térmico severo, rendimiento reducido. Verificar temperatura y reflow si es BGA.",Baja,Actualizar drivers de GPU. Ajustar configuración de rendimiento.,En diagnóstico,527.43,3.0
2389,Laptop,Toshiba,Tecra A50,2 en 1,Teclado,"Teclado escribe caracteres incorrectos, layout mal configurado","Problema de teclado. Teclado escribe caracteres incorrectos, layout mal configurado. Probar con teclado externo para confirmar diagnóstico.",Media,Limpiar contacto de teclas afectadas. Verificar flex de conexión.,Garantía vigente,130.39,5.3
2390,Tablet,Microsoft,Surface Pro 9,2 en 1,Batería,"Batería inflada, deformación visible del chasis","Fallo en sistema de alimentación por batería. Batería inflada, deformación visible del chasis. Reemplazo de batería necesario.",Media,Calibrar batería siguiendo procedimiento del fabricante. Verificar ciclo de carga.,Garantía vigente,92.54,7.8
2391,Laptop,Samsung,Galaxy Book2 Pro,Chromebook,BIOS,Secure Boot falla en verificación de BIOS,Diagnóstico: Corrupción de BIOS. Secure Boot falla en verificación de BIOS. Procedimiento: Reflashing con método de recuperación del fabricante.,Baja,Actualizar BIOS a la última versión disponible. Reemplazar batería CMOS si es necesario.,Reparable,35.94,3.8
2392,Laptop,Apple,MacBook Pro 14 M3 Max,Workstation,Ventilación,"Sistema hace throttle térmico, disipador obstruido","Diagnóstico general: Sistema hace throttle térmico, disipador obstruido. Se requiere revisión técnica especializada.",Media,Limpieza de polvo con aire comprimido. Verificar RPM del ventilador.,Reparable,68.05,7.0
2393,Computadora,Custom/Genérica,PC Gamer RTX 3060,Workstation,Fuente de Poder,"Olor a quemado desde la fuente, componente quemado","Diagnóstico general: Olor a quemado desde la fuente, componente quemado. Se requiere revisión técnica especializada.",Media,Verificar conexiones y cables. Probar con fuente de respaldo.,En diagnóstico,159.42,7.1
2394,Computadora,Dell,Vostro 3710,SFF,Disco Duro/SSD,"Sistema no arranca, sector de arranque dañado en disco","Diagnóstico general: Sistema no arranca, sector de arranque dañado en disco. Se requiere revisión técnica especializada.",Alta,Respaldar datos y reemplazar disco. Ejecutar recuperación con herramientas especializadas.,En diagnóstico,134.31,23.4
2395,Laptop,Apple,MacBook Pro 16 M2 Pro,Workstation,Motherboard,Motherboard no entra en suspensión correctamente,Diagnóstico: Motherboard defectuosa. Motherboard no entra en suspensión correctamente. Verificar todas las pistas y componentes SMD.,Alta,Reparación especializada de microsoldadura. Reemplazar componentes SMD dañados.,Reparable,134.2,4.9
2396,Laptop,HP,Stream 14,Workstation,Disco Duro/SSD,"SSD no detectado en BIOS, controlador NVMe dañado","Se requiere flashear la BIOS para restaurar funcionalidad. SSD no detectado en BIOS, controlador NVMe dañado",Alta,Respaldar datos y reemplazar disco. Ejecutar recuperación con herramientas especializadas.,Requiere reemplazo de componente,217.99,18.2
2397,Computadora,MSI,Aegis RS 13th,All-in-One,BIOS,"Bucle de reinicio por error en BIOS, reinicio continuo","Fallo en firmware BIOS. Bucle de reinicio por error en BIOS, reinicio continuo. Se recomienda reemplazo de chip BIOS.",Alta,Flashear BIOS desde USB con método de recuperación del fabricante. Verificar versión actual.,Reparable,142.21,4.9
2398,Tablet,Huawei,MatePad 11.5 S,Estándar,Ventilación,"Ventilador hace ruido excesivo, rodamiento dañado","Diagnóstico general: Ventilador hace ruido excesivo, rodamiento dañado. Se requiere revisión técnica especializada.",Baja,Limpieza preventiva y monitoreo de temperaturas. Ajustar curva de ventilador.,Garantía vigente,64.6,2.8
2399,Tablet,Lenovo,Idea Tab K10,eReader,Batería,"Batería inflada, deformación visible del chasis","Batería degradada. Batería inflada, deformación visible del chasis. Verificar con diagnóstico de fabricante.",Media,Calibrar batería siguiendo procedimiento del fabricante. Verificar ciclo de carga.,Garantía vigente,35.48,4.4
2400,Computadora,Acer,Veriton X2680G,Workstation,RAM,"Beep code 2 pitidos, error de parity check en RAM","Error de memoria RAM. Beep code 2 pitidos, error de parity check en RAM. Verificar compatibilidad y velocidad de módulos.",Alta,Reemplazar módulo RAM dañado. Probar con módulo nuevo en slot afectado.,En diagnóstico,50.87,2.1
2401,Laptop,MSI,Raider GE78,Gaming,Motherboard,Motherboard con corrosión por líquido derramado,Problema de memoria. Motherboard con corrosión por líquido derramado. Revisar slots y limpieza de contactos con alcohol isopropílico.,Media,Reparar pista o componente específico. Verificar todos los circuitos de alimentación.,Garantía vigente,117.59,2.2
2402,Computadora,Lenovo,IdeaCentre Gaming 5,Mini PC,Motherboard,"Motherboard con pista dañada, circuito abierto","Problema en circuito de motherboard. Motherboard con pista dañada, circuito abierto. Medir voltajes en puntos de test para localizar falla.",Alta,Reparación especializada de microsoldadura. Reemplazar componentes SMD dañados.,Reparable,272.01,12.8
2403,Laptop,Apple,MacBook Air M1,Gaming,Teclado,"Teclado retroiluminado no enciende, LED defectuoso","Diagnóstico: Teclado defectuoso. Teclado retroiluminado no enciende, LED defectuoso. Reemplazo del conjunto recomendado.",Baja,Limpiar tecla específica o reemplazar keycap. Verificar configuración de idioma.,Garantía vigente,58.11,1.7
2404,Computadora,Dell,Vostro 3710,Gaming,Ventilación,"Ventilador no arranca al encender, motor quemado","Diagnóstico general: Ventilador no arranca al encender, motor quemado. Se requiere revisión técnica especializada.",Media,Limpieza de polvo con aire comprimido. Verificar RPM del ventilador.,Garantía vigente,79.42,5.4
2405,Computadora,MSI,Cubi 5,Workstation,Pantalla,"Resolución atascada en modo seguro, driver de pantalla corrupto","Diagnóstico: Panel o componentes de pantalla dañados. Resolución atascada en modo seguro, driver de pantalla corrupto. Probar con monitor externo para descartar GPU.",Media,Reemplazar cable flex o inverter. Verificar conexión al motherboard.,Reparable,329.67,8.0
2406,Computadora,Gigabyte,Aero D1 Desktop,Workstation,Conectividad,"Bluetooth no funciona, módulo no detectado","Diagnóstico general: Bluetooth no funciona, módulo no detectado. Se requiere revisión técnica especializada.",Alta,Reinstalar drivers. Verificar antenas internas. Reemplazar módulo M.2 si aplica.,En diagnóstico,41.83,6.1
2407,Tablet,Lenovo,Tab P11 Pro,eReader,Sistema Operativo,"Servicio de Windows no inicia, dependencia rota","Diagnóstico general: Servicio de Windows no inicia, dependencia rota. Se requiere revisión técnica especializada.",Media,Restaurar sistema a punto anterior. Eliminar software problemático.,Reparable,45.42,5.5
2408,Laptop,Samsung,Galaxy Book2 Pro,Ultrabook,Disco Duro/SSD,SMART warning: Reallocated Sector Count excedido,Diagnóstico general: SMART warning: Reallocated Sector Count excedido. Se requiere revisión técnica especializada.,Media,Ejecutar CHKDSK y reparación de sectores. Monitorear SMART diariamente.,En diagnóstico,198.8,4.6
2409,Computadora,Custom/Genérica,PC Economica Ryzen 5,All-in-One,BIOS,"Boot device not found, BIOS no lista ningún dispositivo arrancable","Se requiere flashear la BIOS para restaurar funcionalidad. Boot device not found, BIOS no lista ningún dispositivo arrancable",Alta,Flashear BIOS desde USB con método de recuperación del fabricante. Verificar versión actual.,En diagnóstico,75.66,5.9
2410,Tablet,Samsung,Galaxy Tab A8,eReader,Disco Duro/SSD,"Disco duro con PCB quemada, no recibe alimentación","Diagnóstico general: Disco duro con PCB quemada, no recibe alimentación. Se requiere revisión técnica especializada.",Baja,Ejecutar optimización de disco. Liberar espacio en SSD para mejorar rendimiento.,En diagnóstico,222.95,0.8
2411,Laptop,HP,Spectre x360,2 en 1,Disco Duro/SSD,SMART warning: Reallocated Sector Count excedido,Diagnóstico general: SMART warning: Reallocated Sector Count excedido. Se requiere revisión técnica especializada.,Media,Ejecutar CHKDSK y reparación de sectores. Monitorear SMART diariamente.,Reparable,228.28,7.2
2412,Computadora,ASUS,ROG Strix G35,Mini PC,Pantalla,"Pantalla con manchas oscuras, daño por presión","Fallo en sistema de visualización. Pantalla con manchas oscuras, daño por presión. Verificar cable flex y controlador de backlight.",Media,Reemplazar cable flex o inverter. Verificar conexión al motherboard.,Reparable,377.01,3.8
2413,Laptop,MSI,Bravo 15,Premium,Pantalla,"Pantalla con artefactos coloridos, GPU o panel defectuoso","Display con defecto. Pantalla con artefactos coloridos, GPU o panel defectuoso. Reemplazo de panel recomendado si costo es viable.",Crítica,Reemplazo completo de panel LCD/LED. Verificar disponibilidad de repuesto.,En diagnóstico,367.37,11.5
2414,Computadora,Gigabyte,B550 Vision D,All-in-One,Teclado,"Tecla se queda presionada, contacto pegajoso","Diagnóstico general: Tecla se queda presionada, contacto pegajoso. Se requiere revisión técnica especializada.",Alta,Reemplazar teclado completo. Verificar si hay daño adicional por líquido.,Reparable,138.89,5.7
2415,Laptop,Apple,MacBook Air M1,Económica,Sistema Operativo,"Actualización de Windows fallida, bucle de reinicio","Diagnóstico general: Actualización de Windows fallida, bucle de reinicio. Se requiere revisión técnica especializada.",Media,Restaurar sistema a punto anterior. Eliminar software problemático.,En diagnóstico,77.89,3.5
2416,Laptop,MSI,Prestige 14,Gaming,Teclado,"Teclado repite caracteres, debounce defectuoso","Diagnóstico: Teclado defectuoso. Teclado repite caracteres, debounce defectuoso. Reemplazo del conjunto recomendado.",Baja,Limpiar tecla específica o reemplazar keycap. Verificar configuración de idioma.,En diagnóstico,50.08,0.6
2417,Computadora,Huawei,MateStation X,Torre,Pantalla,"Backlight no enciende, pantalla muy oscura","Display con defecto. Backlight no enciende, pantalla muy oscura. Reemplazo de panel recomendado si costo es viable.",Alta,Reemplazar panel o componente de backlight. Cotizar reparación vs equipo nuevo.,Reparable,321.78,2.2
2418,Laptop,Lenovo,Legion Pro 7,Económica,Motherboard,Conector de pantalla dañado en motherboard de laptop,Componente de motherboard dañado. Conector de pantalla dañado en motherboard de laptop. Se requiere microsoldadura especializada.,Media,Reparar pista o componente específico. Verificar todos los circuitos de alimentación.,En diagnóstico,157.28,6.7
2419,Laptop,Dell,G15 Gaming,2 en 1,Disco Duro/SSD,"Disco lento, tiempos de lectura excesivos y errores SMART","Diagnóstico general: Disco lento, tiempos de lectura excesivos y errores SMART. Se requiere revisión técnica especializada.",Baja,Ejecutar optimización de disco. Liberar espacio en SSD para mejorar rendimiento.,Reparable,80.33,1.0
2420,Tablet,Apple,iPad Pro 11 M4,Gaming,Fuente de Poder,"Fuente hace ruido eléctrico, capacitor dañado","Diagnóstico general: Fuente hace ruido eléctrico, capacitor dañado. Se requiere revisión técnica especializada.",Alta,Reemplazar fuente con certificación adecuada. Verificar potencia necesaria.,Reparable,145.69,14.3
2421,Tablet,Lenovo,Tab M8,eReader,Batería,"Laptop se apaga al desconectar el cargador, batería muerta","Diagnóstico: Batería defectuosa. Laptop se apaga al desconectar el cargador, batería muerta. Reemplazar con batería original certificada.",Media,Calibrar batería siguiendo procedimiento del fabricante. Verificar ciclo de carga.,Reparable,92.0,7.2
2422,Computadora,Dell,XPS Desktop 8960,Mini PC,GPU,GPU integrada causa parpadeo en pantalla,Diagnóstico: Panel o componentes de pantalla dañados. GPU integrada causa parpadeo en pantalla. Probar con monitor externo para descartar GPU.,Crítica,"Reemplazo de GPU dedicada. Si es integrada, reemplazo de motherboard.",Requiere reemplazo de componente,107.76,24.9
2423,Laptop,Dell,XPS 13,Premium,Teclado,"Teclas no responden, controlador de teclado dañado","Fallo en dispositivo de entrada. Teclas no responden, controlador de teclado dañado. Evaluar reemplazo de teclado.",Alta,Reemplazar teclado completo. Verificar si hay daño adicional por líquido.,Requiere reemplazo de componente,80.46,8.0
2424,Computadora,Custom/Genérica,PC Gaming RTX 4070,Servidor,Ventilación,"Ventilador hace ruido excesivo, rodamiento dañado","Diagnóstico general: Ventilador hace ruido excesivo, rodamiento dañado. Se requiere revisión técnica especializada.",Media,Limpieza de polvo con aire comprimido. Verificar RPM del ventilador.,Garantía vigente,75.01,5.3
2425,Tablet,Xiaomi,Pad 6,Gaming,Puertos,"Puerto SD card no lee tarjetas, slot dañado","Diagnóstico general: Puerto SD card no lee tarjetas, slot dañado. Se requiere revisión técnica especializada.",Media,Limpiar puerto con aire comprimido. Verificar drivers del controlador USB.,Reparable,86.7,4.1
2426,Laptop,Lenovo,Legion 5,Empresarial,RAM,Memoria RAM causa artefactos visuales en pantalla,Error de memoria RAM. Memoria RAM causa artefactos visuales en pantalla. Verificar compatibilidad y velocidad de módulos.,Baja,Ejecutar diagnóstico de memoria extendido. Monitorear en próximos días.,En diagnóstico,102.43,2.0
2427,Laptop,MSI,Cyborg 15,Económica,Batería,Batería se calienta excesivamente durante la carga,Problema de energía de batería. Batería se calienta excesivamente durante la carga. Evaluar seguridad de uso continuo.,Baja,Reemplazar batería cuando sea conveniente. Funciona con limitaciones.,En diagnóstico,124.8,1.2
2428,Tablet,Microsoft,Surface Go 3,eReader,Pantalla,"Touchscreen no responde, controlador táctil dañado","Diagnóstico general: Touchscreen no responde, controlador táctil dañado. Se requiere revisión técnica especializada.",Alta,Reemplazar panel o componente de backlight. Cotizar reparación vs equipo nuevo.,Reparable,347.38,2.7
2429,Laptop,Toshiba,Portege Z30,Empresarial,Disco Duro/SSD,SSD con escritura lenta después de 80% de capacidad,Diagnóstico general: SSD con escritura lenta después de 80% de capacidad. Se requiere revisión técnica especializada.,Alta,Respaldar datos y reemplazar disco. Ejecutar recuperación con herramientas especializadas.,Requiere reemplazo de componente,243.59,16.9
2430,Laptop,Lenovo,Legion 5,Económica,Pantalla,"Flickering solo con batería, regulador de voltaje defectuoso","Fallo en sistema de alimentación por batería. Flickering solo con batería, regulador de voltaje defectuoso. Reemplazo de batería necesario.",Media,Reemplazar cable flex o inverter. Verificar conexión al motherboard.,Reparable,298.48,3.7
2431,Computadora,HP,Pavilion Desktop,All-in-One,Disco Duro/SSD,Error de formato al intentar reparar disco,Diagnóstico general: Error de formato al intentar reparar disco. Se requiere revisión técnica especializada.,Baja,Ejecutar optimización de disco. Liberar espacio en SSD para mejorar rendimiento.,Garantía vigente,155.61,0.9
2432,Laptop,Samsung,Galaxy Book3 Ultra,Chromebook,Batería,Sistema entra en hibernación repentino por batería,Problema de energía de batería. Sistema entra en hibernación repentino por batería. Evaluar seguridad de uso continuo.,Alta,Reemplazar batería con original de fabricante. No usar baterías genéricas.,Reparable,61.28,12.1
2433,Laptop,Dell,Alienware m16,Workstation,Pantalla,"Pantalla con imagen residual, burn-in en panel OLED","Fallo en sistema de visualización. Pantalla con imagen residual, burn-in en panel OLED. Verificar cable flex y controlador de backlight.",Baja,Calibrar pantalla y actualizar driver de vídeo. Ajustar perfil de color.,En diagnóstico,135.68,2.4
2434,Computadora,Apple,Mac Studio M2 Max,Gaming,Batería,Batería se calienta excesivamente durante la carga,Problema de energía de batería. Batería se calienta excesivamente durante la carga. Evaluar seguridad de uso continuo.,Media,Calibrar batería siguiendo procedimiento del fabricante. Verificar ciclo de carga.,Garantía vigente,106.87,5.2
2435,Laptop,ASUS,VivoBook S14,Premium,Conectividad,"WiFi no enciende, switch físico o función FN dañada","Diagnóstico general: WiFi no enciende, switch físico o función FN dañada. Se requiere revisión técnica especializada.",Alta,Reinstalar drivers. Verificar antenas internas. Reemplazar módulo M.2 si aplica.,Requiere reemplazo de componente,74.56,11.5
2436,Laptop,Lenovo,IdeaPad 5 Pro,Premium,Conectividad,"Interferencia WiFi por tarjeta gráfica, antena mal posicionada","Diagnóstico general: Interferencia WiFi por tarjeta gráfica, antena mal posicionada. Se requiere revisión técnica especializada.",Crítica,"Reemplazo de módulo WiFi/Bluetooth. Si es integrado, usar adaptador USB.",Fuera de servicio,51.5,27.9
2437,Laptop,Samsung,Galaxy Book2 Pro,Económica,Fuente de Poder,"PC no arranca, protección de sobrecorriente activada","Diagnóstico general: PC no arranca, protección de sobrecorriente activada. Se requiere revisión técnica especializada.",Crítica,Reemplazo inmediato de fuente. No intentar reparar por riesgo eléctrico.,Fuera de servicio,157.51,23.8
2438,Laptop,Acer,TravelMate P2,Workstation,Disco Duro/SSD,"Pantalla azul UNMOUNTABLE_BOOT_VOLUME, disco corrupto","Display con defecto. Pantalla azul UNMOUNTABLE_BOOT_VOLUME, disco corrupto. Reemplazo de panel recomendado si costo es viable.",Baja,Ejecutar optimización de disco. Liberar espacio en SSD para mejorar rendimiento.,En diagnóstico,210.15,3.4
2439,Computadora,ASUS,ROG Strix G10,Mini PC,Motherboard,"Motherboard con condensadores inflados, inestabilidad","Diagnóstico: Motherboard defectuosa. Motherboard con condensadores inflados, inestabilidad. Verificar todas las pistas y componentes SMD.",Baja,Limpieza profunda y rethermal. Verificar conexiones y reseat de componentes.,En diagnóstico,398.44,1.8
2440,Laptop,Acer,TravelMate P2,Chromebook,Conectividad,"Velocidad WiFi muy lenta, antena interna dañada","Diagnóstico general: Velocidad WiFi muy lenta, antena interna dañada. Se requiere revisión técnica especializada.",Baja,Resetear adaptador de red. Olvidar y reconectar redes WiFi.,En diagnóstico,88.22,2.7
2441,Laptop,Acer,TravelMate P2,Chromebook,RAM,Reinicios aleatorios por errores de memoria RAM,Fallo de memoria detectado. Reinicios aleatorios por errores de memoria RAM. Se recomienda reemplazar módulo defectuoso.,Media,Limpiar contactos con alcohol isopropílico. Reubicar módulos en slots diferentes.,Reparable,49.7,1.1
2442,Computadora,Apple,iMac 24 M3,Workstation,Audio,"Audio cortado al mover la pantalla, flex dañado","Fallo en sistema de visualización. Audio cortado al mover la pantalla, flex dañado. Verificar cable flex y controlador de backlight.",Media,Limpiar jack de audio. Verificar configuración de dispositivos de sonido.,En diagnóstico,53.87,4.7
2443,Computadora,MSI,Infinite RS 13th,Torre,Pantalla,"Flex de pantalla dañado, imagen intermitente","Diagnóstico: Panel o componentes de pantalla dañados. Flex de pantalla dañado, imagen intermitente. Probar con monitor externo para descartar GPU.",Baja,Calibrar pantalla y actualizar driver de vídeo. Ajustar perfil de color.,En diagnóstico,221.65,2.6
2444,Laptop,Samsung,Galaxy Book3 Ultra,2 en 1,RAM,Sistema no arranca con los dos módulos RAM instalados,Fallo de memoria detectado. Sistema no arranca con los dos módulos RAM instalados. Se recomienda reemplazar módulo defectuoso.,Media,Limpiar contactos con alcohol isopropílico. Reubicar módulos en slots diferentes.,Garantía vigente,25.95,5.6
2445,Computadora,Huawei,MateStation X,Mini PC,Disco Duro/SSD,SSD con escritura lenta después de 80% de capacidad,Diagnóstico general: SSD con escritura lenta después de 80% de capacidad. Se requiere revisión técnica especializada.,Media,Ejecutar CHKDSK y reparación de sectores. Monitorear SMART diariamente.,Reparable,91.77,2.1
2446,Computadora,ASUS,ExpertCenter D5,Micro,Disco Duro/SSD,"Sistema no arranca, sector de arranque dañado en disco","Diagnóstico general: Sistema no arranca, sector de arranque dañado en disco. Se requiere revisión técnica especializada.",Baja,Ejecutar optimización de disco. Liberar espacio en SSD para mejorar rendimiento.,Garantía vigente,208.31,0.6
2447,Computadora,Apple,iMac 24 M3,All-in-One,Batería,Batería no detectada por el sistema operativo,Problema de energía de batería. Batería no detectada por el sistema operativo. Evaluar seguridad de uso continuo.,Alta,Reemplazar batería con original de fabricante. No usar baterías genéricas.,Reparable,52.24,6.1
2448,Laptop,ASUS,ZenBook Pro 16,Ultrabook,Ventilación,"Ventilador hace ruido excesivo, rodamiento dañado","Diagnóstico general: Ventilador hace ruido excesivo, rodamiento dañado. Se requiere revisión técnica especializada.",Media,Limpieza de polvo con aire comprimido. Verificar RPM del ventilador.,Reparable,71.65,3.5
2449,Laptop,Toshiba,Dynabook E10,Premium,Sistema Operativo,"DLL faltante, aplicaciones no abren","Diagnóstico general: DLL faltante, aplicaciones no abren. Se requiere revisión técnica especializada.",Alta,Reparación de arranque con herramientas de recuperación. SFC y DISM.,Requiere reemplazo de componente,43.53,10.3
2450,Laptop,Acer,Aspire 5,Premium,Pantalla,"Flickering solo con batería, regulador de voltaje defectuoso","Diagnóstico: Batería defectuosa. Flickering solo con batería, regulador de voltaje defectuoso. Reemplazar con batería original certificada.",Crítica,Reemplazo completo de panel LCD/LED. Verificar disponibilidad de repuesto.,Requiere reemplazo de componente,300.01,4.9
2451,Laptop,ASUS,ProArt StudioBook,2 en 1,RAM,RAM causa corrupción de archivos en disco,Problema de memoria. RAM causa corrupción de archivos en disco. Revisar slots y limpieza de contactos con alcohol isopropílico.,Baja,Ejecutar diagnóstico de memoria extendido. Monitorear en próximos días.,Reparable,88.13,1.3
2452,Laptop,Huawei,MateBook X Pro,2 en 1,Audio,"Zumbido constante en altavoces, filtrado de ruido eléctrico","Diagnóstico general: Zumbido constante en altavoces, filtrado de ruido eléctrico. Se requiere revisión técnica especializada.",Media,Limpiar jack de audio. Verificar configuración de dispositivos de sonido.,En diagnóstico,31.75,4.1
2453,Laptop,Dell,Alienware m16,Chromebook,GPU,"Driver de GPU no instala, hardware no compatible","GPU fallida. Driver de GPU no instala, hardware no compatible. Si es integrada, motherboard necesita reemplazo.",Media,Reinstalar drivers con DDU. Verificar temperatura y ventilación de GPU.,Reparable,104.24,2.7
2454,Computadora,MSI,Aegis RS 13th,Torre,Batería,"Laptop se apaga al desconectar el cargador, batería muerta","Problema de energía de batería. Laptop se apaga al desconectar el cargador, batería muerta. Evaluar seguridad de uso continuo.",Alta,Reemplazar batería con original de fabricante. No usar baterías genéricas.,Reparable,89.57,12.4
2455,Computadora,Custom/Genérica,PC Gamer RTX 3060,Servidor,Batería,"Ciclos de carga excedidos, salud de batería crítica","Fallo en sistema de alimentación por batería. Ciclos de carga excedidos, salud de batería crítica. Reemplazo de batería necesario.",Media,Calibrar batería siguiendo procedimiento del fabricante. Verificar ciclo de carga.,Garantía vigente,35.59,1.4
2456,Laptop,Acer,TravelMate P2,Chromebook,RAM,"Pitidos continuos al encender, módulo RAM defectuoso","Fallo de memoria detectado. Pitidos continuos al encender, módulo RAM defectuoso. Se recomienda reemplazar módulo defectuoso.",Alta,Reemplazar módulo RAM dañado. Probar con módulo nuevo en slot afectado.,En diagnóstico,83.39,17.3
2457,Tablet,Amazon,Fire HD 10,Profesional,Puertos,"Puerto de carga suelto, conexión intermitente","Diagnóstico general: Puerto de carga suelto, conexión intermitente. Se requiere revisión técnica especializada.",Alta,Reparar soldadura de puerto dañado. Usar adaptador temporal mientras se repara.,Reparable,110.33,18.2
2458,Tablet,ASUS,ROG Flow Z13,2 en 1,Pantalla,"Pantalla táctil con calibración desviada, toques imprecisos","Pantalla defectuosa. Pantalla táctil con calibración desviada, toques imprecisos. Inspeccionar conexiones y testear con pantalla externa.",Alta,Reemplazar panel o componente de backlight. Cotizar reparación vs equipo nuevo.,Requiere reemplazo de componente,178.52,14.5
2459,Tablet,Xiaomi,Pad 6,Profesional,Teclado,"Teclado escribe caracteres incorrectos, layout mal configurado","Diagnóstico: Teclado defectuoso. Teclado escribe caracteres incorrectos, layout mal configurado. Reemplazo del conjunto recomendado.",Media,Limpiar contacto de teclas afectadas. Verificar flex de conexión.,Reparable,67.13,4.8
2460,Computadora,Apple,Mac Studio M2 Max,All-in-One,RAM,"Beep code 2 pitidos, error de parity check en RAM","Diagnóstico: Memoria RAM con errores. Beep code 2 pitidos, error de parity check en RAM. Ejecutar MemTest86 para confirmar sector dañado.",Crítica,Reemplazo inmediato de módulo RAM defectuoso. Verificar compatibilidad con placa madre.,En diagnóstico,99.16,11.6
2461,Tablet,Amazon,Fire HD 10,eReader,BIOS,Incompatibilidad de BIOS con nuevo hardware instalado,Diagnóstico: Corrupción de BIOS. Incompatibilidad de BIOS con nuevo hardware instalado. Procedimiento: Reflashing con método de recuperación del fabricante.,Media,Reset de CMOS y reconfiguración de BIOS. Actualizar a última versión estable.,En diagnóstico,133.52,5.1
2462,Computadora,Apple,Mac mini M2,Micro,Disco Duro/SSD,"Disco duro hace clic repetitivo, fallo mecánico inminente","Diagnóstico general: Disco duro hace clic repetitivo, fallo mecánico inminente. Se requiere revisión técnica especializada.",Crítica,Clonar disco inmediatamente si es posible. Reemplazo urgente de unidad. Recuperación de datos profesional.,En diagnóstico,240.88,8.6
2463,Tablet,Apple,iPad 10th Gen,Gaming,GPU,"Cuelgues al usar aplicaciones 3D, GPU sobrecalentada","GPU fallida. Cuelgues al usar aplicaciones 3D, GPU sobrecalentada. Si es integrada, motherboard necesita reemplazo.",Baja,Actualizar drivers de GPU. Ajustar configuración de rendimiento.,En diagnóstico,442.38,3.4
2464,Laptop,Lenovo,IdeaPad Gaming 3,Premium,Fuente de Poder,"PC no arranca, protección de sobrecorriente activada","Diagnóstico general: PC no arranca, protección de sobrecorriente activada. Se requiere revisión técnica especializada.",Alta,Reemplazar fuente con certificación adecuada. Verificar potencia necesaria.,En diagnóstico,95.26,14.3
2465,Computadora,HP,ProDesk 600 G6,Workstation,Pantalla,"Bisagra rota daña cable de pantalla, imagen se corta","Pantalla defectuosa. Bisagra rota daña cable de pantalla, imagen se corta. Inspeccionar conexiones y testear con pantalla externa.",Media,Reemplazar cable flex o inverter. Verificar conexión al motherboard.,Reparable,132.84,4.3
2466,Tablet,Lenovo,Tab P12 Pro,Estándar,Motherboard,Placa madre con cortocircuito en sección de alimentación,Diagnóstico general: Placa madre con cortocircuito en sección de alimentación. Se requiere revisión técnica especializada.,Media,Reparar pista o componente específico. Verificar todos los circuitos de alimentación.,Garantía vigente,251.34,1.2
2467,Computadora,Apple,iMac 24 M3,Torre,GPU,"GPU con throttling térmico severo, rendimiento reducido","Diagnóstico: Tarjeta gráfica defectuosa. GPU con throttling térmico severo, rendimiento reducido. Testear con FurMark para reproducir fallo.",Crítica,"Reemplazo de GPU dedicada. Si es integrada, reemplazo de motherboard.",Fuera de servicio,405.09,47.8
2468,Laptop,Acer,Predator Helios 16,Económica,RAM,Error de memoria al instalar nuevo módulo RAM,Problema de memoria. Error de memoria al instalar nuevo módulo RAM. Revisar slots y limpieza de contactos con alcohol isopropílico.,Media,Limpiar contactos con alcohol isopropílico. Reubicar módulos en slots diferentes.,Garantía vigente,48.0,5.2
2469,Laptop,Huawei,MateBook E Go,Empresarial,Disco Duro/SSD,"Disco duro no gira, motor spindle fallido","Diagnóstico general: Disco duro no gira, motor spindle fallido. Se requiere revisión técnica especializada.",Alta,Respaldar datos y reemplazar disco. Ejecutar recuperación con herramientas especializadas.,Requiere reemplazo de componente,152.13,12.8
2470,Computadora,Dell,Precision 3650,Micro,GPU,"Artefactos gráficos en pantalla, memoria VRAM dañada","Diagnóstico: Memoria RAM con errores. Artefactos gráficos en pantalla, memoria VRAM dañada. Ejecutar MemTest86 para confirmar sector dañado.",Baja,Actualizar drivers de GPU. Ajustar configuración de rendimiento.,En diagnóstico,260.92,2.5
2471,Laptop,Acer,Aspire 3,2 en 1,Ventilación,"Pasta térmica seca, temperatura CPU sobre 95°C","Diagnóstico general: Pasta térmica seca, temperatura CPU sobre 95°C. Se requiere revisión técnica especializada.",Crítica,Reemplazar disipador y ventilador. Reaplicar pasta térmica de calidad. Limpieza completa.,Requiere reemplazo de componente,69.1,22.3
2472,Tablet,Lenovo,Tab P12 Pro,Estándar,Ventilación,"Sistema se apaga por protección térmica, ventilación insuficiente","Problema de enfriamiento detectado. Sistema se apaga por protección térmica, ventilación insuficiente. Limpieza y mantenimiento preventivo requerido.",Media,Limpieza de polvo con aire comprimido. Verificar RPM del ventilador.,Garantía vigente,36.39,2.8
2473,Computadora,Custom/Genérica,PC Oficina i5-12400,Workstation,GPU,GPU integrada causa parpadeo en pantalla,Pantalla defectuosa. GPU integrada causa parpadeo en pantalla. Inspeccionar conexiones y testear con pantalla externa.,Alta,Reflow o reball de GPU. Reemplazar pasta térmica. Verificar alimentación.,Reparable,279.79,19.0
2474,Laptop,Dell,G15 Gaming,Chromebook,Pantalla,"Brillo de pantalla no ajusta, sensor ALS dañado","Pantalla defectuosa. Brillo de pantalla no ajusta, sensor ALS dañado. Inspeccionar conexiones y testear con pantalla externa.",Media,Reemplazar cable flex o inverter. Verificar conexión al motherboard.,Reparable,255.08,6.5
2475,Computadora,Custom/Genérica,PC Oficina i5-12400,All-in-One,Pantalla,"Pantalla parpadea constantemente, inverter defectuoso","Diagnóstico: Panel o componentes de pantalla dañados. Pantalla parpadea constantemente, inverter defectuoso. Probar con monitor externo para descartar GPU.",Alta,Reemplazar panel o componente de backlight. Cotizar reparación vs equipo nuevo.,Reparable,155.24,11.0
2476,Tablet,Apple,iPad Air M2,Estándar,BIOS,"Boot device not found, BIOS no lista ningún dispositivo arrancable","Fallo en firmware BIOS. Boot device not found, BIOS no lista ningún dispositivo arrancable. Se recomienda reemplazo de chip BIOS.",Baja,Actualizar BIOS a la última versión disponible. Reemplazar batería CMOS si es necesario.,Garantía vigente,146.77,3.6
2477,Computadora,HP,Pavilion Desktop,SFF,GPU,"GPU con throttling térmico severo, rendimiento reducido","GPU fallida. GPU con throttling térmico severo, rendimiento reducido. Si es integrada, motherboard necesita reemplazo.",Crítica,"Reemplazo de GPU dedicada. Si es integrada, reemplazo de motherboard.",Requiere reemplazo de componente,525.25,37.4
2478,Laptop,ASUS,ROG Strix G16,2 en 1,RAM,"Sistema lento, RAM al 100% con pocas aplicaciones abiertas","Error de memoria RAM. Sistema lento, RAM al 100% con pocas aplicaciones abiertas. Verificar compatibilidad y velocidad de módulos.",Baja,Ejecutar diagnóstico de memoria extendido. Monitorear en próximos días.,En diagnóstico,95.41,2.0
2479,Computadora,MSI,All-in-One PC AG271,Gaming,RAM,"Aplicaciones se cierran solas, RAM con sectores defectuosos","Inestabilidad por RAM defectuosa. Aplicaciones se cierran solas, RAM con sectores defectuosos. Probar módulos individualmente para aislar el dañado.",Media,Limpiar contactos con alcohol isopropílico. Reubicar módulos en slots diferentes.,En diagnóstico,80.34,1.7
2480,Laptop,Lenovo,ThinkBook 15,Chromebook,GPU,"Artefactos gráficos en pantalla, memoria VRAM dañada","Fallo de memoria detectado. Artefactos gráficos en pantalla, memoria VRAM dañada. Se recomienda reemplazar módulo defectuoso.",Baja,Actualizar drivers de GPU. Ajustar configuración de rendimiento.,En diagnóstico,309.95,2.9
2481,Computadora,MSI,Cubi 5,Servidor,RAM,"Aplicaciones se cierran solas, RAM con sectores defectuosos","Error de memoria RAM. Aplicaciones se cierran solas, RAM con sectores defectuosos. Verificar compatibilidad y velocidad de módulos.",Alta,Reemplazar módulo RAM dañado. Probar con módulo nuevo en slot afectado.,Requiere reemplazo de componente,59.23,12.9
2482,Tablet,Samsung,Galaxy Tab S6 Lite,Estándar,GPU,"GPU con throttling térmico severo, rendimiento reducido","Diagnóstico: Tarjeta gráfica defectuosa. GPU con throttling térmico severo, rendimiento reducido. Testear con FurMark para reproducir fallo.",Alta,Reflow o reball de GPU. Reemplazar pasta térmica. Verificar alimentación.,Reparable,566.16,20.8
2483,Computadora,Acer,Aspire XC,Mini PC,Disco Duro/SSD,"Disco duro no gira, motor spindle fallido","Diagnóstico general: Disco duro no gira, motor spindle fallido. Se requiere revisión técnica especializada.",Media,Ejecutar CHKDSK y reparación de sectores. Monitorear SMART diariamente.,Garantía vigente,181.38,2.2
2484,Computadora,Acer,Veriton X2680G,All-in-One,Sistema Operativo,"Error de registro, sistema no carga perfil de usuario","Diagnóstico general: Error de registro, sistema no carga perfil de usuario. Se requiere revisión técnica especializada.",Media,Restaurar sistema a punto anterior. Eliminar software problemático.,En diagnóstico,41.55,7.6
2485,Laptop,Dell,Inspiron 14 5000,Chromebook,GPU,"Cuelgues al usar aplicaciones 3D, GPU sobrecalentada","GPU con errores. Cuelgues al usar aplicaciones 3D, GPU sobrecalentada. Probar con drivers limpios usando DDU.",Alta,Reflow o reball de GPU. Reemplazar pasta térmica. Verificar alimentación.,Requiere reemplazo de componente,368.02,3.9
2486,Computadora,Acer,Nitro 50,SFF,Motherboard,Placa madre con cortocircuito en sección de alimentación,Diagnóstico general: Placa madre con cortocircuito en sección de alimentación. Se requiere revisión técnica especializada.,Baja,Limpieza profunda y rethermal. Verificar conexiones y reseat de componentes.,Reparable,463.04,2.3
2487,Laptop,Lenovo,ThinkPad X1 Carbon,Gaming,Disco Duro/SSD,Partición de recuperación inaccesible en disco,Diagnóstico general: Partición de recuperación inaccesible en disco. Se requiere revisión técnica especializada.,Baja,Ejecutar optimización de disco. Liberar espacio en SSD para mejorar rendimiento.,En diagnóstico,119.11,1.0
2488,Computadora,MSI,Aegis RS 13th,Gaming,Motherboard,"Motherboard con pista dañada, circuito abierto","Motherboard con daño eléctrico. Motherboard con pista dañada, circuito abierto. Inspeccionar con microscopio y multímetro.",Baja,Limpieza profunda y rethermal. Verificar conexiones y reseat de componentes.,Reparable,366.99,3.4
2489,Laptop,Lenovo,ThinkPad X1 Carbon,Ultrabook,Ventilación,"Ventilador hace ruido excesivo, rodamiento dañado","Diagnóstico general: Ventilador hace ruido excesivo, rodamiento dañado. Se requiere revisión técnica especializada.",Alta,Limpiar obstrucciones y reaplicar pasta térmica. Verificar heat pipes.,Reparable,18.07,21.3
2490,Tablet,Xiaomi,Pad 6 Pro,Estándar,Audio,"Altavoces con distorsión, membrana dañada","Diagnóstico general: Altavoces con distorsión, membrana dañada. Se requiere revisión técnica especializada.",Media,Limpiar jack de audio. Verificar configuración de dispositivos de sonido.,Reparable,19.03,1.5
2491,Laptop,Huawei,MateBook X Pro,2 en 1,Ventilación,"Sistema se apaga por protección térmica, ventilación insuficiente","Fallo en sistema térmico. Sistema se apaga por protección térmica, ventilación insuficiente. Limpiar obstrucciones y verificar RPM del ventilador.",Media,Limpieza de polvo con aire comprimido. Verificar RPM del ventilador.,Garantía vigente,28.38,1.9
2492,Computadora,Dell,G5 Gaming Desktop,Servidor,Fuente de Poder,"Fuente de poder no enciende, ventilador sin movimiento","Diagnóstico general: Fuente de poder no enciende, ventilador sin movimiento. Se requiere revisión técnica especializada.",Crítica,Reemplazo inmediato de fuente. No intentar reparar por riesgo eléctrico.,Fuera de servicio,96.09,16.1
2493,Tablet,Lenovo,Tab P12 Pro,Gaming,Disco Duro/SSD,"SSD con firmware corrupto, no monta partición","Diagnóstico general: SSD con firmware corrupto, no monta partición. Se requiere revisión técnica especializada.",Alta,Respaldar datos y reemplazar disco. Ejecutar recuperación con herramientas especializadas.,Requiere reemplazo de componente,74.41,20.6
2494,Computadora,Dell,Vostro 3710,Torre,Pantalla,"Bisagra rota daña cable de pantalla, imagen se corta","Display con defecto. Bisagra rota daña cable de pantalla, imagen se corta. Reemplazo de panel recomendado si costo es viable.",Crítica,Reemplazo completo de panel LCD/LED. Verificar disponibilidad de repuesto.,Requiere reemplazo de componente,310.74,43.6
2495,Laptop,Huawei,MateBook E Go,Económica,BIOS,BIOS no guarda cambios después de guardar y salir,Fallo en firmware BIOS. BIOS no guarda cambios después de guardar y salir. Se recomienda reemplazo de chip BIOS.,Media,Reset de CMOS y reconfiguración de BIOS. Actualizar a última versión estable.,Reparable,139.66,2.0
2496,Laptop,Acer,TravelMate P2,Chromebook,Conectividad,"Bluetooth no empareja dispositivos, stack dañado","Diagnóstico general: Bluetooth no empareja dispositivos, stack dañado. Se requiere revisión técnica especializada.",Baja,Resetear adaptador de red. Olvidar y reconectar redes WiFi.,En diagnóstico,80.33,3.9
2497,Laptop,Huawei,MateBook 14s,Económica,RAM,Reinicios aleatorios por errores de memoria RAM,Fallo de memoria detectado. Reinicios aleatorios por errores de memoria RAM. Se recomienda reemplazar módulo defectuoso.,Media,Limpiar contactos con alcohol isopropílico. Reubicar módulos en slots diferentes.,Garantía vigente,68.83,5.5
2498,Laptop,Samsung,Galaxy Book2 Pro,Workstation,Disco Duro/SSD,SSD con escritura lenta después de 80% de capacidad,Diagnóstico general: SSD con escritura lenta después de 80% de capacidad. Se requiere revisión técnica especializada.,Media,Ejecutar CHKDSK y reparación de sectores. Monitorear SMART diariamente.,Reparable,76.69,6.7
2499,Laptop,ASUS,ProArt StudioBook,Ultrabook,RAM,Pantalla azul MEMORY_MANAGEMENT al usar múltiples aplicaciones,Pantalla defectuosa. Pantalla azul MEMORY_MANAGEMENT al usar múltiples aplicaciones. Inspeccionar conexiones y testear con pantalla externa.,Baja,Ejecutar diagnóstico de memoria extendido. Monitorear en próximos días.,Garantía vigente,104.37,2.2
2500,Laptop,Apple,MacBook Pro 13 M2,Económica,Disco Duro/SSD,"Disco duro no gira, motor spindle fallido","Diagnóstico general: Disco duro no gira, motor spindle fallido. Se requiere revisión técnica especializada.",Baja,Ejecutar optimización de disco. Liberar espacio en SSD para mejorar rendimiento.,Garantía vigente,115.62,2.1
